timestamp,value,label
1126692000.000000,4.587939,400.000000
1126692000.000000,1.529313,400.000000
1126693800.000000,3.976214,400.000000
1126693800.000000,3.670352,400.000000
1126695600.000000,1.223451,400.000000
1126695600.000000,5.000000,400.000000
1126697400.000000,4.587939,400.000000
1126697400.000000,5.000000,400.000000
1126699200.000000,3.058626,400.000000
1126699200.000000,5.000000,400.000000
1126701000.000000,3.058626,400.000000
1126701000.000000,1.835176,400.000000
1126702800.000000,4.282077,400.000000
1126702800.000000,3.670352,400.000000
1126704600.000000,1.223451,400.000000
1126704600.000000,1.835176,400.000000
1126706400.000000,4.587939,400.000000
1126706400.000000,4.587939,400.000000
1126708200.000000,1.835176,400.000000
1126708200.000000,3.058626,400.000000
1126710000.000000,3.976214,400.000000
1126710000.000000,0.611725,400.000000
1126711800.000000,1.529313,400.000000
1126711800.000000,0.305863,400.000000
1126713600.000000,3.364489,400.000000
1126713600.000000,2.752764,400.000000
1126715400.000000,2.446901,400.000000
1126715400.000000,0.000000,400.000000
1126717200.000000,1.529313,120.000008
1126717200.000000,1.223451,120.000008
1126719000.000000,2.141038,120.000008
1126719000.000000,0.917588,120.000008
1126720800.000000,0.000000,120.000008
1126720800.000000,0.305863,250.200012
1126722600.000000,0.000000,123.500008
1126722600.000000,0.000000,121.400009
1126724400.000000,0.611725,120.000008
1126724400.000000,0.917588,120.000008
1126726200.000000,0.305863,120.700005
1126726200.000000,0.000000,243.200012
1126728000.000000,0.611725,127.000008
1126728000.000000,0.611725,120.000008
1126729800.000000,0.305863,122.800011
1126729800.000000,0.000000,120.000008
1126731600.000000,0.611725,120.700005
1126731600.000000,0.000000,236.900009
1126733400.000000,1.223451,127.000008
1126733400.000000,0.611725,124.200005
1126735200.000000,0.305863,122.100006
1126735200.000000,0.000000,121.400009
1126737000.000000,0.000000,120.000008
1126737000.000000,0.000000,232.700012
1126738800.000000,0.611725,127.000008
1126738800.000000,0.305863,126.300011
1126740600.000000,0.000000,120.000008
1126740600.000000,0.000000,123.500008
1126742400.000000,0.000000,120.700005
1126742400.000000,0.000000,228.500000
1126744200.000000,0.000000,127.000008
1126744200.000000,0.000000,125.600006
1126746000.000000,0.000000,124.200005
1126746000.000000,0.000000,122.800011
1126747800.000000,0.000000,120.000008
1126747800.000000,0.000000,227.800003
1126749600.000000,0.000000,126.300011
1126749600.000000,0.000000,125.600006
1126751400.000000,0.000000,123.500008
1126751400.000000,0.000000,122.100006
1126753200.000000,0.305863,123.500008
1126753200.000000,0.305863,220.800003
1126755000.000000,0.000000,127.700005
1126755000.000000,0.000000,124.200005
1126756800.000000,0.000000,127.700005
1126756800.000000,0.000000,122.100006
1126758600.000000,0.000000,122.800011
1126758600.000000,0.000000,214.500000
1126760400.000000,0.000000,129.800003
1126760400.000000,0.305863,127.000008
1126762200.000000,0.305863,127.700005
1126762200.000000,0.917588,125.600006
1126764000.000000,0.611725,120.700005
1126764000.000000,1.529313,210.300003
1126765800.000000,0.611725,131.200012
1126765800.000000,3.670352,126.300011
1126767600.000000,0.000000,127.700005
1126767600.000000,2.141038,125.600006
1126769400.000000,0.611725,122.100006
1126769400.000000,2.141038,208.900009
1126771200.000000,4.282077,126.300011
1126771200.000000,3.364489,128.400009
1126773000.000000,4.282077,126.300011
1126773000.000000,3.670352,127.700005
1126774800.000000,2.446901,126.300011
1126774800.000000,3.058626,200.500000
1126776600.000000,3.058626,131.900009
1126776600.000000,2.446901,129.100006
1126778400.000000,5.000000,126.300011
1126778400.000000,2.141038,127.700005
1126780200.000000,3.670352,126.300011
1126780200.000000,3.364489,197.700012
1126782000.000000,2.446901,126.300011
1126782000.000000,3.058626,127.700005
1126783800.000000,0.611725,127.700005
1126783800.000000,5.000000,131.900009
1126785600.000000,3.058626,125.600006
1126785600.000000,2.752764,196.300003
1126787400.000000,3.058626,126.300011
1126787400.000000,2.752764,129.800003
1126789200.000000,2.141038,130.500000
1126789200.000000,4.282077,126.300011
1126791000.000000,3.364489,131.200012
1126791000.000000,3.058626,194.900009
1126792800.000000,4.282077,126.300011
1126792800.000000,2.752764,128.400009
1126794600.000000,1.223451,127.000008
1126794600.000000,1.835176,129.800003
1126796400.000000,3.058626,126.300011
1126796400.000000,1.529313,190.700012
1126798200.000000,4.587939,134.700012
1126798200.000000,1.529313,124.200005
1126800000.000000,2.446901,127.000008
1126800000.000000,0.305863,127.700005
1126801800.000000,1.529313,129.800003
1126801800.000000,0.000000,189.300003
1126803600.000000,1.223451,130.500000
1126803600.000000,0.611725,130.500000
1126805400.000000,0.000000,129.100006
1126805400.000000,0.000000,126.300011
1126807200.000000,0.917588,127.700005
1126807200.000000,0.611725,188.600006
1126809000.000000,0.000000,133.300003
1126809000.000000,0.611725,129.100006
1126810800.000000,0.611725,128.400009
1126810800.000000,1.223451,128.400009
1126812600.000000,0.611725,127.700005
1126812600.000000,0.000000,178.100006
1126814400.000000,0.000000,134.700012
1126814400.000000,0.611725,134.000000
1126816200.000000,0.611725,127.000008
1126816200.000000,0.000000,130.500000
1126818000.000000,0.611725,126.300011
1126818000.000000,0.000000,176.700012
1126819800.000000,0.000000,131.900009
1126819800.000000,0.000000,134.000000
1126821600.000000,0.917588,131.200012
1126821600.000000,0.000000,131.200012
1126823400.000000,0.000000,129.800003
1126823400.000000,0.000000,168.300003
1126825200.000000,0.611725,134.000000
1126825200.000000,0.000000,131.900009
1126827000.000000,0.000000,134.700012
1126827000.000000,0.000000,126.300011
1126828800.000000,0.000000,128.400009
1126828800.000000,0.000000,172.500000
1126830600.000000,0.000000,129.800003
1126830600.000000,0.000000,136.800003
1126832400.000000,0.000000,131.200012
1126832400.000000,0.000000,131.900009
1126834200.000000,0.000000,131.900009
1126834200.000000,0.000000,162.000000
1126836000.000000,0.000000,134.700012
1126836000.000000,0.000000,129.100006
1126837800.000000,0.000000,136.100006
1126837800.000000,0.000000,132.600006
1126839600.000000,0.000000,128.400009
1126839600.000000,0.000000,163.400009
1126841400.000000,0.611725,134.700012
1126841400.000000,0.611725,131.900009
1126843200.000000,0.000000,131.200012
1126843200.000000,0.000000,133.300003
1126845000.000000,0.000000,133.300003
1126845000.000000,0.000000,160.600006
1126846800.000000,0.000000,134.000000
1126846800.000000,0.305863,131.200012
1126848600.000000,0.000000,134.000000
1126848600.000000,0.000000,131.900009
1126850400.000000,0.000000,131.900009
1126850400.000000,0.000000,154.300003
1126852200.000000,0.305863,136.100006
1126852200.000000,0.917588,134.700012
1126854000.000000,1.223451,131.900009
1126854000.000000,0.917588,135.400009
1126855800.000000,3.058626,133.300003
1126855800.000000,3.364489,155.700012
1126857600.000000,0.917588,131.900009
1126857600.000000,2.752764,132.600006
1126859400.000000,1.529313,134.700012
1126859400.000000,3.976214,130.500000
1126861200.000000,2.141038,134.700012
1126861200.000000,2.141038,148.000000
1126863000.000000,2.141038,137.500000
1126863000.000000,3.364489,134.700012
1126864800.000000,2.752764,134.700012
1126864800.000000,2.141038,134.000000
1126866600.000000,4.282077,131.900009
1126866600.000000,3.058626,152.900009
1126868400.000000,3.364489,130.500000
1126868400.000000,4.282077,140.300003
1126870200.000000,2.141038,133.300003
1126870200.000000,5.000000,134.000000
1126872000.000000,2.446901,134.000000
1126872000.000000,5.000000,146.600006
1126873800.000000,1.223451,136.800003
1126873800.000000,3.058626,126.300011
1126875600.000000,2.141038,138.200012
1126875600.000000,3.058626,131.900009
1126877400.000000,3.976214,138.200012
1126877400.000000,2.141038,148.700012
1126879200.000000,1.835176,134.000000
1126879200.000000,0.611725,131.900009
1126881000.000000,2.141038,131.200012
1126881000.000000,1.529313,136.100006
1126882800.000000,3.058626,134.000000
1126882800.000000,1.223451,150.100006
1126884600.000000,2.446901,136.100006
1126884600.000000,0.000000,132.600006
1126886400.000000,1.223451,127.000008
1126886400.000000,0.305863,136.100006
1126888200.000000,0.917588,138.200012
1126888200.000000,0.611725,141.700012
1126890000.000000,0.917588,138.900009
1126890000.000000,0.000000,134.700012
1126891800.000000,0.305863,134.000000
1126891800.000000,0.305863,129.800003
1126893600.000000,0.611725,131.200012
1126893600.000000,0.000000,152.200012
1126895400.000000,0.000000,134.700012
1126895400.000000,0.000000,134.700012
1126897200.000000,0.000000,134.000000
1126897200.000000,0.000000,135.400009
1126899000.000000,0.305863,130.500000
1126899000.000000,0.917588,144.500000
1126900800.000000,0.611725,136.800003
1126900800.000000,0.305863,132.600006
1126902600.000000,0.917588,139.600006
1126902600.000000,0.611725,133.300003
1126904400.000000,0.305863,131.900009
1126904400.000000,0.000000,143.100006
1126906200.000000,0.305863,131.900009
1126906200.000000,0.000000,138.900009
1126908000.000000,0.000000,131.200012
1126908000.000000,0.000000,134.700012
1126909800.000000,0.305863,131.200012
1126909800.000000,0.000000,141.000000
1126911600.000000,0.000000,136.100006
1126911600.000000,0.000000,136.800003
1126913400.000000,0.000000,134.700012
1126913400.000000,0.000000,134.700012
1126915200.000000,1.529313,135.400009
1126915200.000000,0.000000,140.300003
1126917000.000000,0.000000,134.700012
1126917000.000000,0.000000,134.700012
1126918800.000000,0.000000,131.200012
1126918800.000000,0.000000,141.700012
1126920600.000000,0.000000,131.200012
1126920600.000000,0.000000,141.000000
1126922400.000000,0.000000,134.000000
1126922400.000000,0.000000,135.400009
1126924200.000000,0.000000,134.000000
1126924200.000000,0.000000,132.600006
1126926000.000000,0.000000,138.900009
1126926000.000000,0.000000,139.600006
1126927800.000000,0.000000,131.900009
1126927800.000000,0.000000,136.800003
1126929600.000000,0.000000,129.800003
1126929600.000000,0.000000,138.200012
1126931400.000000,0.000000,131.200012
1126931400.000000,0.000000,147.300003
1126933200.000000,0.000000,129.800003
1126933200.000000,0.000000,136.800003
1126935000.000000,0.000000,132.600006
1126935000.000000,0.000000,131.200012
1126936800.000000,0.000000,133.300003
1126936800.000000,0.000000,141.700012
1126938600.000000,0.000000,136.100006
1126938600.000000,0.000000,135.400009
1126940400.000000,0.000000,136.100006
1126940400.000000,0.000000,135.400009
1126942200.000000,0.000000,131.200012
1126942200.000000,0.000000,141.700012
1126944000.000000,0.000000,129.800003
1126944000.000000,0.000000,137.500000
1126945800.000000,0.305863,129.800003
1126945800.000000,0.000000,137.500000
1126947600.000000,0.000000,133.300003
1126947600.000000,0.305863,143.800003
1126949400.000000,0.000000,134.700012
1126949400.000000,0.000000,129.800003
1126951200.000000,0.000000,133.300003
1126951200.000000,0.000000,134.000000
1126953000.000000,0.305863,136.100006
1126953000.000000,0.305863,136.800003
1126954800.000000,0.000000,134.700012
1126954800.000000,0.000000,141.700012
1126956600.000000,1.835176,132.600006
1126956600.000000,0.611725,129.800003
1126958400.000000,0.000000,130.500000
1126958400.000000,0.305863,140.300003
1126960200.000000,0.305863,132.600006
1126960200.000000,0.305863,134.700012
1126962000.000000,0.000000,138.200012
1126962000.000000,0.000000,131.900009
1126963800.000000,1.223451,135.400009
1126963800.000000,0.917588,135.400009
1126965600.000000,0.611725,135.400009
1126965600.000000,0.917588,137.500000
1126967400.000000,0.000000,134.000000
1126967400.000000,0.000000,135.400009
1126969200.000000,0.305863,131.200012
1126969200.000000,0.917588,138.200012
1126971000.000000,0.917588,127.700005
1126971000.000000,0.305863,135.400009
1126972800.000000,0.000000,136.100006
1126972800.000000,0.000000,140.300003
1126974600.000000,0.611725,131.200012
1126974600.000000,0.305863,134.700012
1126976400.000000,0.000000,137.500000
1126976400.000000,0.000000,133.300003
1126978200.000000,0.611725,133.300003
1126978200.000000,0.305863,132.600006
1126980000.000000,0.000000,134.700012
1126980000.000000,0.000000,140.300003
1126981800.000000,0.000000,129.100006
1126981800.000000,0.000000,139.600006
1126983600.000000,0.305863,131.900009
1126983600.000000,0.305863,134.000000
1126985400.000000,0.000000,133.300003
1126985400.000000,0.000000,134.000000
1126987200.000000,0.000000,134.700012
1126987200.000000,0.000000,136.800003
1126989000.000000,0.000000,136.800003
1126989000.000000,0.305863,130.500000
1126990800.000000,1.223451,134.000000
1126990800.000000,0.917588,138.200012
1126992600.000000,0.000000,134.000000
1126992600.000000,0.000000,129.100006
1126994400.000000,0.917588,133.300003
1126994400.000000,0.000000,131.900009
1126996200.000000,0.000000,133.300003
1126996200.000000,0.000000,143.800003
1126998000.000000,0.000000,136.800003
1126998000.000000,0.000000,136.800003
1126999800.000000,0.000000,129.800003
1126999800.000000,0.000000,131.900009
1127001600.000000,0.000000,134.000000
1127001600.000000,0.000000,131.200012
1127003400.000000,0.000000,129.800003
1127003400.000000,0.000000,134.700012
1127005200.000000,0.000000,139.600006
1127005200.000000,0.000000,135.400009
1127007000.000000,0.000000,134.000000
1127007000.000000,0.000000,132.600006
1127008800.000000,0.000000,132.600006
1127008800.000000,0.000000,134.000000
1127010600.000000,0.000000,129.100006
1127010600.000000,0.000000,136.100006
1127012400.000000,0.000000,139.600006
1127012400.000000,0.000000,135.400009
1127014200.000000,0.000000,131.200012
1127014200.000000,0.000000,131.900009
1127016000.000000,0.000000,138.200012
1127016000.000000,0.000000,132.600006
1127017800.000000,0.000000,132.600006
1127017800.000000,0.000000,136.800003
1127019600.000000,0.000000,135.400009
1127019600.000000,0.000000,135.400009
1127021400.000000,0.000000,126.300011
1127021400.000000,0.000000,133.300003
1127023200.000000,0.000000,133.300003
1127023200.000000,0.000000,135.400009
1127025000.000000,0.000000,136.100006
1127025000.000000,0.000000,132.600006
1127026800.000000,0.000000,135.400009
1127026800.000000,0.000000,131.200012
1127028600.000000,0.000000,135.400009
1127028600.000000,0.000000,130.500000
1127030400.000000,0.000000,137.500000
1127030400.000000,0.000000,136.100006
1127032200.000000,0.000000,131.200012
1127032200.000000,0.000000,134.000000
1127034000.000000,0.000000,131.200012
1127034000.000000,0.000000,135.400009
1127035800.000000,0.000000,129.800003
1127035800.000000,0.000000,136.100006
1127037600.000000,0.305863,136.100006
1127037600.000000,0.000000,130.500000
1127039400.000000,0.000000,132.600006
1127039400.000000,0.000000,135.400009
1127041200.000000,0.000000,133.300003
1127041200.000000,0.000000,135.400009
1127043000.000000,0.000000,133.300003
1127043000.000000,0.000000,134.700012
1127044800.000000,0.000000,136.100006
1127044800.000000,0.000000,131.200012
1127046600.000000,0.305863,127.700005
1127046600.000000,0.305863,132.600006
1127048400.000000,0.305863,136.100006
1127048400.000000,0.000000,137.500000
1127050200.000000,0.000000,129.100006
1127050200.000000,0.000000,132.600006
1127052000.000000,0.611725,141.000000
1127052000.000000,0.305863,134.000000
1127053800.000000,0.305863,134.700012
1127053800.000000,0.000000,130.500000
1127055600.000000,0.000000,135.400009
1127055600.000000,0.000000,137.500000
1127057400.000000,0.305863,125.600006
1127057400.000000,0.000000,128.400009
1127059200.000000,0.611725,131.900009
1127059200.000000,0.305863,136.800003
1127061000.000000,0.611725,134.700012
1127061000.000000,0.000000,137.500000
1127062800.000000,0.000000,138.200012
1127062800.000000,0.611725,131.200012
1127064600.000000,0.000000,129.800003
1127064600.000000,0.000000,129.100006
1127066400.000000,0.000000,134.000000
1127066400.000000,0.000000,133.300003
1127068200.000000,0.000000,133.300003
1127068200.000000,0.000000,136.100006
1127070000.000000,0.611725,135.400009
1127070000.000000,0.000000,129.800003
1127071800.000000,0.000000,129.800003
1127071800.000000,0.611725,133.300003
1127073600.000000,0.000000,133.300003
1127073600.000000,0.000000,135.400009
1127075400.000000,0.611725,133.300003
1127075400.000000,0.000000,136.100006
1127077200.000000,0.000000,135.400009
1127077200.000000,0.000000,129.100006
1127079000.000000,0.305863,130.500000
1127079000.000000,0.000000,130.500000
1127080800.000000,0.305863,136.800003
1127080800.000000,0.000000,136.100006
1127082600.000000,0.611725,129.100006
1127082600.000000,0.000000,131.900009
1127084400.000000,0.000000,134.000000
1127084400.000000,0.000000,131.900009
1127086200.000000,0.000000,134.000000
1127086200.000000,0.000000,136.100006
1127088000.000000,0.000000,136.100006
1127088000.000000,0.000000,138.900009
1127089800.000000,0.000000,127.000008
1127089800.000000,0.000000,125.600006
1127091600.000000,0.000000,136.100006
1127091600.000000,0.000000,133.300003
1127093400.000000,0.000000,132.600006
1127093400.000000,0.000000,135.400009
1127095200.000000,0.000000,131.900009
1127095200.000000,0.000000,131.200012
1127097000.000000,0.000000,131.900009
1127097000.000000,0.000000,136.800003
1127098800.000000,0.000000,131.900009
1127098800.000000,0.000000,133.300003
1127100600.000000,0.000000,130.500000
1127100600.000000,0.000000,132.600006
1127102400.000000,0.000000,136.800003
1127102400.000000,0.000000,129.800003
1127104200.000000,0.305863,131.200012
1127104200.000000,0.305863,134.000000
1127106000.000000,0.000000,136.800003
1127106000.000000,0.611725,134.700012
1127107800.000000,0.000000,131.900009
1127107800.000000,0.305863,131.200012
1127109600.000000,0.000000,131.900009
1127109600.000000,0.305863,132.600006
1127111400.000000,0.305863,131.900009
1127111400.000000,0.917588,132.600006
1127113200.000000,0.000000,139.600006
1127113200.000000,2.446901,130.500000
1127115000.000000,0.611725,129.100006
1127115000.000000,2.141038,132.600006
1127116800.000000,2.141038,136.100006
1127116800.000000,3.670352,130.500000
1127118600.000000,3.670352,131.200012
1127118600.000000,3.670352,133.300003
1127120400.000000,3.058626,133.300003
1127120400.000000,3.364489,132.600006
1127122200.000000,4.587939,129.800003
1127122200.000000,3.364489,131.900009
1127124000.000000,4.893802,136.100006
1127124000.000000,2.141038,134.000000
1127125800.000000,3.058626,131.200012
1127125800.000000,0.611725,134.000000
1127127600.000000,3.976214,132.600006
1127127600.000000,5.000000,128.400009
1127129400.000000,1.223451,136.100006
1127129400.000000,5.000000,130.500000
1127131200.000000,3.058626,134.000000
1127131200.000000,5.000000,135.400009
1127133000.000000,3.058626,132.600006
1127133000.000000,4.587939,130.500000
1127134800.000000,4.893802,134.000000
1127134800.000000,5.000000,129.800003
1127136600.000000,4.282077,130.500000
1127136600.000000,4.587939,136.800003
1127138400.000000,3.670352,134.700012
1127138400.000000,4.587939,129.100006
1127140200.000000,5.000000,133.300003
1127140200.000000,3.364489,130.500000
1127142000.000000,2.446901,134.700012
1127142000.000000,1.223451,134.700012
1127143800.000000,1.835176,129.100006
1127143800.000000,0.305863,128.400009
1127145600.000000,3.364489,137.500000
1127145600.000000,0.000000,132.600006
1127147400.000000,0.611725,131.200012
1127147400.000000,0.917588,136.100006
1127149200.000000,1.529313,134.700012
1127149200.000000,0.305863,126.300011
1127151000.000000,0.611725,133.300003
1127151000.000000,0.305863,131.900009
1127152800.000000,0.611725,133.300003
1127152800.000000,0.000000,132.600006
1127154600.000000,0.305863,130.500000
1127154600.000000,0.305863,131.200012
1127156400.000000,0.305863,137.500000
1127156400.000000,0.305863,128.400009
1127158200.000000,0.611725,128.400009
1127158200.000000,0.000000,134.000000
1127160000.000000,0.305863,131.200012
1127160000.000000,0.000000,131.900009
1127161800.000000,0.917588,136.100006
1127161800.000000,0.611725,133.300003
1127163600.000000,0.305863,133.300003
1127163600.000000,0.000000,131.200012
1127165400.000000,0.611725,132.600006
1127165400.000000,1.529313,128.400009
1127167200.000000,0.000000,132.600006
1127167200.000000,0.000000,129.800003
1127169000.000000,0.305863,137.500000
1127169000.000000,0.000000,135.400009
1127170800.000000,0.305863,128.400009
1127170800.000000,0.305863,131.900009
1127172600.000000,0.000000,136.800003
1127172600.000000,0.000000,129.800003
1127174400.000000,0.000000,131.900009
1127174400.000000,0.000000,131.900009
1127176200.000000,0.000000,133.300003
1127176200.000000,0.000000,129.800003
1127178000.000000,0.000000,136.100006
1127178000.000000,0.000000,130.500000
1127179800.000000,0.000000,131.200012
1127179800.000000,0.000000,133.300003
1127181600.000000,0.000000,130.500000
1127181600.000000,0.000000,132.600006
1127183400.000000,0.000000,131.900009
1127183400.000000,0.000000,132.600006
1127185200.000000,0.000000,131.900009
1127185200.000000,0.000000,134.000000
1127187000.000000,0.611725,131.200012
1127187000.000000,0.611725,133.300003
1127188800.000000,0.000000,134.000000
1127188800.000000,0.000000,129.100006
1127190600.000000,0.000000,129.800003
1127190600.000000,0.000000,129.800003
1127192400.000000,0.000000,136.100006
1127192400.000000,0.000000,128.400009
1127194200.000000,0.000000,134.700012
1127194200.000000,0.305863,129.100006
1127196000.000000,0.000000,134.700012
1127196000.000000,0.305863,134.000000
1127197800.000000,0.305863,127.000008
1127197800.000000,0.917588,132.600006
1127199600.000000,0.305863,134.700012
1127199600.000000,1.835176,129.800003
1127201400.000000,0.611725,130.500000
1127201400.000000,1.223451,137.500000
1127203200.000000,2.141038,128.400009
1127203200.000000,4.282077,129.100006
1127205000.000000,0.611725,136.800003
1127205000.000000,4.282077,130.500000
1127206800.000000,1.835176,134.000000
1127206800.000000,3.058626,129.100006
1127208600.000000,3.976214,130.500000
1127208600.000000,4.282077,127.700005
1127210400.000000,5.000000,134.000000
1127210400.000000,1.835176,132.600006
1127212200.000000,1.529313,133.300003
1127212200.000000,2.446901,136.800003
1127214000.000000,3.058626,130.500000
1127214000.000000,3.976214,129.800003
1127215800.000000,1.223451,129.100006
1127215800.000000,3.058626,131.900009
1127217600.000000,3.364489,129.100006
1127217600.000000,5.000000,133.300003
1127219400.000000,3.670352,132.600006
1127219400.000000,2.752764,131.900009
1127221200.000000,2.141038,136.800003
1127221200.000000,3.058626,127.700005
1127223000.000000,1.835176,131.900009
1127223000.000000,2.446901,130.500000
1127224800.000000,3.058626,132.600006
1127224800.000000,4.282077,133.300003
1127226600.000000,2.752764,133.300003
1127226600.000000,5.000000,129.100006
1127228400.000000,5.000000,136.100006
1127228400.000000,1.835176,134.700012
1127230200.000000,3.058626,129.100006
1127230200.000000,1.529313,128.400009
1127232000.000000,2.752764,129.800003
1127232000.000000,0.000000,127.700005
1127233800.000000,0.917588,133.300003
1127233800.000000,0.305863,131.200012
1127235600.000000,0.611725,134.700012
1127235600.000000,0.305863,134.000000
1127237400.000000,2.752764,134.000000
1127237400.000000,0.611725,131.900009
1127239200.000000,0.000000,131.200012
1127239200.000000,0.611725,125.600006
1127241000.000000,0.917588,129.800003
1127241000.000000,0.611725,127.700005
1127242800.000000,0.305863,133.300003
1127242800.000000,0.000000,134.000000
1127244600.000000,0.305863,132.600006
1127244600.000000,0.305863,138.200012
1127246400.000000,0.000000,128.400009
1127246400.000000,0.611725,130.500000
1127248200.000000,0.305863,131.900009
1127248200.000000,0.000000,128.400009
1127250000.000000,0.305863,131.200012
1127250000.000000,0.611725,131.900009
1127251800.000000,0.000000,131.200012
1127251800.000000,0.000000,131.200012
1127253600.000000,0.917588,135.400009
1127253600.000000,0.305863,129.800003
1127255400.000000,0.305863,131.200012
1127255400.000000,0.000000,130.500000
1127257200.000000,0.000000,130.500000
1127257200.000000,0.000000,128.400009
1127259000.000000,0.000000,138.200012
1127259000.000000,0.000000,129.100006
1127260800.000000,0.000000,129.800003
1127260800.000000,0.000000,133.300003
1127262600.000000,0.000000,131.900009
1127262600.000000,0.000000,131.200012
1127264400.000000,0.000000,130.500000
1127264400.000000,0.000000,136.100006
1127266200.000000,0.000000,131.900009
1127266200.000000,0.000000,126.300011
1127268000.000000,0.000000,131.200012
1127268000.000000,0.000000,130.500000
1127269800.000000,0.000000,136.100006
1127269800.000000,0.000000,131.900009
1127271600.000000,0.000000,130.500000
1127271600.000000,0.000000,131.200012
1127273400.000000,0.000000,129.100006
1127273400.000000,0.000000,131.900009
1127275200.000000,0.917588,135.400009
1127275200.000000,0.917588,124.900009
1127277000.000000,0.000000,134.000000
1127277000.000000,0.000000,135.400009
1127278800.000000,0.000000,127.000008
1127278800.000000,0.000000,130.500000
1127280600.000000,0.917588,129.800003
1127280600.000000,1.223451,129.800003
1127282400.000000,0.305863,129.100006
1127282400.000000,0.611725,136.100006
1127284200.000000,1.529313,131.900009
1127284200.000000,5.000000,131.900009
1127286000.000000,3.364489,135.400009
1127286000.000000,5.000000,128.400009
1127287800.000000,2.446901,133.300003
1127287800.000000,3.976214,131.200012
1127289600.000000,5.000000,130.500000
1127289600.000000,4.282077,126.300011
1127291400.000000,2.141038,128.400009
1127291400.000000,5.000000,131.900009
1127293200.000000,4.282077,130.500000
1127293200.000000,3.364489,136.100006
1127295000.000000,5.000000,131.900009
1127295000.000000,5.000000,130.500000
1127296800.000000,5.000000,129.800003
1127296800.000000,5.000000,133.300003
1127298600.000000,5.000000,134.700012
1127298600.000000,3.670352,129.100006
1127300400.000000,5.000000,130.500000
1127300400.000000,5.000000,133.300003
1127302200.000000,5.000000,136.100006
1127302200.000000,5.000000,125.600006
1127304000.000000,3.058626,125.600006
1127304000.000000,5.000000,124.200005
1127305800.000000,3.976214,134.700012
1127305800.000000,4.893802,133.300003
1127307600.000000,3.670352,131.200012
1127307600.000000,4.893802,133.300003
1127309400.000000,4.282077,135.400009
1127309400.000000,5.000000,135.400009
1127311200.000000,5.000000,127.700005
1127311200.000000,3.670352,130.500000
1127313000.000000,3.058626,127.000008
1127313000.000000,2.752764,131.900009
1127314800.000000,5.000000,131.200012
1127314800.000000,1.223451,130.500000
1127316600.000000,3.058626,128.400009
1127316600.000000,0.305863,128.400009
1127318400.000000,4.587939,131.900009
1127318400.000000,3.670352,128.400009
1127320200.000000,3.364489,136.100006
1127320200.000000,0.305863,131.900009
1127322000.000000,0.000000,132.600006
1127322000.000000,0.000000,131.200012
1127323800.000000,0.611725,134.000000
1127323800.000000,0.000000,129.800003
1127325600.000000,0.917588,128.400009
1127325600.000000,1.529313,131.200012
1127327400.000000,0.611725,130.500000
1127327400.000000,0.000000,131.900009
1127329200.000000,0.305863,131.200012
1127329200.000000,0.917588,129.100006
1127331000.000000,0.000000,128.400009
1127331000.000000,0.000000,131.900009
1127332800.000000,0.305863,130.500000
1127332800.000000,0.000000,133.300003
1127334600.000000,0.611725,130.500000
1127334600.000000,0.305863,129.800003
1127336400.000000,0.305863,129.800003
1127336400.000000,0.000000,130.500000
1127338200.000000,0.611725,138.200012
1127338200.000000,0.000000,130.500000
1127340000.000000,0.305863,127.000008
1127340000.000000,0.000000,127.000008
1127341800.000000,0.000000,130.500000
1127341800.000000,0.000000,136.100006
1127343600.000000,0.000000,130.500000
1127343600.000000,0.611725,131.200012
1127345400.000000,0.000000,126.300011
1127345400.000000,0.000000,134.000000
1127347200.000000,0.305863,134.000000
1127347200.000000,0.611725,125.600006
1127349000.000000,0.000000,131.200012
1127349000.000000,0.000000,130.500000
1127350800.000000,0.305863,132.600006
1127350800.000000,0.000000,130.500000
1127352600.000000,0.000000,130.500000
1127352600.000000,0.000000,126.300011
1127354400.000000,0.000000,129.800003
1127354400.000000,0.000000,132.600006
1127356200.000000,0.000000,132.600006
1127356200.000000,0.000000,131.900009
1127358000.000000,0.000000,129.100006
1127358000.000000,0.000000,136.800003
1127359800.000000,0.305863,132.600006
1127359800.000000,0.305863,128.400009
1127361600.000000,0.000000,124.900009
1127361600.000000,0.000000,130.500000
1127363400.000000,0.305863,131.900009
1127363400.000000,0.000000,130.500000
1127365200.000000,0.000000,132.600006
1127365200.000000,0.000000,131.900009
1127367000.000000,0.000000,132.600006
1127367000.000000,0.000000,126.300011
1127368800.000000,0.000000,128.400009
1127368800.000000,1.223451,129.100006
1127370600.000000,0.305863,131.200012
1127370600.000000,0.305863,134.700012
1127372400.000000,0.917588,125.600006
1127372400.000000,3.976214,131.900009
1127374200.000000,0.611725,134.700012
1127374200.000000,2.446901,132.600006
1127376000.000000,1.835176,127.000008
1127376000.000000,1.835176,128.400009
1127377800.000000,2.446901,127.700005
1127377800.000000,5.000000,136.100006
1127379600.000000,1.223451,128.400009
1127379600.000000,2.752764,133.300003
1127381400.000000,2.446901,129.800003
1127381400.000000,1.835176,129.100006
1127383200.000000,5.000000,135.400009
1127383200.000000,3.364489,129.800003
1127385000.000000,4.282077,129.800003
1127385000.000000,3.058626,134.700012
1127386800.000000,2.446901,131.900009
1127386800.000000,5.000000,129.800003
1127388600.000000,2.446901,127.700005
1127388600.000000,4.893802,129.100006
1127390400.000000,4.587939,131.900009
1127390400.000000,5.000000,127.000008
1127392200.000000,3.670352,133.300003
1127392200.000000,5.000000,129.100006
1127394000.000000,1.223451,126.300011
1127394000.000000,0.917588,134.700012
1127395800.000000,2.141038,134.700012
1127395800.000000,1.835176,128.400009
1127397600.000000,2.752764,124.900009
1127397600.000000,4.282077,131.200012
1127399400.000000,1.223451,130.500000
1127399400.000000,1.835176,127.700005
1127401200.000000,2.141038,130.500000
1127401200.000000,2.752764,136.100006
1127403000.000000,4.282077,132.600006
1127403000.000000,0.611725,127.700005
1127404800.000000,4.893802,129.100006
1127404800.000000,0.305863,129.100006
1127406600.000000,2.752764,129.100006
1127406600.000000,0.305863,131.200012
1127408400.000000,0.305863,130.500000
1127408400.000000,0.611725,129.100006
1127410200.000000,1.223451,133.300003
1127410200.000000,0.917588,130.500000
1127412000.000000,0.305863,131.900009
1127412000.000000,0.000000,129.100006
1127413800.000000,0.305863,132.600006
1127413800.000000,0.611725,130.500000
1127415600.000000,0.000000,129.800003
1127415600.000000,0.000000,129.800003
1127417400.000000,1.223451,124.900009
1127417400.000000,0.611725,129.100006
1127419200.000000,0.917588,133.300003
1127419200.000000,0.611725,133.300003
1127421000.000000,0.305863,130.500000
1127421000.000000,0.000000,129.100006
1127422800.000000,0.305863,133.300003
1127422800.000000,0.305863,130.500000
1127424600.000000,0.305863,129.100006
1127424600.000000,0.000000,132.600006
1127426400.000000,0.611725,126.300011
1127426400.000000,0.305863,128.400009
1127428200.000000,0.000000,135.400009
1127428200.000000,0.000000,127.700005
1127430000.000000,0.611725,128.400009
1127430000.000000,0.305863,129.800003
1127431800.000000,0.305863,128.400009
1127431800.000000,0.000000,131.900009
1127433600.000000,0.305863,128.400009
1127433600.000000,0.000000,131.900009
1127435400.000000,0.000000,129.100006
1127435400.000000,0.000000,131.200012
1127437200.000000,0.000000,136.100006
1127437200.000000,0.000000,130.500000
1127439000.000000,0.000000,129.100006
1127439000.000000,0.000000,129.100006
1127440800.000000,0.000000,128.400009
1127440800.000000,0.000000,126.300011
1127442600.000000,0.000000,131.200012
1127442600.000000,0.000000,130.500000
1127444400.000000,0.000000,131.200012
1127444400.000000,0.000000,132.600006
1127446200.000000,0.000000,134.700012
1127446200.000000,0.000000,129.100006
1127448000.000000,0.611725,127.700005
1127448000.000000,0.917588,127.000008
1127449800.000000,0.000000,130.500000
1127449800.000000,0.000000,126.300011
1127451600.000000,0.000000,131.900009
1127451600.000000,0.000000,131.900009
1127453400.000000,0.000000,131.200012
1127453400.000000,0.305863,130.500000
1127455200.000000,0.305863,131.900009
1127455200.000000,0.000000,127.000008
1127457000.000000,1.223451,130.500000
1127457000.000000,2.752764,129.100006
1127458800.000000,0.611725,129.800003
1127458800.000000,1.835176,136.100006
1127460600.000000,1.223451,128.400009
1127460600.000000,4.587939,127.700005
1127462400.000000,2.141038,131.200012
1127462400.000000,5.000000,126.300011
1127464200.000000,2.141038,130.500000
1127464200.000000,3.058626,134.000000
1127466000.000000,3.058626,127.700005
1127466000.000000,4.282077,130.500000
1127467800.000000,4.282077,129.800003
1127467800.000000,4.282077,130.500000
1127469600.000000,5.000000,130.500000
1127469600.000000,4.282077,129.800003
1127471400.000000,3.670352,132.600006
1127471400.000000,1.529313,130.500000
1127473200.000000,4.282077,128.400009
1127473200.000000,5.000000,127.700005
1127475000.000000,4.893802,131.900009
1127475000.000000,5.000000,127.700005
1127476800.000000,3.976214,131.900009
1127476800.000000,5.000000,130.500000
1127478600.000000,3.976214,127.000008
1127478600.000000,3.364489,133.300003
1127480400.000000,2.752764,125.600006
1127480400.000000,3.670352,133.300003
1127482200.000000,2.446901,131.200012
1127482200.000000,1.835176,130.500000
1127484000.000000,2.446901,133.300003
1127484000.000000,1.529313,127.000008
1127485800.000000,2.752764,129.100006
1127485800.000000,3.670352,131.200012
1127487600.000000,3.058626,129.100006
1127487600.000000,1.529313,133.300003
1127489400.000000,2.446901,127.000008
1127489400.000000,1.223451,126.300011
1127491200.000000,0.611725,131.200012
1127491200.000000,1.529313,130.500000
1127493000.000000,3.364489,128.400009
1127493000.000000,0.917588,129.800003
1127494800.000000,1.223451,131.200012
1127494800.000000,0.000000,131.200012
1127496600.000000,0.611725,129.100006
1127496600.000000,0.611725,128.400009
1127498400.000000,0.917588,127.000008
1127498400.000000,0.000000,129.800003
1127500200.000000,1.223451,135.400009
1127500200.000000,0.305863,132.600006
1127502000.000000,0.305863,129.800003
1127502000.000000,0.000000,127.700005
1127503800.000000,0.000000,129.100006
1127503800.000000,0.305863,130.500000
1127505600.000000,0.000000,126.300011
1127505600.000000,0.917588,129.800003
1127507400.000000,0.000000,128.400009
1127507400.000000,0.000000,130.500000
1127509200.000000,0.000000,135.400009
1127509200.000000,0.000000,127.700005
1127511000.000000,0.000000,131.900009
1127511000.000000,0.000000,134.700012
1127512800.000000,0.305863,127.000008
1127512800.000000,0.611725,129.100006
1127514600.000000,0.305863,129.100006
1127514600.000000,0.000000,129.800003
1127516400.000000,0.000000,127.700005
1127516400.000000,0.000000,128.400009
1127518200.000000,0.611725,129.100006
1127518200.000000,0.305863,129.800003
1127520000.000000,0.305863,127.700005
1127520000.000000,0.000000,130.500000
1127521800.000000,0.000000,128.400009
1127521800.000000,0.000000,129.800003
1127523600.000000,0.000000,131.200012
1127523600.000000,0.000000,134.700012
1127525400.000000,0.000000,129.100006
1127525400.000000,0.000000,131.900009
1127527200.000000,0.000000,131.200012
1127527200.000000,0.000000,129.100006
1127529000.000000,0.000000,129.100006
1127529000.000000,0.000000,128.400009
1127530800.000000,0.000000,124.900009
1127530800.000000,0.000000,129.100006
1127532600.000000,0.000000,127.700005
1127532600.000000,0.000000,130.500000
1127534400.000000,0.000000,129.100006
1127534400.000000,0.000000,129.100006
1127536200.000000,0.000000,131.900009
1127536200.000000,0.000000,129.800003
1127538000.000000,0.000000,133.300003
1127538000.000000,0.000000,128.400009
1127539800.000000,0.000000,130.500000
1127539800.000000,0.000000,129.100006
1127541600.000000,0.000000,134.000000
1127541600.000000,0.000000,127.000008
1127543400.000000,0.611725,128.400009
1127543400.000000,0.305863,130.500000
1127545200.000000,0.000000,129.100006
1127545200.000000,0.305863,129.800003
1127547000.000000,0.000000,129.800003
1127547000.000000,0.000000,131.200012
1127548800.000000,0.000000,127.000008
1127548800.000000,0.305863,129.100006
1127550600.000000,0.000000,129.100006
1127550600.000000,0.611725,131.900009
1127552400.000000,0.917588,129.800003
1127552400.000000,0.917588,131.200012
1127554200.000000,0.000000,131.200012
1127554200.000000,0.000000,128.400009
1127556000.000000,0.611725,130.500000
1127556000.000000,0.000000,128.400009
1127557800.000000,0.000000,129.100006
1127557800.000000,0.305863,131.200012
1127559600.000000,1.529313,128.400009
1127559600.000000,0.305863,128.400009
1127561400.000000,0.305863,128.400009
1127561400.000000,1.223451,127.700005
1127563200.000000,0.305863,129.800003
1127563200.000000,1.223451,135.400009
1127565000.000000,0.000000,128.400009
1127565000.000000,0.000000,132.600006
1127566800.000000,0.305863,124.900009
1127566800.000000,0.305863,131.200012
1127568600.000000,0.917588,129.100006
1127568600.000000,0.305863,125.600006
1127570400.000000,0.611725,135.400009
1127570400.000000,0.611725,123.500008
1127572200.000000,0.000000,127.000008
1127572200.000000,0.000000,131.900009
1127574000.000000,0.611725,133.300003
1127574000.000000,0.305863,128.400009
1127575800.000000,0.917588,128.400009
1127575800.000000,0.611725,129.800003
1127577600.000000,0.000000,132.600006
1127577600.000000,0.000000,130.500000
1127579400.000000,0.000000,124.200005
1127579400.000000,0.000000,134.700012
1127581200.000000,0.000000,129.100006
1127581200.000000,0.000000,129.800003
1127583000.000000,0.305863,129.800003
1127583000.000000,0.000000,127.700005
1127584800.000000,0.000000,128.400009
1127584800.000000,0.000000,129.100006
1127586600.000000,0.000000,125.600006
1127586600.000000,0.000000,130.500000
1127588400.000000,0.000000,131.900009
1127588400.000000,0.000000,130.500000
1127590200.000000,0.000000,132.600006
1127590200.000000,0.000000,128.400009
1127592000.000000,0.000000,127.700005
1127592000.000000,0.000000,129.800003
1127593800.000000,0.305863,129.100006
1127593800.000000,0.000000,131.900009
1127595600.000000,0.305863,127.000008
1127595600.000000,0.000000,130.500000
1127597400.000000,0.000000,129.800003
1127597400.000000,0.000000,128.400009
1127599200.000000,0.000000,124.200005
1127599200.000000,0.000000,134.700012
1127601000.000000,0.305863,127.700005
1127601000.000000,0.000000,129.800003
1127602800.000000,0.000000,129.800003
1127602800.000000,0.000000,127.700005
1127604600.000000,0.000000,129.800003
1127604600.000000,0.000000,129.800003
1127606400.000000,0.000000,130.500000
1127606400.000000,0.000000,130.500000
1127608200.000000,0.000000,126.300011
1127608200.000000,0.000000,129.100006
1127610000.000000,0.000000,131.200012
1127610000.000000,0.000000,129.100006
1127611800.000000,0.000000,127.700005
1127611800.000000,0.000000,132.600006
1127613600.000000,0.000000,130.500000
1127613600.000000,0.000000,127.700005
1127615400.000000,0.000000,129.100006
1127615400.000000,0.000000,129.800003
1127617200.000000,0.000000,131.200012
1127617200.000000,0.000000,131.200012
1127619000.000000,0.000000,126.300011
1127619000.000000,0.000000,126.300011
1127620800.000000,0.000000,128.400009
1127620800.000000,0.000000,124.900009
1127622600.000000,0.000000,133.300003
1127622600.000000,0.000000,131.200012
1127624400.000000,0.000000,130.500000
1127624400.000000,0.000000,129.100006
1127626200.000000,0.305863,127.000008
1127626200.000000,0.000000,131.900009
1127628000.000000,0.000000,129.100006
1127628000.000000,0.000000,131.900009
1127629800.000000,0.000000,128.400009
1127629800.000000,0.000000,127.700005
1127631600.000000,0.000000,129.800003
1127631600.000000,0.000000,131.200012
1127633400.000000,0.000000,127.000008
1127633400.000000,0.305863,128.400009
1127635200.000000,0.000000,130.500000
1127635200.000000,0.000000,126.300011
1127637000.000000,0.000000,131.200012
1127637000.000000,0.305863,129.800003
1127638800.000000,0.305863,125.600006
1127638800.000000,0.000000,131.200012
1127640600.000000,0.000000,135.400009
1127640600.000000,0.000000,127.700005
1127642400.000000,0.305863,128.400009
1127642400.000000,0.305863,127.700005
1127644200.000000,0.611725,127.700005
1127644200.000000,0.000000,130.500000
1127646000.000000,0.000000,131.900009
1127646000.000000,0.305863,130.500000
1127647800.000000,0.305863,125.600006
1127647800.000000,0.611725,124.900009
1127649600.000000,0.611725,130.500000
1127649600.000000,0.611725,130.500000
1127651400.000000,0.305863,129.100006
1127651400.000000,0.611725,128.400009
1127653200.000000,0.611725,133.300003
1127653200.000000,0.305863,127.700005
1127655000.000000,0.000000,127.000008
1127655000.000000,0.305863,129.800003
1127656800.000000,0.611725,130.500000
1127656800.000000,0.611725,127.700005
1127658600.000000,0.000000,129.100006
1127658600.000000,0.000000,131.900009
1127660400.000000,0.917588,127.700005
1127660400.000000,0.305863,129.100006
1127662200.000000,0.305863,131.900009
1127662200.000000,0.305863,127.700005
1127664000.000000,0.611725,128.400009
1127664000.000000,0.000000,129.100006
1127665800.000000,0.611725,129.100006
1127665800.000000,0.000000,128.400009
1127667600.000000,0.917588,129.100006
1127667600.000000,0.305863,127.700005
1127669400.000000,0.000000,133.300003
1127669400.000000,0.305863,127.700005
1127671200.000000,0.000000,131.200012
1127671200.000000,0.611725,130.500000
1127673000.000000,0.000000,129.800003
1127673000.000000,0.000000,125.600006
1127674800.000000,0.611725,124.900009
1127674800.000000,0.305863,127.000008
1127676600.000000,0.000000,127.000008
1127676600.000000,0.000000,128.400009
1127678400.000000,0.305863,129.800003
1127678400.000000,0.305863,130.500000
1127680200.000000,0.917588,131.200012
1127680200.000000,0.000000,133.300003
1127682000.000000,0.000000,132.600006
1127682000.000000,0.305863,127.000008
1127683800.000000,0.611725,127.000008
1127683800.000000,0.305863,122.100006
1127685600.000000,0.611725,131.900009
1127685600.000000,0.000000,132.600006
1127687400.000000,0.000000,128.400009
1127687400.000000,0.000000,127.700005
1127689200.000000,0.000000,134.000000
1127689200.000000,0.000000,127.000008
1127691000.000000,0.000000,132.600006
1127691000.000000,0.000000,129.100006
1127692800.000000,0.305863,128.400009
1127692800.000000,0.000000,127.700005
1127694600.000000,0.000000,127.000008
1127694600.000000,0.000000,125.600006
1127696400.000000,0.000000,127.000008
1127696400.000000,0.000000,129.800003
1127698200.000000,0.000000,128.400009
1127698200.000000,0.000000,132.600006
1127700000.000000,0.000000,134.000000
1127700000.000000,0.000000,127.000008
1127701800.000000,0.000000,128.400009
1127701800.000000,0.000000,126.300011
1127703600.000000,0.000000,129.100006
1127703600.000000,0.000000,132.600006
1127705400.000000,0.000000,130.500000
1127705400.000000,0.000000,124.200005
1127707200.000000,0.000000,126.300011
1127707200.000000,0.000000,132.600006
1127709000.000000,0.000000,130.500000
1127709000.000000,0.000000,126.300011
1127710800.000000,0.917588,127.700005
1127710800.000000,0.917588,127.700005
1127712600.000000,0.000000,128.400009
1127712600.000000,0.305863,128.400009
1127714400.000000,0.611725,131.200012
1127714400.000000,0.917588,127.000008
1127716200.000000,0.000000,134.700012
1127716200.000000,1.223451,127.700005
1127718000.000000,0.611725,131.200012
1127718000.000000,2.446901,131.200012
1127719800.000000,0.611725,126.300011
1127719800.000000,2.752764,131.200012
1127721600.000000,3.670352,129.800003
1127721600.000000,5.000000,125.600006
1127723400.000000,3.364489,126.300011
1127723400.000000,2.752764,127.700005
1127725200.000000,3.058626,127.000008
1127725200.000000,5.000000,129.800003
1127727000.000000,3.976214,129.800003
1127727000.000000,2.141038,129.100006
1127728800.000000,5.000000,134.000000
1127728800.000000,2.446901,127.700005
1127730600.000000,3.670352,126.300011
1127730600.000000,1.835176,127.700005
1127732400.000000,1.223451,133.300003
1127732400.000000,5.000000,122.800011
1127734200.000000,2.141038,131.200012
1127734200.000000,3.976214,129.800003
1127736000.000000,2.446901,124.900009
1127736000.000000,4.893802,127.000008
1127737800.000000,3.058626,129.800003
1127737800.000000,3.976214,127.700005
1127739600.000000,2.752764,128.400009
1127739600.000000,3.364489,130.500000
1127741400.000000,4.587939,127.700005
1127741400.000000,1.529313,128.400009
1127743200.000000,2.141038,131.900009
1127743200.000000,3.058626,129.800003
1127745000.000000,2.141038,130.500000
1127745000.000000,4.893802,128.400009
1127746800.000000,3.670352,129.800003
1127746800.000000,0.917588,127.000008
1127748600.000000,5.000000,128.400009
1127748600.000000,1.529313,127.000008
1127750400.000000,2.141038,128.400009
1127750400.000000,1.835176,128.400009
1127752200.000000,1.529313,126.300011
1127752200.000000,0.611725,127.700005
1127754000.000000,1.223451,129.800003
1127754000.000000,0.611725,128.400009
1127755800.000000,0.305863,133.300003
1127755800.000000,0.305863,131.200012
1127757600.000000,0.917588,129.800003
1127757600.000000,0.000000,130.500000
1127759400.000000,1.529313,129.100006
1127759400.000000,0.000000,123.500008
1127761200.000000,0.305863,127.700005
1127761200.000000,1.223451,129.100006
1127763000.000000,0.000000,125.600006
1127763000.000000,0.000000,126.300011
1127764800.000000,0.000000,135.400009
1127764800.000000,0.000000,125.600006
1127766600.000000,0.305863,131.900009
1127766600.000000,0.000000,131.200012
1127768400.000000,0.611725,127.700005
1127768400.000000,0.305863,127.700005
1127770200.000000,0.305863,131.900009
1127770200.000000,0.000000,126.300011
1127772000.000000,0.000000,127.700005
1127772000.000000,0.000000,129.800003
1127773800.000000,0.000000,124.200005
1127773800.000000,0.000000,129.100006
1127775600.000000,0.305863,127.700005
1127775600.000000,0.000000,126.300011
1127777400.000000,0.000000,131.200012
1127777400.000000,0.000000,127.700005
1127779200.000000,0.000000,135.400009
1127779200.000000,0.000000,128.400009
1127781000.000000,0.000000,129.100006
1127781000.000000,0.000000,126.300011
1127782800.000000,0.000000,126.300011
1127782800.000000,0.000000,128.400009
1127784600.000000,0.000000,127.700005
1127784600.000000,0.000000,132.600006
1127786400.000000,0.000000,130.500000
1127786400.000000,0.000000,126.300011
1127788200.000000,0.000000,129.100006
1127788200.000000,0.000000,128.400009
1127790000.000000,0.000000,129.100006
1127790000.000000,0.000000,128.400009
1127791800.000000,0.611725,130.500000
1127791800.000000,0.611725,123.500008
1127793600.000000,0.000000,131.200012
1127793600.000000,0.000000,128.400009
1127795400.000000,0.305863,127.000008
1127795400.000000,0.000000,128.400009
1127797200.000000,0.611725,134.700012
1127797200.000000,1.529313,129.800003
1127799000.000000,0.305863,128.400009
1127799000.000000,0.000000,126.300011
1127800800.000000,0.000000,126.300011
1127800800.000000,0.305863,124.900009
1127802600.000000,0.000000,133.300003
1127802600.000000,1.223451,125.600006
1127804400.000000,0.611725,128.400009
1127804400.000000,2.141038,129.800003
1127806200.000000,1.223451,127.700005
1127806200.000000,5.000000,130.500000
1127808000.000000,2.141038,131.900009
1127808000.000000,4.282077,126.300011
1127809800.000000,2.141038,129.100006
1127809800.000000,3.670352,125.600006
1127811600.000000,4.587939,124.200005
1127811600.000000,4.893802,125.600006
1127813400.000000,5.000000,131.200012
1127813400.000000,2.752764,129.800003
1127815200.000000,5.000000,130.500000
1127815200.000000,5.000000,132.600006
1127817000.000000,3.670352,127.700005
1127817000.000000,5.000000,131.900009
1127818800.000000,1.529313,127.000008
1127818800.000000,3.364489,130.500000
1127820600.000000,4.587939,126.300011
1127820600.000000,5.000000,126.300011
1127822400.000000,1.835176,124.900009
1127822400.000000,5.000000,124.900009
1127824200.000000,2.752764,132.600006
1127824200.000000,5.000000,126.300011
1127826000.000000,5.000000,131.200012
1127826000.000000,5.000000,131.200012
1127827800.000000,3.976214,127.700005
1127827800.000000,3.058626,128.400009
1127829600.000000,3.364489,131.900009
1127829600.000000,3.058626,126.300011
1127831400.000000,5.000000,128.400009
1127831400.000000,2.752764,127.000008
1127833200.000000,2.141038,127.700005
1127833200.000000,1.835176,129.100006
1127835000.000000,3.058626,127.000008
1127835000.000000,2.141038,124.900009
1127836800.000000,2.752764,127.700005
1127836800.000000,1.835176,132.600006
1127838600.000000,3.976214,127.000008
1127838600.000000,1.835176,131.900009
1127840400.000000,1.835176,132.600006
1127840400.000000,0.917588,128.400009
1127842200.000000,0.611725,129.100006
1127842200.000000,1.223451,127.000008
1127844000.000000,0.917588,127.000008
1127844000.000000,0.611725,126.300011
1127845800.000000,0.611725,131.900009
1127845800.000000,0.000000,127.700005
1127847600.000000,1.223451,126.300011
1127847600.000000,0.000000,127.000008
1127849400.000000,0.305863,127.700005
1127849400.000000,0.000000,131.900009
1127851200.000000,0.305863,134.000000
1127851200.000000,0.305863,128.400009
1127853000.000000,1.223451,127.000008
1127853000.000000,1.223451,124.200005
1127854800.000000,0.611725,127.000008
1127854800.000000,0.000000,127.700005
1127856600.000000,0.000000,131.900009
1127856600.000000,0.000000,123.500008
1127858400.000000,0.611725,128.400009
1127858400.000000,0.305863,126.300011
1127860200.000000,0.305863,131.200012
1127860200.000000,0.305863,131.200012
1127862000.000000,0.000000,131.900009
1127862000.000000,0.000000,129.100006
1127863800.000000,0.000000,127.000008
1127863800.000000,0.000000,125.600006
1127865600.000000,0.000000,128.400009
1127865600.000000,0.000000,129.100006
1127867400.000000,0.305863,125.600006
1127867400.000000,0.000000,127.000008
1127869200.000000,0.000000,126.300011
1127869200.000000,0.000000,127.000008
1127871000.000000,0.000000,127.700005
1127871000.000000,0.000000,128.400009
1127872800.000000,0.000000,134.700012
1127872800.000000,0.000000,130.500000
1127874600.000000,0.000000,127.000008
1127874600.000000,0.000000,127.700005
1127876400.000000,0.611725,129.800003
1127876400.000000,0.611725,127.000008
1127878200.000000,0.305863,129.800003
1127878200.000000,0.305863,127.700005
1127880000.000000,0.611725,127.000008
1127880000.000000,0.611725,126.300011
1127881800.000000,0.000000,126.300011
1127881800.000000,0.305863,131.900009
1127883600.000000,0.611725,129.800003
1127883600.000000,0.917588,129.100006
1127885400.000000,1.529313,131.900009
1127885400.000000,0.611725,128.400009
1127887200.000000,0.917588,126.300011
1127887200.000000,1.529313,127.700005
1127889000.000000,0.305863,128.400009
1127889000.000000,1.835176,124.900009
1127890800.000000,0.305863,129.800003
1127890800.000000,1.529313,129.100006
1127892600.000000,1.529313,127.700005
1127892600.000000,3.364489,129.100006
1127894400.000000,2.446901,131.200012
1127894400.000000,4.587939,128.400009
1127896200.000000,5.000000,128.400009
1127896200.000000,5.000000,127.700005
1127898000.000000,2.141038,126.300011
1127898000.000000,2.446901,127.700005
1127899800.000000,2.752764,129.800003
1127899800.000000,3.364489,127.000008
1127901600.000000,5.000000,124.900009
1127901600.000000,3.976214,125.600006
1127903400.000000,3.670352,126.300011
1127903400.000000,3.058626,129.100006
1127905200.000000,3.670352,131.200012
1127905200.000000,4.587939,131.200012
1127907000.000000,3.976214,129.800003
1127907000.000000,5.000000,127.000008
1127908800.000000,1.835176,131.900009
1127908800.000000,5.000000,124.900009
1127910600.000000,3.976214,128.400009
1127910600.000000,2.141038,126.300011
1127912400.000000,3.670352,128.400009
1127912400.000000,5.000000,129.100006
1127914200.000000,5.000000,127.000008
1127914200.000000,4.282077,133.300003
1127916000.000000,5.000000,130.500000
1127916000.000000,4.282077,128.400009
1127917800.000000,4.282077,124.900009
1127917800.000000,2.752764,125.600006
1127919600.000000,3.976214,127.700005
1127919600.000000,1.835176,127.000008
1127921400.000000,2.752764,129.100006
1127921400.000000,1.835176,127.000008
1127923200.000000,2.141038,131.200012
1127923200.000000,1.529313,126.300011
1127925000.000000,1.835176,127.000008
1127925000.000000,0.611725,129.100006
1127926800.000000,0.305863,130.500000
1127926800.000000,0.611725,127.000008
1127928600.000000,0.611725,129.800003
1127928600.000000,0.000000,127.000008
1127930400.000000,0.000000,129.100006
1127930400.000000,0.305863,127.700005
1127932200.000000,0.000000,127.700005
1127932200.000000,0.000000,127.000008
1127934000.000000,0.000000,122.800011
1127934000.000000,0.000000,129.800003
1127935800.000000,0.000000,128.400009
1127935800.000000,0.000000,129.800003
1127937600.000000,0.000000,132.600006
1127937600.000000,0.000000,127.000008
1127939400.000000,0.000000,131.200012
1127939400.000000,0.000000,126.300011
1127941200.000000,0.000000,129.800003
1127941200.000000,0.000000,129.100006
1127943000.000000,0.000000,127.000008
1127943000.000000,0.000000,124.900009
1127944800.000000,0.000000,126.300011
1127944800.000000,0.000000,129.800003
1127946600.000000,0.000000,126.300011
1127946600.000000,0.000000,127.700005
1127948400.000000,0.000000,129.100006
1127948400.000000,0.000000,127.700005
1127950200.000000,0.000000,125.600006
1127950200.000000,0.000000,127.700005
1127952000.000000,0.000000,131.200012
1127952000.000000,0.000000,130.500000
1127953800.000000,0.000000,127.700005
1127953800.000000,0.000000,127.000008
1127955600.000000,0.000000,128.400009
1127955600.000000,0.000000,126.300011
1127957400.000000,0.000000,129.100006
1127957400.000000,0.000000,127.700005
1127959200.000000,0.000000,126.300011
1127959200.000000,0.000000,129.100006
1127961000.000000,0.000000,129.800003
1127961000.000000,0.000000,127.000008
1127962800.000000,0.000000,130.500000
1127962800.000000,0.000000,129.100006
1127964600.000000,0.000000,131.200012
1127964600.000000,0.000000,124.900009
1127966400.000000,0.000000,129.800003
1127966400.000000,0.000000,127.700005
1127968200.000000,0.000000,127.000008
1127968200.000000,0.000000,126.300011
1127970000.000000,0.000000,129.100006
1127970000.000000,0.000000,129.100006
1127971800.000000,0.000000,125.600006
1127971800.000000,0.000000,130.500000
1127973600.000000,2.446901,128.400009
1127973600.000000,1.835176,124.900009
1127975400.000000,0.305863,129.800003
1127975400.000000,2.446901,124.900009
1127977200.000000,1.223451,127.700005
1127977200.000000,2.141038,126.300011
1127979000.000000,1.223451,128.400009
1127979000.000000,3.670352,131.200012
1127980800.000000,2.446901,130.500000
1127980800.000000,3.670352,128.400009
1127982600.000000,3.058626,129.100006
1127982600.000000,3.670352,125.600006
1127984400.000000,1.835176,133.300003
1127984400.000000,3.670352,124.900009
1127986200.000000,2.752764,129.800003
1127986200.000000,3.058626,124.200005
1127988000.000000,4.893802,128.400009
1127988000.000000,2.446901,127.000008
1127989800.000000,5.000000,128.400009
1127989800.000000,2.446901,131.200012
1127991600.000000,2.141038,126.300011
1127991600.000000,5.000000,126.300011
1127993400.000000,2.446901,125.600006
1127993400.000000,5.000000,132.600006
1127995200.000000,5.000000,127.700005
1127995200.000000,5.000000,125.600006
1127997000.000000,0.917588,124.900009
1127997000.000000,2.752764,127.700005
1127998800.000000,5.000000,128.400009
1127998800.000000,4.893802,127.000008
1128000600.000000,4.282077,132.600006
1128000600.000000,3.364489,129.100006
1128002400.000000,3.976214,128.400009
1128002400.000000,2.141038,124.900009
1128004200.000000,3.058626,127.700005
1128004200.000000,3.364489,127.700005
1128006000.000000,3.670352,128.400009
1128006000.000000,2.446901,127.000008
1128007800.000000,3.670352,129.100006
1128007800.000000,2.446901,129.100006
1128009600.000000,1.835176,127.700005
1128009600.000000,1.835176,127.700005
1128011400.000000,3.058626,130.500000
1128011400.000000,1.223451,125.600006
1128013200.000000,1.529313,125.600006
1128013200.000000,1.223451,125.600006
1128015000.000000,1.529313,126.300011
1128015000.000000,1.835176,129.100006
1128016800.000000,1.529313,131.900009
1128016800.000000,0.000000,129.100006
1128018600.000000,0.000000,129.800003
1128018600.000000,0.611725,125.600006
1128020400.000000,0.000000,131.200012
1128020400.000000,0.305863,124.200005
1128022200.000000,0.611725,126.300011
1128022200.000000,0.000000,127.000008
1128024000.000000,0.000000,131.900009
1128024000.000000,0.305863,127.000008
1128025800.000000,0.611725,127.000008
1128025800.000000,0.611725,130.500000
1128027600.000000,0.000000,127.700005
1128027600.000000,0.000000,127.700005
1128029400.000000,0.000000,127.700005
1128029400.000000,0.000000,126.300011
1128031200.000000,1.223451,126.300011
1128031200.000000,0.000000,125.600006
1128033000.000000,0.000000,129.800003
1128033000.000000,0.000000,130.500000
1128034800.000000,0.305863,127.000008
1128034800.000000,0.000000,128.400009
1128036600.000000,0.000000,128.400009
1128036600.000000,0.000000,131.200012
1128038400.000000,0.611725,130.500000
1128038400.000000,0.000000,123.500008
1128040200.000000,0.305863,127.700005
1128040200.000000,0.000000,128.400009
1128042000.000000,0.000000,127.000008
1128042000.000000,0.000000,128.400009
1128043800.000000,0.000000,124.200005
1128043800.000000,0.000000,129.100006
1128045600.000000,0.000000,125.600006
1128045600.000000,0.000000,129.100006
1128047400.000000,0.000000,125.600006
1128047400.000000,0.000000,124.900009
1128049200.000000,0.000000,129.100006
1128049200.000000,0.000000,129.100006
1128051000.000000,2.141038,127.000008
1128051000.000000,1.835176,127.700005
1128052800.000000,0.305863,131.200012
1128052800.000000,0.000000,129.800003
1128054600.000000,0.305863,131.900009
1128054600.000000,0.305863,128.400009
1128056400.000000,0.000000,125.600006
1128056400.000000,0.000000,127.700005
1128058200.000000,0.000000,127.000008
1128058200.000000,0.305863,128.400009
1128060000.000000,0.000000,127.700005
1128060000.000000,0.305863,129.800003
1128061800.000000,0.305863,126.300011
1128061800.000000,1.835176,122.800011
1128063600.000000,1.223451,129.100006
1128063600.000000,2.141038,128.400009
1128065400.000000,2.141038,127.000008
1128065400.000000,3.976214,126.300011
1128067200.000000,1.223451,127.700005
1128067200.000000,4.282077,125.600006
1128069000.000000,2.446901,126.300011
1128069000.000000,5.000000,134.000000
1128070800.000000,1.529313,128.400009
1128070800.000000,4.893802,127.000008
1128072600.000000,2.752764,126.300011
1128072600.000000,5.000000,129.800003
1128074400.000000,5.000000,128.400009
1128074400.000000,4.282077,127.700005
1128076200.000000,4.587939,128.400009
1128076200.000000,2.141038,127.700005
1128078000.000000,4.282077,124.900009
1128078000.000000,5.000000,125.600006
1128079800.000000,4.282077,129.100006
1128079800.000000,5.000000,128.400009
1128081600.000000,3.670352,130.500000
1128081600.000000,4.893802,128.400009
1128083400.000000,5.000000,126.300011
1128083400.000000,5.000000,128.400009
1128085200.000000,3.976214,124.900009
1128085200.000000,2.446901,127.700005
1128087000.000000,3.670352,127.700005
1128087000.000000,3.670352,127.700005
1128088800.000000,2.752764,124.200005
1128088800.000000,3.364489,129.100006
1128090600.000000,2.141038,127.700005
1128090600.000000,2.141038,129.800003
1128092400.000000,4.893802,130.500000
1128092400.000000,0.917588,130.500000
1128094200.000000,2.141038,124.900009
1128094200.000000,0.611725,124.200005
1128096000.000000,1.835176,129.100006
1128096000.000000,1.223451,127.000008
1128097800.000000,0.917588,125.600006
1128097800.000000,0.917588,128.400009
1128099600.000000,0.305863,134.700012
1128099600.000000,0.000000,125.600006
1128101400.000000,0.611725,130.500000
1128101400.000000,0.305863,127.700005
1128103200.000000,0.305863,127.000008
1128103200.000000,0.000000,128.400009
1128105000.000000,0.305863,126.300011
1128105000.000000,0.000000,128.400009
1128106800.000000,0.000000,122.100006
1128106800.000000,0.305863,126.300011
1128108600.000000,0.000000,127.000008
1128108600.000000,0.000000,128.400009
1128110400.000000,0.000000,127.700005
1128110400.000000,0.000000,129.800003
1128112200.000000,0.000000,125.600006
1128112200.000000,0.000000,131.200012
1128114000.000000,0.000000,129.800003
1128114000.000000,0.305863,131.200012
1128115800.000000,0.000000,126.300011
1128115800.000000,0.000000,127.000008
1128117600.000000,0.305863,124.200005
1128117600.000000,0.000000,125.600006
1128119400.000000,0.000000,125.600006
1128119400.000000,0.000000,129.100006
1128121200.000000,0.000000,124.200005
1128121200.000000,0.000000,126.300011
1128123000.000000,0.000000,127.700005
1128123000.000000,0.000000,131.200012
1128124800.000000,0.611725,128.400009
1128124800.000000,0.000000,126.300011
1128126600.000000,0.000000,129.100006
1128126600.000000,0.000000,127.700005
1128128400.000000,0.611725,126.300011
1128128400.000000,0.000000,130.500000
1128130200.000000,0.000000,127.700005
1128130200.000000,0.000000,129.800003
1128132000.000000,0.000000,124.900009
1128132000.000000,0.000000,127.000008
1128133800.000000,0.000000,127.700005
1128133800.000000,0.000000,130.500000
1128135600.000000,0.000000,126.300011
1128135600.000000,0.000000,128.400009
1128137400.000000,0.000000,124.900009
1128137400.000000,0.000000,127.000008
1128139200.000000,0.000000,131.900009
1128139200.000000,0.000000,124.900009
1128141000.000000,0.000000,126.300011
1128141000.000000,0.000000,128.400009
1128142800.000000,0.000000,123.500008
1128142800.000000,0.000000,126.300011
1128144600.000000,0.000000,127.700005
1128144600.000000,0.000000,130.500000
1128146400.000000,0.000000,131.200012
1128146400.000000,0.000000,130.500000
1128148200.000000,0.305863,127.700005
1128148200.000000,0.000000,125.600006
1128150000.000000,0.000000,128.400009
1128150000.000000,0.000000,127.700005
1128151800.000000,0.000000,124.900009
1128151800.000000,0.305863,127.000008
1128153600.000000,0.305863,126.300011
1128153600.000000,0.000000,129.800003
1128155400.000000,1.835176,124.900009
1128155400.000000,2.752764,127.700005
1128157200.000000,1.529313,124.900009
1128157200.000000,1.529313,129.800003
1128159000.000000,0.305863,131.900009
1128159000.000000,0.305863,129.100006
1128160800.000000,0.000000,124.200005
1128160800.000000,0.305863,125.600006
1128162600.000000,1.529313,128.400009
1128162600.000000,0.305863,124.900009
1128164400.000000,1.223451,127.700005
1128164400.000000,1.223451,128.400009
1128166200.000000,0.611725,126.300011
1128166200.000000,0.611725,129.800003
1128168000.000000,1.223451,125.600006
1128168000.000000,1.223451,129.100006
1128169800.000000,2.752764,127.000008
1128169800.000000,1.835176,131.200012
1128171600.000000,1.223451,127.700005
1128171600.000000,1.223451,127.000008
1128173400.000000,0.000000,128.400009
1128173400.000000,0.000000,125.600006
1128175200.000000,0.917588,126.300011
1128175200.000000,0.611725,125.600006
1128177000.000000,3.670352,127.700005
1128177000.000000,2.446901,129.800003
1128178800.000000,0.305863,126.300011
1128178800.000000,0.305863,124.900009
1128180600.000000,0.611725,126.300011
1128180600.000000,0.305863,129.800003
1128182400.000000,0.305863,132.600006
1128182400.000000,0.000000,129.100006
1128184200.000000,0.000000,125.600006
1128184200.000000,0.000000,129.800003
1128186000.000000,0.000000,126.300011
1128186000.000000,0.000000,129.100006
1128187800.000000,0.000000,125.600006
1128187800.000000,0.000000,127.700005
1128189600.000000,0.000000,123.500008
1128189600.000000,0.000000,129.100006
1128191400.000000,0.000000,122.800011
1128191400.000000,0.000000,128.400009
1128193200.000000,0.611725,129.800003
1128193200.000000,0.000000,128.400009
1128195000.000000,0.000000,127.000008
1128195000.000000,0.000000,129.800003
1128196800.000000,0.000000,129.100006
1128196800.000000,0.305863,124.900009
1128198600.000000,0.000000,127.700005
1128198600.000000,0.000000,133.300003
1128200400.000000,0.000000,127.700005
1128200400.000000,0.000000,124.200005
1128202200.000000,0.305863,130.500000
1128202200.000000,0.000000,124.200005
1128204000.000000,0.305863,124.900009
1128204000.000000,0.000000,125.600006
1128205800.000000,0.000000,127.000008
1128205800.000000,0.000000,124.900009
1128207600.000000,0.305863,124.200005
1128207600.000000,0.000000,132.600006
1128209400.000000,0.000000,129.100006
1128209400.000000,0.000000,127.000008
1128211200.000000,0.000000,124.200005
1128211200.000000,0.000000,124.900009
1128213000.000000,0.000000,130.500000
1128213000.000000,0.000000,129.100006
1128214800.000000,0.000000,122.800011
1128214800.000000,0.000000,129.100006
1128216600.000000,0.000000,128.400009
1128216600.000000,0.000000,129.100006
1128218400.000000,0.000000,127.000008
1128218400.000000,0.000000,130.500000
1128220200.000000,0.305863,126.300011
1128220200.000000,0.000000,133.300003
1128222000.000000,0.000000,128.400009
1128222000.000000,0.000000,128.400009
1128223800.000000,0.000000,124.900009
1128223800.000000,0.000000,124.200005
1128225600.000000,0.000000,127.700005
1128225600.000000,0.000000,124.900009
1128227400.000000,0.000000,124.900009
1128227400.000000,0.000000,129.800003
1128229200.000000,0.000000,123.500008
1128229200.000000,0.000000,123.500008
1128231000.000000,0.000000,126.300011
1128231000.000000,0.000000,129.800003
1128232800.000000,0.000000,129.100006
1128232800.000000,0.000000,130.500000
1128234600.000000,0.000000,128.400009
1128234600.000000,0.000000,125.600006
1128236400.000000,0.305863,129.100006
1128236400.000000,0.305863,127.000008
1128238200.000000,0.000000,127.000008
1128238200.000000,0.000000,124.900009
1128240000.000000,0.000000,129.800003
1128240000.000000,0.000000,130.500000
1128241800.000000,0.000000,123.500008
1128241800.000000,0.000000,129.800003
1128243600.000000,0.000000,126.300011
1128243600.000000,0.305863,126.300011
1128245400.000000,0.000000,124.200005
1128245400.000000,0.000000,133.300003
1128247200.000000,0.611725,124.200005
1128247200.000000,0.305863,129.800003
1128249000.000000,0.000000,127.700005
1128249000.000000,0.305863,127.000008
1128250800.000000,0.305863,126.300011
1128250800.000000,0.305863,127.700005
1128252600.000000,0.000000,129.100006
1128252600.000000,0.917588,128.400009
1128254400.000000,0.000000,127.000008
1128254400.000000,0.305863,127.700005
1128256200.000000,0.000000,124.900009
1128256200.000000,0.000000,125.600006
1128258000.000000,0.611725,127.700005
1128258000.000000,0.305863,130.500000
1128259800.000000,0.000000,127.700005
1128259800.000000,0.611725,126.300011
1128261600.000000,0.305863,127.000008
1128261600.000000,0.305863,127.700005
1128263400.000000,0.305863,127.000008
1128263400.000000,0.917588,129.800003
1128265200.000000,0.305863,125.600006
1128265200.000000,0.000000,123.500008
1128267000.000000,0.611725,127.000008
1128267000.000000,0.000000,134.000000
1128268800.000000,0.000000,121.400009
1128268800.000000,0.305863,124.200005
1128270600.000000,0.611725,122.800011
1128270600.000000,0.305863,129.100006
1128272400.000000,0.000000,129.100006
1128272400.000000,0.000000,128.400009
1128274200.000000,0.305863,128.400009
1128274200.000000,0.305863,129.100006
1128276000.000000,0.000000,127.700005
1128276000.000000,0.000000,129.100006
1128277800.000000,0.000000,129.100006
1128277800.000000,1.223451,129.100006
1128279600.000000,0.000000,123.500008
1128279600.000000,0.000000,126.300011
1128281400.000000,0.000000,122.800011
1128281400.000000,0.000000,128.400009
1128283200.000000,0.000000,124.900009
1128283200.000000,0.000000,127.700005
1128285000.000000,0.611725,127.000008
1128285000.000000,0.000000,125.600006
1128286800.000000,0.000000,128.400009
1128286800.000000,0.000000,129.100006
1128288600.000000,0.305863,128.400009
1128288600.000000,0.000000,131.200012
1128290400.000000,0.000000,126.300011
1128290400.000000,0.000000,129.800003
1128292200.000000,0.305863,128.400009
1128292200.000000,0.000000,126.300011
1128294000.000000,0.000000,122.800011
1128294000.000000,0.000000,129.100006
1128295800.000000,0.611725,124.900009
1128295800.000000,0.000000,127.700005
1128297600.000000,0.000000,127.700005
1128297600.000000,0.000000,127.700005
1128299400.000000,0.000000,126.300011
1128299400.000000,0.000000,130.500000
1128301200.000000,0.000000,125.600006
1128301200.000000,0.000000,127.700005
1128303000.000000,0.000000,124.900009
1128303000.000000,0.000000,129.800003
1128304800.000000,0.000000,125.600006
1128304800.000000,0.000000,125.600006
1128306600.000000,0.000000,124.900009
1128306600.000000,0.000000,131.900009
1128308400.000000,0.000000,128.400009
1128308400.000000,0.000000,127.000008
1128310200.000000,0.611725,126.300011
1128310200.000000,1.223451,129.100006
1128312000.000000,0.305863,124.900009
1128312000.000000,0.611725,125.600006
1128313800.000000,0.000000,124.900009
1128313800.000000,0.305863,125.600006
1128315600.000000,0.000000,125.600006
1128315600.000000,0.305863,127.000008
1128317400.000000,0.305863,124.900009
1128317400.000000,0.305863,129.100006
1128319200.000000,0.611725,129.800003
1128319200.000000,0.917588,124.900009
1128321000.000000,0.000000,126.300011
1128321000.000000,0.917588,137.500000
1128322800.000000,0.917588,130.500000
1128322800.000000,1.529313,124.200005
1128324600.000000,0.917588,127.000008
1128324600.000000,4.587939,129.800003
1128326400.000000,1.835176,124.200005
1128326400.000000,5.000000,129.100006
1128328200.000000,1.223451,124.200005
1128328200.000000,3.976214,123.500008
1128330000.000000,3.670352,123.500008
1128330000.000000,5.000000,130.500000
1128331800.000000,2.752764,125.600006
1128331800.000000,2.446901,129.100006
1128333600.000000,5.000000,124.900009
1128333600.000000,2.446901,129.100006
1128335400.000000,2.752764,127.000008
1128335400.000000,2.446901,129.800003
1128337200.000000,2.446901,127.700005
1128337200.000000,5.000000,126.300011
1128339000.000000,2.752764,125.600006
1128339000.000000,5.000000,129.100006
1128340800.000000,3.058626,127.000008
1128340800.000000,4.587939,126.300011
1128342600.000000,4.282077,127.700005
1128342600.000000,5.000000,128.400009
1128344400.000000,4.587939,122.100006
1128344400.000000,5.000000,129.100006
1128346200.000000,5.000000,126.300011
1128346200.000000,5.000000,129.100006
1128348000.000000,5.000000,126.300011
1128348000.000000,5.000000,126.300011
1128349800.000000,5.000000,127.700005
1128349800.000000,3.976214,128.400009
1128351600.000000,4.893802,127.700005
1128351600.000000,2.446901,127.000008
1128353400.000000,5.000000,127.700005
1128353400.000000,1.835176,129.800003
1128355200.000000,2.446901,122.800011
1128355200.000000,0.917588,123.500008
1128357000.000000,1.223451,129.800003
1128357000.000000,0.305863,127.700005
1128358800.000000,0.611725,126.300011
1128358800.000000,0.305863,129.100006
1128360600.000000,0.611725,123.500008
1128360600.000000,0.305863,130.500000
1128362400.000000,0.305863,127.700005
1128362400.000000,0.000000,127.000008
1128364200.000000,0.611725,124.900009
1128364200.000000,0.917588,129.800003
1128366000.000000,0.000000,127.000008
1128366000.000000,0.000000,126.300011
1128367800.000000,0.305863,124.900009
1128367800.000000,0.305863,127.700005
1128369600.000000,0.611725,124.900009
1128369600.000000,0.611725,127.700005
1128371400.000000,0.000000,127.000008
1128371400.000000,0.000000,129.100006
1128373200.000000,0.305863,126.300011
1128373200.000000,0.000000,125.600006
1128375000.000000,0.000000,125.600006
1128375000.000000,0.000000,132.600006
1128376800.000000,0.917588,127.000008
1128376800.000000,0.000000,124.200005
1128378600.000000,0.000000,124.200005
1128378600.000000,0.000000,128.400009
1128380400.000000,0.000000,126.300011
1128380400.000000,0.000000,128.400009
1128382200.000000,0.000000,125.600006
1128382200.000000,0.000000,127.700005
1128384000.000000,0.000000,128.400009
1128384000.000000,0.000000,124.900009
1128385800.000000,0.000000,127.000008
1128385800.000000,0.000000,128.400009
1128387600.000000,0.000000,125.600006
1128387600.000000,0.000000,127.700005
1128389400.000000,0.000000,129.800003
1128389400.000000,0.000000,129.800003
1128391200.000000,0.000000,126.300011
1128391200.000000,0.000000,130.500000
1128393000.000000,0.000000,125.600006
1128393000.000000,0.000000,130.500000
1128394800.000000,0.000000,122.800011
1128394800.000000,0.000000,123.500008
1128396600.000000,0.305863,126.300011
1128396600.000000,0.305863,130.500000
1128398400.000000,1.835176,122.800011
1128398400.000000,1.529313,127.700005
1128400200.000000,0.305863,128.400009
1128400200.000000,0.917588,125.600006
1128402000.000000,2.141038,123.500008
1128402000.000000,1.529313,127.700005
1128403800.000000,0.611725,129.100006
1128403800.000000,0.611725,127.700005
1128405600.000000,0.611725,129.100006
1128405600.000000,0.611725,125.600006
1128407400.000000,0.305863,125.600006
1128407400.000000,3.058626,131.900009
1128409200.000000,0.917588,122.800011
1128409200.000000,1.529313,122.800011
1128411000.000000,1.223451,124.900009
1128411000.000000,5.000000,131.200012
1128412800.000000,2.752764,125.600006
1128412800.000000,5.000000,130.500000
1128414600.000000,3.670352,126.300011
1128414600.000000,4.893802,128.400009
1128416400.000000,5.000000,127.000008
1128416400.000000,5.000000,128.400009
1128418200.000000,5.000000,126.300011
1128418200.000000,4.282077,128.400009
1128420000.000000,4.282077,123.500008
1128420000.000000,5.000000,125.600006
1128421800.000000,4.893802,125.600006
1128421800.000000,5.000000,128.400009
1128423600.000000,3.364489,126.300011
1128423600.000000,5.000000,128.400009
1128425400.000000,5.000000,126.300011
1128425400.000000,5.000000,128.400009
1128427200.000000,5.000000,132.600006
1128427200.000000,5.000000,124.900009
1128429000.000000,3.058626,126.300011
1128429000.000000,4.893802,129.100006
1128430800.000000,4.587939,124.900009
1128430800.000000,5.000000,124.200005
1128432600.000000,5.000000,126.300011
1128432600.000000,5.000000,128.400009
1128434400.000000,3.670352,124.200005
1128434400.000000,3.058626,128.400009
1128436200.000000,3.058626,126.300011
1128436200.000000,2.752764,129.800003
1128438000.000000,5.000000,129.100006
1128438000.000000,1.223451,124.200005
1128439800.000000,3.058626,126.300011
1128439800.000000,0.917588,131.200012
1128441600.000000,4.587939,125.600006
1128441600.000000,0.917588,126.300011
1128443400.000000,1.835176,126.300011
1128443400.000000,2.446901,127.700005
1128445200.000000,0.611725,123.500008
1128445200.000000,0.305863,127.700005
1128447000.000000,0.305863,127.000008
1128447000.000000,0.000000,127.700005
1128448800.000000,2.141038,124.900009
1128448800.000000,1.835176,126.300011
1128450600.000000,0.305863,128.400009
1128450600.000000,0.611725,131.200012
1128452400.000000,0.305863,124.200005
1128452400.000000,0.000000,126.300011
1128454200.000000,0.000000,129.100006
1128454200.000000,0.000000,124.200005
1128456000.000000,0.917588,123.500008
1128456000.000000,0.611725,128.400009
1128457800.000000,0.000000,127.000008
1128457800.000000,0.000000,127.700005
1128459600.000000,0.611725,128.400009
1128459600.000000,0.305863,127.700005
1128461400.000000,1.223451,127.000008
1128461400.000000,0.000000,131.900009
1128463200.000000,0.305863,124.200005
1128463200.000000,0.611725,124.900009
1128465000.000000,0.000000,126.300011
1128465000.000000,0.000000,128.400009
1128466800.000000,0.305863,125.600006
1128466800.000000,0.305863,124.200005
1128468600.000000,0.000000,127.000008
1128468600.000000,0.000000,124.200005
1128470400.000000,0.000000,127.000008
1128470400.000000,0.000000,128.400009
1128472200.000000,0.000000,126.300011
1128472200.000000,0.000000,129.100006
1128474000.000000,0.611725,127.700005
1128474000.000000,0.000000,126.300011
1128475800.000000,0.000000,127.700005
1128475800.000000,0.000000,129.800003
1128477600.000000,0.000000,125.600006
1128477600.000000,0.000000,124.200005
1128479400.000000,0.000000,124.900009
1128479400.000000,0.000000,130.500000
1128481200.000000,0.000000,127.700005
1128481200.000000,0.000000,123.500008
1128483000.000000,0.611725,125.600006
1128483000.000000,0.305863,126.300011
1128484800.000000,0.000000,126.300011
1128484800.000000,0.305863,126.300011
1128486600.000000,1.223451,127.000008
1128486600.000000,0.000000,129.100006
1128488400.000000,0.611725,124.200005
1128488400.000000,1.529313,126.300011
1128490200.000000,0.000000,128.400009
1128490200.000000,0.305863,130.500000
1128492000.000000,0.611725,127.700005
1128492000.000000,0.611725,124.900009
1128493800.000000,0.305863,127.000008
1128493800.000000,1.529313,131.900009
1128495600.000000,0.305863,124.900009
1128495600.000000,2.446901,124.200005
1128497400.000000,2.141038,128.400009
1128497400.000000,4.282077,125.600006
1128499200.000000,0.305863,124.900009
1128499200.000000,3.670352,127.700005
1128501000.000000,3.058626,128.400009
1128501000.000000,3.670352,126.300011
1128502800.000000,4.282077,126.300011
1128502800.000000,4.893802,125.600006
1128504600.000000,3.058626,124.900009
1128504600.000000,3.976214,129.800003
1128506400.000000,5.000000,127.700005
1128506400.000000,5.000000,126.300011
1128508200.000000,3.058626,124.200005
1128508200.000000,3.058626,127.700005
1128510000.000000,2.141038,127.000008
1128510000.000000,5.000000,127.000008
1128511800.000000,2.141038,127.000008
1128511800.000000,5.000000,127.700005
1128513600.000000,4.587939,128.400009
1128513600.000000,3.976214,125.600006
1128515400.000000,2.446901,125.600006
1128515400.000000,4.893802,128.400009
1128517200.000000,4.282077,126.300011
1128517200.000000,3.976214,126.300011
1128519000.000000,5.000000,127.000008
1128519000.000000,3.364489,124.900009
1128520800.000000,3.670352,128.400009
1128520800.000000,4.587939,124.900009
1128522600.000000,4.282077,126.300011
1128522600.000000,3.976214,126.300011
1128524400.000000,3.058626,125.600006
1128524400.000000,1.835176,132.600006
1128526200.000000,2.752764,127.000008
1128526200.000000,2.141038,130.500000
1128528000.000000,2.446901,125.600006
1128528000.000000,1.223451,126.300011
1128529800.000000,2.752764,124.900009
1128529800.000000,0.000000,129.100006
1128531600.000000,1.223451,122.100006
1128531600.000000,1.835176,125.600006
1128533400.000000,1.529313,125.600006
1128533400.000000,2.752764,124.900009
1128535200.000000,0.305863,129.800003
1128535200.000000,0.000000,124.200005
1128537000.000000,0.917588,126.300011
1128537000.000000,0.305863,127.700005
1128538800.000000,0.917588,124.900009
1128538800.000000,0.917588,127.000008
1128540600.000000,0.000000,129.100006
1128540600.000000,0.000000,127.700005
1128542400.000000,0.917588,129.800003
1128542400.000000,0.000000,125.600006
1128544200.000000,0.305863,127.000008
1128544200.000000,0.305863,127.000008
1128546000.000000,0.305863,126.300011
1128546000.000000,0.000000,124.200005
1128547800.000000,0.000000,127.000008
1128547800.000000,0.000000,127.700005
1128549600.000000,0.305863,125.600006
1128549600.000000,0.000000,126.300011
1128551400.000000,0.305863,126.300011
1128551400.000000,0.000000,129.800003
1128553200.000000,0.000000,127.700005
1128553200.000000,0.000000,127.000008
1128555000.000000,0.000000,127.000008
1128555000.000000,0.000000,128.400009
1128556800.000000,0.000000,127.000008
1128556800.000000,0.000000,122.800011
1128558600.000000,0.000000,127.000008
1128558600.000000,0.000000,128.400009
1128560400.000000,0.000000,124.200005
1128560400.000000,0.000000,127.000008
1128562200.000000,0.305863,127.700005
1128562200.000000,0.000000,129.800003
1128564000.000000,0.305863,122.100006
1128564000.000000,0.000000,125.600006
1128565800.000000,0.000000,125.600006
1128565800.000000,0.000000,124.900009
1128567600.000000,0.000000,127.700005
1128567600.000000,0.000000,128.400009
1128569400.000000,0.000000,125.600006
1128569400.000000,0.000000,130.500000
1128571200.000000,0.000000,126.300011
1128571200.000000,0.000000,126.300011
1128573000.000000,0.611725,126.300011
1128573000.000000,0.611725,126.300011
1128574800.000000,0.000000,124.200005
1128574800.000000,0.000000,124.900009
1128576600.000000,0.611725,132.600006
1128576600.000000,1.223451,124.900009
1128578400.000000,0.305863,124.200005
1128578400.000000,0.305863,128.400009
1128580200.000000,0.000000,126.300011
1128580200.000000,0.611725,127.700005
1128582000.000000,0.611725,129.100006
1128582000.000000,3.364489,123.500008
1128583800.000000,0.917588,124.200005
1128583800.000000,3.670352,124.200005
1128585600.000000,1.835176,129.100006
1128585600.000000,3.670352,127.700005
1128587400.000000,1.223451,125.600006
1128587400.000000,2.446901,127.700005
1128589200.000000,2.141038,125.600006
1128589200.000000,3.058626,126.300011
1128591000.000000,2.141038,123.500008
1128591000.000000,2.141038,134.000000
1128592800.000000,3.670352,122.800011
1128592800.000000,2.141038,126.300011
1128594600.000000,4.893802,127.000008
1128594600.000000,4.282077,129.100006
1128596400.000000,1.529313,127.000008
1128596400.000000,5.000000,124.900009
1128598200.000000,5.000000,122.800011
1128598200.000000,5.000000,126.300011
1128600000.000000,4.893802,129.100006
1128600000.000000,5.000000,126.300011
1128601800.000000,3.976214,128.400009
1128601800.000000,3.364489,128.400009
1128603600.000000,3.058626,125.600006
1128603600.000000,4.587939,127.000008
1128605400.000000,5.000000,124.900009
1128605400.000000,3.976214,127.000008
1128607200.000000,2.752764,125.600006
1128607200.000000,3.058626,122.100006
1128609000.000000,4.587939,130.500000
1128609000.000000,3.670352,129.800003
1128610800.000000,4.282077,125.600006
1128610800.000000,3.058626,127.700005
1128612600.000000,1.835176,126.300011
1128612600.000000,2.752764,129.800003
1128614400.000000,2.446901,125.600006
1128614400.000000,0.305863,127.000008
1128616200.000000,3.976214,125.600006
1128616200.000000,0.000000,129.800003
1128618000.000000,0.305863,128.400009
1128618000.000000,0.000000,124.900009
1128619800.000000,1.223451,127.700005
1128619800.000000,0.000000,123.500008
1128621600.000000,1.529313,126.300011
1128621600.000000,1.223451,126.300011
1128623400.000000,2.752764,127.000008
1128623400.000000,0.000000,124.900009
1128625200.000000,0.000000,127.000008
1128625200.000000,0.000000,124.200005
1128627000.000000,0.305863,125.600006
1128627000.000000,0.000000,125.600006
1128628800.000000,0.917588,126.300011
1128628800.000000,0.000000,131.200012
1128630600.000000,0.000000,129.100006
1128630600.000000,0.000000,126.300011
1128632400.000000,1.223451,124.200005
1128632400.000000,0.000000,127.700005
1128634200.000000,0.611725,122.800011
1128634200.000000,0.000000,127.700005
1128636000.000000,0.000000,128.400009
1128636000.000000,0.000000,124.900009
1128637800.000000,0.000000,124.900009
1128637800.000000,0.000000,127.700005
1128639600.000000,0.000000,128.400009
1128639600.000000,0.000000,127.000008
1128641400.000000,0.305863,127.000008
1128641400.000000,0.000000,128.400009
1128643200.000000,0.000000,125.600006
1128643200.000000,0.000000,125.600006
1128645000.000000,0.000000,122.800011
1128645000.000000,0.000000,123.500008
1128646800.000000,0.000000,122.100006
1128646800.000000,0.000000,126.300011
1128648600.000000,0.000000,129.100006
1128648600.000000,0.000000,131.200012
1128650400.000000,0.000000,126.300011
1128650400.000000,0.000000,126.300011
1128652200.000000,0.000000,125.600006
1128652200.000000,0.000000,127.000008
1128654000.000000,0.305863,127.700005
1128654000.000000,0.000000,128.400009
1128655800.000000,0.305863,130.500000
1128655800.000000,0.000000,123.500008
1128657600.000000,0.000000,125.600006
1128657600.000000,0.000000,125.600006
1128659400.000000,0.611725,127.700005
1128659400.000000,1.529313,127.000008
1128661200.000000,0.611725,127.000008
1128661200.000000,0.611725,124.200005
1128663000.000000,0.000000,124.900009
1128663000.000000,0.305863,125.600006
1128664800.000000,3.670352,125.600006
1128664800.000000,3.364489,129.800003
1128666600.000000,1.529313,125.600006
1128666600.000000,1.835176,127.000008
1128668400.000000,2.141038,127.700005
1128668400.000000,5.000000,127.000008
1128670200.000000,2.752764,124.900009
1128670200.000000,5.000000,128.400009
1128672000.000000,5.000000,129.100006
1128672000.000000,5.000000,127.000008
1128673800.000000,3.364489,125.600006
1128673800.000000,5.000000,125.600006
1128675600.000000,5.000000,124.900009
1128675600.000000,4.282077,124.900009
1128677400.000000,3.364489,124.200005
1128677400.000000,5.000000,124.900009
1128679200.000000,5.000000,124.900009
1128679200.000000,5.000000,127.000008
1128681000.000000,3.058626,127.700005
1128681000.000000,2.141038,129.800003
1128682800.000000,5.000000,131.200012
1128682800.000000,5.000000,126.300011
1128684600.000000,3.976214,127.000008
1128684600.000000,5.000000,124.900009
1128686400.000000,5.000000,128.400009
1128686400.000000,5.000000,124.200005
1128688200.000000,4.587939,126.300011
1128688200.000000,1.529313,128.400009
1128690000.000000,5.000000,124.900009
1128690000.000000,3.364489,125.600006
1128691800.000000,3.364489,123.500008
1128691800.000000,1.529313,128.400009
1128693600.000000,1.529313,126.300011
1128693600.000000,2.752764,122.800011
1128695400.000000,2.446901,126.300011
1128695400.000000,3.058626,124.200005
1128697200.000000,4.893802,127.000008
1128697200.000000,1.529313,128.400009
1128699000.000000,4.282077,127.000008
1128699000.000000,1.529313,125.600006
1128700800.000000,2.141038,132.600006
1128700800.000000,0.000000,125.600006
1128702600.000000,0.611725,124.900009
1128702600.000000,0.000000,131.200012
1128704400.000000,1.529313,124.900009
1128704400.000000,0.000000,128.400009
1128706200.000000,0.917588,125.600006
1128706200.000000,0.000000,126.300011
1128708000.000000,0.305863,124.900009
1128708000.000000,0.000000,124.900009
1128709800.000000,0.000000,124.200005
1128709800.000000,0.000000,122.800011
1128711600.000000,0.305863,127.700005
1128711600.000000,0.000000,124.900009
1128713400.000000,0.000000,128.400009
1128713400.000000,0.000000,126.300011
1128715200.000000,0.000000,129.100006
1128715200.000000,0.000000,126.300011
1128717000.000000,1.529313,124.200005
1128717000.000000,0.000000,128.400009
1128718800.000000,0.000000,127.700005
1128718800.000000,0.000000,126.300011
1128720600.000000,0.000000,128.400009
1128720600.000000,0.000000,124.900009
1128722400.000000,0.000000,124.900009
1128722400.000000,0.000000,126.300011
1128724200.000000,0.611725,125.600006
1128724200.000000,0.000000,127.000008
1128726000.000000,0.000000,125.600006
1128726000.000000,0.000000,124.900009
1128727800.000000,0.000000,124.900009
1128727800.000000,0.000000,127.700005
1128729600.000000,0.000000,129.100006
1128729600.000000,0.000000,133.300003
1128731400.000000,0.000000,122.800011
1128731400.000000,0.000000,124.900009
1128733200.000000,0.305863,127.700005
1128733200.000000,0.000000,125.600006
1128735000.000000,0.000000,124.900009
1128735000.000000,0.000000,128.400009
1128736800.000000,0.000000,129.800003
1128736800.000000,0.000000,122.800011
1128738600.000000,0.000000,127.000008
1128738600.000000,0.000000,122.800011
1128740400.000000,0.000000,127.000008
1128740400.000000,0.000000,123.500008
1128742200.000000,0.000000,127.000008
1128742200.000000,0.000000,127.000008
1128744000.000000,0.000000,126.300011
1128744000.000000,0.000000,127.000008
1128745800.000000,0.000000,127.000008
1128745800.000000,0.000000,129.100006
1128747600.000000,0.000000,127.000008
1128747600.000000,0.000000,125.600006
1128749400.000000,0.000000,128.400009
1128749400.000000,0.000000,128.400009
1128751200.000000,0.000000,125.600006
1128751200.000000,0.000000,123.500008
1128753000.000000,0.000000,123.500008
1128753000.000000,0.000000,124.200005
1128754800.000000,0.000000,127.700005
1128754800.000000,0.000000,129.100006
1128756600.000000,0.000000,122.800011
1128756600.000000,0.000000,130.500000
1128758400.000000,0.000000,127.700005
1128758400.000000,0.000000,127.000008
1128760200.000000,0.000000,125.600006
1128760200.000000,0.000000,127.000008
1128762000.000000,0.611725,124.200005
1128762000.000000,0.000000,124.200005
1128763800.000000,0.000000,127.700005
1128763800.000000,0.000000,126.300011
1128765600.000000,0.305863,125.600006
1128765600.000000,0.000000,124.200005
1128767400.000000,0.305863,122.800011
1128767400.000000,0.000000,129.100006
1128769200.000000,0.000000,128.400009
1128769200.000000,0.000000,127.000008
1128771000.000000,0.000000,125.600006
1128771000.000000,0.000000,127.700005
1128772800.000000,0.305863,127.000008
1128772800.000000,0.000000,125.600006
1128774600.000000,0.611725,124.200005
1128774600.000000,0.000000,122.800011
1128776400.000000,0.305863,127.700005
1128776400.000000,0.000000,127.700005
1128778200.000000,0.611725,127.000008
1128778200.000000,0.000000,129.100006
1128780000.000000,0.611725,127.700005
1128780000.000000,0.000000,127.700005
1128781800.000000,0.000000,126.300011
1128781800.000000,0.000000,124.200005
1128783600.000000,0.305863,128.400009
1128783600.000000,0.000000,124.900009
1128785400.000000,0.305863,126.300011
1128785400.000000,0.000000,122.800011
1128787200.000000,1.223451,127.700005
1128787200.000000,0.000000,124.200005
1128789000.000000,0.000000,127.700005
1128789000.000000,0.000000,129.100006
1128790800.000000,0.000000,124.200005
1128790800.000000,0.000000,126.300011
1128792600.000000,0.000000,124.200005
1128792600.000000,0.000000,127.000008
1128794400.000000,0.305863,126.300011
1128794400.000000,0.000000,127.700005
1128796200.000000,0.000000,124.900009
1128796200.000000,0.000000,123.500008
1128798000.000000,0.000000,130.500000
1128798000.000000,0.000000,126.300011
1128799800.000000,0.305863,122.800011
1128799800.000000,0.000000,128.400009
1128801600.000000,0.000000,125.600006
1128801600.000000,0.000000,127.700005
1128803400.000000,0.000000,122.800011
1128803400.000000,0.000000,130.500000
1128805200.000000,0.000000,126.300011
1128805200.000000,0.000000,126.300011
1128807000.000000,0.000000,127.000008
1128807000.000000,0.000000,126.300011
1128808800.000000,0.000000,125.600006
1128808800.000000,0.000000,124.900009
1128810600.000000,0.000000,126.300011
1128810600.000000,0.000000,126.300011
1128812400.000000,0.000000,130.500000
1128812400.000000,0.000000,124.200005
1128814200.000000,0.000000,129.100006
1128814200.000000,0.000000,124.900009
1128816000.000000,0.000000,123.500008
1128816000.000000,0.000000,128.400009
1128817800.000000,0.000000,127.000008
1128817800.000000,0.000000,126.300011
1128819600.000000,0.000000,125.600006
1128819600.000000,0.000000,127.700005
1128821400.000000,0.000000,124.900009
1128821400.000000,0.000000,127.700005
1128823200.000000,0.000000,127.000008
1128823200.000000,0.000000,125.600006
1128825000.000000,0.305863,124.900009
1128825000.000000,0.000000,124.200005
1128826800.000000,0.000000,128.400009
1128826800.000000,0.000000,128.400009
1128828600.000000,0.000000,124.200005
1128828600.000000,0.000000,126.300011
1128830400.000000,0.000000,123.500008
1128830400.000000,0.000000,127.000008
1128832200.000000,0.000000,124.900009
1128832200.000000,0.000000,124.200005
1128834000.000000,0.000000,124.200005
1128834000.000000,0.000000,125.600006
1128835800.000000,0.000000,130.500000
1128835800.000000,0.000000,127.700005
1128837600.000000,0.000000,127.000008
1128837600.000000,0.000000,124.900009
1128839400.000000,0.000000,123.500008
1128839400.000000,0.000000,124.900009
1128841200.000000,0.000000,130.500000
1128841200.000000,0.000000,130.500000
1128843000.000000,0.000000,125.600006
1128843000.000000,0.000000,131.900009
1128844800.000000,0.000000,124.900009
1128844800.000000,0.000000,124.200005
1128846600.000000,0.000000,122.800011
1128846600.000000,0.000000,126.300011
1128848400.000000,0.000000,124.900009
1128848400.000000,0.000000,124.900009
1128850200.000000,0.305863,124.900009
1128850200.000000,0.000000,126.300011
1128852000.000000,0.000000,130.500000
1128852000.000000,0.000000,125.600006
1128853800.000000,0.305863,123.500008
1128853800.000000,0.000000,125.600006
1128855600.000000,0.305863,127.000008
1128855600.000000,0.000000,130.500000
1128857400.000000,0.611725,127.700005
1128857400.000000,0.611725,126.300011
1128859200.000000,0.000000,127.700005
1128859200.000000,0.000000,123.500008
1128861000.000000,0.611725,126.300011
1128861000.000000,0.000000,122.800011
1128862800.000000,0.000000,124.900009
1128862800.000000,0.000000,127.000008
1128864600.000000,0.305863,128.400009
1128864600.000000,0.000000,124.200005
1128866400.000000,1.223451,125.600006
1128866400.000000,0.000000,129.100006
1128868200.000000,0.305863,127.700005
1128868200.000000,0.000000,126.300011
1128870000.000000,0.917588,125.600006
1128870000.000000,0.000000,126.300011
1128871800.000000,0.611725,124.200005
1128871800.000000,0.000000,127.000008
1128873600.000000,0.305863,124.200005
1128873600.000000,0.000000,127.700005
1128875400.000000,0.611725,123.500008
1128875400.000000,0.000000,124.900009
1128877200.000000,0.305863,125.600006
1128877200.000000,0.000000,125.600006
1128879000.000000,0.917588,124.900009
1128879000.000000,0.000000,128.400009
1128880800.000000,0.000000,124.200005
1128880800.000000,0.000000,129.100006
1128882600.000000,0.305863,127.700005
1128882600.000000,0.000000,125.600006
1128884400.000000,0.917588,127.000008
1128884400.000000,0.000000,128.400009
1128886200.000000,0.000000,127.000008
1128886200.000000,0.000000,122.800011
1128888000.000000,0.000000,124.200005
1128888000.000000,0.000000,124.900009
1128889800.000000,0.917588,126.300011
1128889800.000000,0.000000,124.900009
1128891600.000000,0.305863,127.000008
1128891600.000000,0.000000,126.300011
1128893400.000000,0.000000,127.700005
1128893400.000000,0.000000,127.700005
1128895200.000000,0.000000,127.700005
1128895200.000000,0.000000,127.700005
1128897000.000000,0.000000,127.000008
1128897000.000000,0.000000,122.100006
1128898800.000000,0.000000,128.400009
1128898800.000000,0.000000,124.200005
1128900600.000000,0.000000,129.100006
1128900600.000000,0.000000,126.300011
1128902400.000000,0.000000,122.100006
1128902400.000000,0.000000,126.300011
1128904200.000000,0.000000,124.900009
1128904200.000000,0.000000,126.300011
1128906000.000000,0.000000,127.700005
1128906000.000000,0.000000,126.300011
1128907800.000000,0.000000,127.000008
1128907800.000000,0.000000,130.500000
1128909600.000000,0.000000,126.300011
1128909600.000000,0.000000,122.800011
1128911400.000000,0.000000,125.600006
1128911400.000000,0.000000,127.000008
1128913200.000000,0.305863,128.400009
1128913200.000000,0.305863,123.500008
1128915000.000000,0.000000,122.800011
1128915000.000000,0.000000,127.000008
1128916800.000000,0.611725,124.900009
1128916800.000000,0.000000,129.800003
1128918600.000000,0.000000,123.500008
1128918600.000000,0.000000,125.600006
1128920400.000000,0.611725,123.500008
1128920400.000000,1.529313,125.600006
1128922200.000000,0.611725,126.300011
1128922200.000000,0.611725,127.000008
1128924000.000000,0.000000,128.400009
1128924000.000000,0.305863,124.200005
1128925800.000000,0.000000,129.800003
1128925800.000000,0.305863,128.400009
1128927600.000000,0.000000,127.000008
1128927600.000000,2.446901,124.900009
1128929400.000000,0.611725,127.700005
1128929400.000000,2.752764,124.200005
1128931200.000000,2.752764,124.200005
1128931200.000000,5.000000,126.300011
1128933000.000000,3.364489,127.000008
1128933000.000000,3.364489,123.500008
1128934800.000000,2.446901,127.000008
1128934800.000000,3.058626,125.600006
1128936600.000000,1.835176,124.900009
1128936600.000000,2.752764,124.900009
1128938400.000000,5.000000,126.300011
1128938400.000000,3.670352,129.100006
1128940200.000000,1.223451,122.100006
1128940200.000000,1.835176,125.600006
1128942000.000000,2.141038,124.900009
1128942000.000000,5.000000,130.500000
1128943800.000000,4.282077,127.000008
1128943800.000000,5.000000,127.700005
1128945600.000000,2.446901,127.700005
1128945600.000000,5.000000,125.600006
1128947400.000000,2.446901,124.200005
1128947400.000000,3.364489,127.700005
1128949200.000000,1.835176,125.600006
1128949200.000000,5.000000,129.100006
1128951000.000000,3.670352,124.200005
1128951000.000000,3.976214,124.900009
1128952800.000000,5.000000,126.300011
1128952800.000000,4.587939,124.200005
1128954600.000000,5.000000,122.800011
1128954600.000000,5.000000,127.700005
1128956400.000000,5.000000,124.900009
1128956400.000000,5.000000,124.900009
1128958200.000000,4.282077,128.400009
1128958200.000000,1.835176,126.300011
1128960000.000000,4.893802,127.700005
1128960000.000000,0.917588,126.300011
1128961800.000000,2.446901,128.400009
1128961800.000000,0.000000,122.800011
1128963600.000000,5.000000,124.200005
1128963600.000000,1.223451,127.700005
1128965400.000000,3.058626,128.400009
1128965400.000000,0.000000,125.600006
1128967200.000000,0.611725,124.900009
1128967200.000000,0.000000,125.600006
1128969000.000000,0.000000,122.800011
1128969000.000000,0.000000,127.700005
1128970800.000000,0.917588,126.300011
1128970800.000000,0.000000,129.100006
1128972600.000000,0.000000,123.500008
1128972600.000000,0.000000,126.300011
1128974400.000000,0.305863,123.500008
1128974400.000000,0.000000,127.000008
1128976200.000000,0.611725,126.300011
1128976200.000000,0.000000,128.400009
1128978000.000000,0.305863,125.600006
1128978000.000000,0.000000,127.700005
1128979800.000000,0.305863,127.000008
1128979800.000000,0.000000,129.100006
1128981600.000000,0.611725,124.900009
1128981600.000000,0.611725,126.300011
1128983400.000000,0.305863,123.500008
1128983400.000000,0.000000,123.500008
1128985200.000000,0.000000,126.300011
1128985200.000000,0.000000,124.200005
1128987000.000000,0.000000,126.300011
1128987000.000000,0.000000,125.600006
1128988800.000000,0.305863,127.000008
1128988800.000000,0.000000,124.200005
1128990600.000000,0.000000,123.500008
1128990600.000000,0.000000,128.400009
1128992400.000000,0.000000,124.900009
1128992400.000000,0.000000,129.100006
1128994200.000000,0.000000,129.100006
1128994200.000000,0.000000,125.600006
1128996000.000000,0.000000,127.000008
1128996000.000000,0.000000,125.600006
1128997800.000000,0.000000,125.600006
1128997800.000000,0.000000,126.300011
1128999600.000000,0.305863,122.800011
1128999600.000000,0.305863,125.600006
1129001400.000000,0.000000,126.300011
1129001400.000000,0.000000,125.600006
1129003200.000000,0.000000,124.900009
1129003200.000000,0.000000,128.400009
1129005000.000000,0.000000,124.900009
1129005000.000000,0.611725,125.600006
1129006800.000000,0.000000,123.500008
1129006800.000000,0.611725,124.200005
1129008600.000000,0.305863,124.200005
1129008600.000000,0.917588,126.300011
1129010400.000000,0.000000,127.700005
1129010400.000000,0.000000,128.400009
1129012200.000000,0.000000,124.200005
1129012200.000000,0.917588,129.800003
1129014000.000000,1.223451,128.400009
1129014000.000000,4.282077,129.800003
1129015800.000000,0.305863,127.700005
1129015800.000000,3.058626,124.200005
1129017600.000000,2.446901,124.200005
1129017600.000000,5.000000,128.400009
1129019400.000000,2.141038,124.200005
1129019400.000000,2.141038,125.600006
1129021200.000000,4.282077,122.800011
1129021200.000000,5.000000,122.100006
1129023000.000000,4.587939,127.000008
1129023000.000000,3.058626,122.800011
1129024800.000000,5.000000,126.300011
1129024800.000000,2.446901,127.700005
1129026600.000000,5.000000,127.700005
1129026600.000000,5.000000,124.900009
1129028400.000000,3.364489,129.100006
1129028400.000000,5.000000,129.800003
1129030200.000000,5.000000,122.100006
1129030200.000000,5.000000,127.000008
1129032000.000000,5.000000,123.500008
1129032000.000000,5.000000,126.300011
1129033800.000000,3.976214,122.800011
1129033800.000000,4.587939,127.700005
1129035600.000000,2.141038,124.900009
1129035600.000000,2.141038,127.700005
1129037400.000000,3.976214,125.600006
1129037400.000000,4.587939,125.600006
1129039200.000000,1.223451,127.000008
1129039200.000000,3.364489,125.600006
1129041000.000000,3.364489,127.000008
1129041000.000000,2.446901,129.100006
1129042800.000000,2.446901,125.600006
1129042800.000000,4.282077,124.200005
1129044600.000000,5.000000,124.200005
1129044600.000000,1.529313,128.400009
1129046400.000000,3.976214,128.400009
1129046400.000000,0.000000,124.200005
1129048200.000000,2.752764,124.200005
1129048200.000000,0.000000,123.500008
1129050000.000000,2.141038,126.300011
1129050000.000000,0.000000,125.600006
1129051800.000000,0.917588,129.100006
1129051800.000000,0.611725,122.800011
1129053600.000000,0.917588,124.200005
1129053600.000000,0.000000,126.300011
1129055400.000000,1.223451,125.600006
1129055400.000000,0.000000,130.500000
1129057200.000000,0.305863,125.600006
1129057200.000000,0.000000,126.300011
1129059000.000000,0.611725,127.000008
1129059000.000000,0.000000,124.200005
1129060800.000000,0.305863,122.800011
1129060800.000000,0.000000,127.700005
1129062600.000000,0.305863,126.300011
1129062600.000000,0.000000,124.200005
1129064400.000000,0.000000,123.500008
1129064400.000000,0.000000,129.100006
1129066200.000000,0.917588,124.900009
1129066200.000000,0.000000,127.000008
1129068000.000000,0.917588,122.800011
1129068000.000000,0.000000,125.600006
1129069800.000000,0.000000,126.300011
1129069800.000000,0.000000,124.200005
1129071600.000000,0.000000,131.200012
1129071600.000000,0.000000,124.900009
1129073400.000000,0.305863,124.900009
1129073400.000000,0.000000,128.400009
1129075200.000000,0.000000,124.900009
1129075200.000000,0.000000,122.800011
1129077000.000000,0.000000,132.600006
1129077000.000000,0.000000,125.600006
1129078800.000000,0.000000,127.000008
1129078800.000000,0.000000,129.100006
1129080600.000000,0.000000,124.200005
1129080600.000000,0.000000,125.600006
1129082400.000000,0.000000,124.200005
1129082400.000000,0.000000,124.900009
1129084200.000000,0.000000,126.300011
1129084200.000000,0.000000,123.500008
1129086000.000000,0.000000,124.200005
1129086000.000000,0.000000,125.600006
1129087800.000000,0.000000,124.900009
1129087800.000000,0.000000,125.600006
1129089600.000000,0.000000,125.600006
1129089600.000000,0.000000,127.700005
1129091400.000000,0.305863,123.500008
1129091400.000000,0.000000,124.900009
1129093200.000000,0.305863,124.900009
1129093200.000000,0.000000,126.300011
1129095000.000000,0.000000,124.900009
1129095000.000000,0.000000,126.300011
1129096800.000000,0.611725,129.800003
1129096800.000000,0.000000,123.500008
1129098600.000000,0.000000,126.300011
1129098600.000000,0.917588,131.900009
1129100400.000000,1.529313,127.700005
1129100400.000000,1.223451,128.400009
1129102200.000000,0.611725,125.600006
1129102200.000000,0.305863,123.500008
1129104000.000000,3.976214,124.900009
1129104000.000000,1.529313,123.500008
1129105800.000000,1.223451,125.600006
1129105800.000000,3.364489,127.000008
1129107600.000000,1.223451,123.500008
1129107600.000000,3.364489,122.800011
1129109400.000000,2.752764,123.500008
1129109400.000000,5.000000,128.400009
1129111200.000000,5.000000,126.300011
1129111200.000000,4.282077,127.700005
1129113000.000000,4.587939,124.200005
1129113000.000000,3.364489,128.400009
1129114800.000000,3.364489,129.100006
1129114800.000000,3.976214,125.600006
1129116600.000000,3.364489,122.800011
1129116600.000000,5.000000,124.200005
1129118400.000000,1.835176,127.000008
1129118400.000000,3.364489,125.600006
1129120200.000000,2.446901,124.200005
1129120200.000000,4.282077,125.600006
1129122000.000000,4.587939,127.000008
1129122000.000000,5.000000,129.800003
1129123800.000000,3.976214,127.000008
1129123800.000000,4.282077,125.600006
1129125600.000000,3.670352,123.500008
1129125600.000000,5.000000,127.000008
1129127400.000000,2.141038,127.700005
1129127400.000000,3.058626,122.100006
1129129200.000000,3.058626,124.200005
1129129200.000000,1.223451,124.900009
1129131000.000000,3.670352,127.700005
1129131000.000000,1.529313,128.400009
1129132800.000000,3.364489,124.900009
1129132800.000000,1.835176,129.800003
1129134600.000000,2.446901,123.500008
1129134600.000000,0.917588,127.700005
1129136400.000000,0.917588,124.200005
1129136400.000000,0.000000,126.300011
1129138200.000000,0.917588,123.500008
1129138200.000000,0.305863,123.500008
1129140000.000000,0.917588,126.300011
1129140000.000000,0.305863,126.300011
1129141800.000000,1.529313,126.300011
1129141800.000000,0.000000,124.900009
1129143600.000000,0.000000,125.600006
1129143600.000000,0.000000,129.800003
1129145400.000000,0.305863,123.500008
1129145400.000000,0.611725,126.300011
1129147200.000000,0.000000,127.000008
1129147200.000000,0.000000,124.200005
1129149000.000000,0.000000,125.600006
1129149000.000000,0.000000,122.100006
1129150800.000000,0.611725,127.000008
1129150800.000000,0.000000,124.200005
1129152600.000000,1.223451,125.600006
1129152600.000000,0.000000,127.700005
1129154400.000000,0.000000,126.300011
1129154400.000000,0.000000,128.400009
1129156200.000000,0.611725,125.600006
1129156200.000000,0.000000,124.900009
1129158000.000000,0.000000,124.200005
1129158000.000000,0.000000,125.600006
1129159800.000000,0.305863,123.500008
1129159800.000000,0.000000,124.900009
1129161600.000000,0.000000,124.900009
1129161600.000000,0.000000,126.300011
1129163400.000000,0.000000,126.300011
1129163400.000000,0.000000,128.400009
1129165200.000000,0.305863,124.900009
1129165200.000000,0.000000,127.000008
1129167000.000000,0.000000,127.700005
1129167000.000000,0.000000,126.300011
1129168800.000000,0.000000,127.000008
1129168800.000000,0.000000,125.600006
1129170600.000000,0.000000,128.400009
1129170600.000000,0.000000,127.700005
1129172400.000000,0.000000,126.300011
1129172400.000000,0.000000,124.900009
1129174200.000000,0.305863,123.500008
1129174200.000000,0.305863,125.600006
1129176000.000000,0.305863,126.300011
1129176000.000000,0.000000,124.900009
1129177800.000000,0.000000,124.200005
1129177800.000000,0.000000,126.300011
1129179600.000000,0.000000,122.100006
1129179600.000000,0.000000,125.600006
1129181400.000000,0.000000,124.900009
1129181400.000000,0.305863,124.200005
1129183200.000000,0.000000,124.900009
1129183200.000000,0.305863,122.800011
1129185000.000000,0.305863,127.000008
1129185000.000000,1.835176,129.800003
1129186800.000000,0.305863,126.300011
1129186800.000000,2.752764,127.700005
1129188600.000000,1.223451,124.200005
1129188600.000000,2.752764,125.600006
1129190400.000000,2.141038,128.400009
1129190400.000000,1.835176,129.800003
1129192200.000000,2.141038,124.900009
1129192200.000000,3.976214,124.900009
1129194000.000000,1.835176,123.500008
1129194000.000000,4.587939,125.600006
1129195800.000000,1.835176,123.500008
1129195800.000000,1.835176,125.600006
1129197600.000000,5.000000,127.000008
1129197600.000000,2.141038,125.600006
1129199400.000000,1.529313,126.300011
1129199400.000000,2.446901,124.200005
1129201200.000000,3.976214,124.900009
1129201200.000000,5.000000,127.700005
1129203000.000000,3.976214,129.100006
1129203000.000000,5.000000,126.300011
1129204800.000000,3.670352,122.100006
1129204800.000000,4.587939,129.100006
1129206600.000000,2.446901,123.500008
1129206600.000000,3.058626,123.500008
1129208400.000000,2.446901,124.900009
1129208400.000000,2.752764,127.700005
1129210200.000000,4.587939,124.900009
1129210200.000000,5.000000,124.200005
1129212000.000000,4.282077,124.900009
1129212000.000000,3.058626,126.300011
1129213800.000000,3.976214,124.900009
1129213800.000000,2.141038,124.900009
1129215600.000000,4.587939,129.100006
1129215600.000000,3.364489,127.700005
1129217400.000000,3.058626,127.000008
1129217400.000000,2.752764,126.300011
1129219200.000000,3.364489,125.600006
1129219200.000000,1.529313,122.800011
1129221000.000000,3.364489,124.200005
1129221000.000000,0.611725,125.600006
1129222800.000000,0.000000,126.300011
1129222800.000000,0.000000,128.400009
1129224600.000000,0.611725,123.500008
1129224600.000000,0.000000,122.800011
1129226400.000000,1.835176,124.200005
1129226400.000000,0.000000,126.300011
1129228200.000000,1.223451,125.600006
1129228200.000000,0.000000,127.000008
1129230000.000000,0.611725,124.900009
1129230000.000000,0.611725,129.100006
1129231800.000000,0.305863,129.800003
1129231800.000000,0.000000,127.000008
1129233600.000000,0.000000,122.800011
1129233600.000000,0.000000,127.700005
1129235400.000000,0.305863,124.900009
1129235400.000000,0.000000,123.500008
1129237200.000000,0.611725,123.500008
1129237200.000000,0.000000,123.500008
1129239000.000000,0.917588,125.600006
1129239000.000000,0.000000,128.400009
1129240800.000000,0.611725,127.000008
1129240800.000000,0.000000,126.300011
1129242600.000000,0.305863,124.900009
1129242600.000000,0.000000,127.700005
1129244400.000000,0.305863,123.500008
1129244400.000000,0.000000,124.900009
1129246200.000000,0.000000,126.300011
1129246200.000000,0.000000,127.700005
1129248000.000000,0.000000,127.000008
1129248000.000000,0.000000,127.000008
1129249800.000000,0.000000,125.600006
1129249800.000000,0.000000,125.600006
1129251600.000000,0.000000,122.800011
1129251600.000000,0.000000,125.600006
1129253400.000000,0.305863,126.300011
1129253400.000000,0.000000,123.500008
1129255200.000000,0.000000,123.500008
1129255200.000000,0.000000,123.500008
1129257000.000000,0.000000,128.400009
1129257000.000000,0.000000,125.600006
1129258800.000000,0.000000,123.500008
1129258800.000000,0.000000,127.000008
1129260600.000000,0.000000,128.400009
1129260600.000000,0.000000,127.000008
1129262400.000000,0.305863,127.000008
1129262400.000000,0.000000,124.900009
1129264200.000000,0.000000,124.200005
1129264200.000000,0.000000,124.200005
1129266000.000000,0.305863,125.600006
1129266000.000000,0.000000,127.000008
1129267800.000000,0.000000,124.200005
1129267800.000000,0.000000,125.600006
1129269600.000000,2.446901,124.900009
1129269600.000000,0.917588,127.700005
1129271400.000000,0.611725,122.800011
1129271400.000000,1.835176,124.900009
1129273200.000000,3.976214,124.200005
1129273200.000000,5.000000,127.700005
1129275000.000000,5.000000,127.000008
1129275000.000000,5.000000,129.100006
1129276800.000000,5.000000,124.900009
1129276800.000000,4.893802,129.100006
1129278600.000000,0.917588,123.500008
1129278600.000000,4.893802,125.600006
1129280400.000000,4.587939,122.100006
1129280400.000000,5.000000,124.900009
1129282200.000000,5.000000,124.900009
1129282200.000000,3.670352,127.700005
1129284000.000000,5.000000,126.300011
1129284000.000000,5.000000,124.900009
1129285800.000000,2.446901,124.900009
1129285800.000000,3.364489,124.200005
1129287600.000000,2.446901,124.900009
1129287600.000000,5.000000,124.900009
1129289400.000000,5.000000,127.000008
1129289400.000000,5.000000,124.900009
1129291200.000000,4.893802,125.600006
1129291200.000000,5.000000,127.000008
1129293000.000000,3.976214,127.000008
1129293000.000000,4.893802,127.700005
1129294800.000000,5.000000,127.000008
1129294800.000000,4.587939,123.500008
1129296600.000000,2.752764,122.800011
1129296600.000000,3.058626,127.000008
1129298400.000000,2.752764,123.500008
1129298400.000000,3.058626,129.800003
1129300200.000000,1.835176,124.900009
1129300200.000000,3.364489,123.500008
1129302000.000000,4.893802,125.600006
1129302000.000000,1.835176,127.700005
1129303800.000000,3.364489,125.600006
1129303800.000000,0.611725,127.700005
1129305600.000000,2.752764,122.800011
1129305600.000000,0.000000,127.000008
1129307400.000000,1.835176,122.800011
1129307400.000000,0.000000,127.700005
1129309200.000000,0.917588,126.300011
1129309200.000000,0.000000,124.200005
1129311000.000000,0.611725,126.300011
1129311000.000000,0.000000,127.000008
1129312800.000000,0.000000,124.900009
1129312800.000000,0.000000,125.600006
1129314600.000000,0.611725,124.900009
1129314600.000000,0.000000,126.300011
1129316400.000000,0.305863,126.300011
1129316400.000000,0.000000,129.100006
1129318200.000000,0.000000,124.900009
1129318200.000000,0.000000,122.100006
1129320000.000000,0.000000,123.500008
1129320000.000000,0.000000,126.300011
1129321800.000000,0.305863,122.100006
1129321800.000000,0.000000,126.300011
1129323600.000000,1.223451,125.600006
1129323600.000000,0.000000,124.900009
1129325400.000000,0.000000,125.600006
1129325400.000000,0.000000,127.700005
1129327200.000000,0.000000,122.800011
1129327200.000000,0.000000,124.900009
1129329000.000000,0.000000,133.300003
1129329000.000000,0.000000,126.300011
1129330800.000000,0.000000,123.500008
1129330800.000000,0.000000,127.000008
1129332600.000000,0.000000,128.400009
1129332600.000000,0.000000,124.900009
1129334400.000000,0.000000,124.900009
1129334400.000000,0.000000,124.200005
1129336200.000000,0.000000,124.900009
1129336200.000000,0.000000,124.200005
1129338000.000000,0.000000,123.500008
1129338000.000000,0.000000,127.700005
1129339800.000000,0.000000,127.700005
1129339800.000000,0.000000,124.900009
1129341600.000000,0.000000,122.800011
1129341600.000000,0.000000,126.300011
1129343400.000000,0.000000,125.600006
1129343400.000000,0.000000,126.300011
1129345200.000000,0.000000,122.100006
1129345200.000000,0.000000,126.300011
1129347000.000000,0.000000,127.000008
1129347000.000000,0.000000,124.200005
1129348800.000000,0.000000,125.600006
1129348800.000000,0.000000,128.400009
1129350600.000000,0.000000,122.800011
1129350600.000000,0.000000,125.600006
1129352400.000000,0.000000,125.600006
1129352400.000000,0.000000,124.200005
1129354200.000000,0.000000,129.800003
1129354200.000000,0.000000,127.700005
1129356000.000000,0.000000,126.300011
1129356000.000000,0.000000,127.000008
1129357800.000000,0.000000,122.800011
1129357800.000000,0.000000,123.500008
1129359600.000000,0.000000,127.700005
1129359600.000000,0.000000,124.200005
1129361400.000000,0.000000,123.500008
1129361400.000000,0.000000,124.200005
1129363200.000000,0.000000,125.600006
1129363200.000000,0.000000,128.400009
1129365000.000000,0.000000,127.700005
1129365000.000000,0.000000,122.100006
1129366800.000000,0.000000,124.900009
1129366800.000000,0.000000,123.500008
1129368600.000000,0.000000,124.200005
1129368600.000000,0.000000,129.800003
1129370400.000000,0.611725,123.500008
1129370400.000000,0.305863,125.600006
1129372200.000000,0.611725,123.500008
1129372200.000000,0.000000,127.700005
1129374000.000000,0.000000,126.300011
1129374000.000000,0.000000,127.700005
1129375800.000000,0.000000,127.000008
1129375800.000000,0.000000,122.800011
1129377600.000000,0.917588,124.900009
1129377600.000000,0.000000,124.900009
1129379400.000000,0.611725,124.200005
1129379400.000000,0.000000,129.100006
1129381200.000000,0.305863,124.200005
1129381200.000000,0.000000,124.900009
1129383000.000000,0.000000,127.000008
1129383000.000000,0.000000,124.900009
1129384800.000000,0.611725,124.200005
1129384800.000000,0.000000,126.300011
1129386600.000000,0.305863,121.400009
1129386600.000000,0.000000,127.700005
1129388400.000000,0.305863,124.200005
1129388400.000000,0.000000,126.300011
1129390200.000000,0.917588,129.100006
1129390200.000000,0.000000,125.600006
1129392000.000000,0.611725,125.600006
1129392000.000000,0.000000,127.000008
1129393800.000000,0.000000,127.000008
1129393800.000000,0.000000,126.300011
1129395600.000000,0.305863,122.100006
1129395600.000000,0.000000,127.700005
1129397400.000000,0.000000,127.700005
1129397400.000000,0.000000,124.200005
1129399200.000000,0.000000,126.300011
1129399200.000000,0.000000,124.200005
1129401000.000000,0.000000,124.200005
1129401000.000000,0.000000,126.300011
1129402800.000000,0.000000,125.600006
1129402800.000000,0.000000,124.900009
1129404600.000000,0.000000,125.600006
1129404600.000000,0.000000,129.100006
1129406400.000000,0.000000,123.500008
1129406400.000000,0.000000,127.000008
1129408200.000000,0.000000,121.400009
1129408200.000000,0.000000,122.100006
1129410000.000000,0.000000,125.600006
1129410000.000000,0.000000,129.800003
1129411800.000000,0.305863,126.300011
1129411800.000000,0.000000,127.000008
1129413600.000000,0.917588,122.100006
1129413600.000000,0.000000,128.400009
1129415400.000000,0.000000,125.600006
1129415400.000000,0.000000,125.600006
1129417200.000000,0.000000,122.100006
1129417200.000000,0.000000,121.400009
1129419000.000000,0.000000,129.800003
1129419000.000000,0.000000,127.000008
1129420800.000000,0.000000,129.100006
1129420800.000000,0.000000,124.200005
1129422600.000000,0.305863,122.800011
1129422600.000000,0.000000,127.000008
1129424400.000000,0.000000,122.800011
1129424400.000000,0.000000,124.200005
1129426200.000000,0.000000,122.800011
1129426200.000000,0.000000,127.700005
1129428000.000000,0.000000,127.000008
1129428000.000000,0.000000,124.200005
1129429800.000000,0.000000,124.900009
1129429800.000000,0.000000,128.400009
1129431600.000000,0.000000,124.900009
1129431600.000000,0.000000,124.200005
1129433400.000000,0.000000,125.600006
1129433400.000000,0.000000,124.900009
1129435200.000000,0.000000,124.900009
1129435200.000000,0.000000,125.600006
1129437000.000000,0.000000,124.200005
1129437000.000000,0.000000,125.600006
1129438800.000000,1.529313,127.700005
1129438800.000000,1.835176,126.300011
1129440600.000000,0.305863,125.600006
1129440600.000000,0.000000,125.600006
1129442400.000000,0.000000,124.200005
1129442400.000000,0.000000,126.300011
1129444200.000000,0.000000,122.100006
1129444200.000000,0.000000,128.400009
1129446000.000000,0.000000,126.300011
1129446000.000000,0.000000,126.300011
1129447800.000000,0.000000,127.000008
1129447800.000000,0.000000,122.800011
1129449600.000000,0.611725,127.700005
1129449600.000000,0.000000,125.600006
1129451400.000000,0.000000,125.600006
1129451400.000000,0.000000,121.400009
1129453200.000000,0.000000,122.800011
1129453200.000000,0.000000,127.700005
1129455000.000000,0.611725,124.900009
1129455000.000000,0.000000,125.600006
1129456800.000000,0.000000,122.800011
1129456800.000000,0.000000,125.600006
1129458600.000000,0.000000,125.600006
1129458600.000000,0.000000,124.200005
1129460400.000000,0.000000,122.100006
1129460400.000000,0.000000,129.800003
1129462200.000000,0.305863,129.100006
1129462200.000000,0.000000,128.400009
1129464000.000000,0.000000,123.500008
1129464000.000000,0.000000,127.700005
1129465800.000000,0.611725,124.200005
1129465800.000000,0.000000,127.700005
1129467600.000000,0.000000,123.500008
1129467600.000000,0.000000,123.500008
1129469400.000000,0.917588,126.300011
1129469400.000000,0.000000,126.300011
1129471200.000000,0.000000,126.300011
1129471200.000000,0.000000,121.400009
1129473000.000000,1.529313,123.500008
1129473000.000000,0.000000,126.300011
1129474800.000000,0.000000,130.500000
1129474800.000000,0.000000,124.200005
1129476600.000000,0.917588,124.200005
1129476600.000000,0.000000,127.700005
1129478400.000000,0.611725,124.200005
1129478400.000000,0.000000,124.900009
1129480200.000000,0.305863,124.200005
1129480200.000000,0.000000,125.600006
1129482000.000000,0.000000,128.400009
1129482000.000000,0.000000,124.900009
1129483800.000000,0.305863,123.500008
1129483800.000000,0.000000,127.700005
1129485600.000000,0.000000,122.800011
1129485600.000000,0.000000,125.600006
1129487400.000000,1.223451,126.300011
1129487400.000000,0.000000,126.300011
1129489200.000000,1.835176,122.800011
1129489200.000000,1.223451,122.100006
1129491000.000000,0.000000,129.100006
1129491000.000000,0.000000,125.600006
1129492800.000000,0.000000,124.200005
1129492800.000000,0.000000,124.900009
1129494600.000000,0.305863,124.200005
1129494600.000000,0.000000,131.200012
1129496400.000000,0.000000,124.200005
1129496400.000000,0.000000,124.900009
1129498200.000000,0.000000,127.700005
1129498200.000000,0.000000,124.200005
1129500000.000000,0.000000,123.500008
1129500000.000000,0.000000,127.700005
1129501800.000000,0.000000,124.900009
1129501800.000000,0.000000,123.500008
1129503600.000000,0.305863,128.400009
1129503600.000000,0.000000,123.500008
1129505400.000000,0.000000,126.300011
1129505400.000000,0.000000,125.600006
1129507200.000000,0.000000,122.800011
1129507200.000000,0.000000,124.200005
1129509000.000000,0.000000,122.800011
1129509000.000000,0.000000,127.000008
1129510800.000000,0.000000,125.600006
1129510800.000000,0.000000,127.000008
1129512600.000000,0.000000,124.900009
1129512600.000000,0.000000,127.000008
1129514400.000000,0.000000,124.200005
1129514400.000000,0.000000,127.000008
1129516200.000000,0.000000,124.900009
1129516200.000000,0.000000,127.000008
1129518000.000000,0.000000,126.300011
1129518000.000000,0.000000,126.300011
1129519800.000000,0.305863,127.000008
1129519800.000000,0.305863,125.600006
1129521600.000000,0.000000,124.900009
1129521600.000000,0.000000,125.600006
1129523400.000000,0.000000,124.200005
1129523400.000000,0.000000,122.800011
1129525200.000000,0.000000,122.800011
1129525200.000000,0.611725,126.300011
1129527000.000000,0.611725,125.600006
1129527000.000000,0.305863,124.200005
1129528800.000000,0.000000,127.700005
1129528800.000000,1.223451,121.400009
1129530600.000000,0.000000,124.200005
1129530600.000000,0.611725,123.500008
1129532400.000000,0.917588,126.300011
1129532400.000000,3.976214,125.600006
1129534200.000000,0.305863,126.300011
1129534200.000000,2.752764,126.300011
1129536000.000000,0.611725,124.200005
1129536000.000000,4.893802,127.000008
1129537800.000000,2.141038,128.400009
1129537800.000000,5.000000,124.200005
1129539600.000000,2.141038,124.900009
1129539600.000000,4.282077,125.600006
1129541400.000000,2.446901,127.700005
1129541400.000000,5.000000,125.600006
1129543200.000000,5.000000,124.200005
1129543200.000000,5.000000,127.000008
1129545000.000000,3.976214,124.200005
1129545000.000000,4.282077,124.900009
1129546800.000000,4.282077,120.700005
1129546800.000000,5.000000,127.000008
1129548600.000000,4.893802,124.200005
1129548600.000000,5.000000,126.300011
1129550400.000000,2.446901,126.300011
1129550400.000000,4.893802,124.900009
1129552200.000000,3.058626,124.200005
1129552200.000000,5.000000,126.300011
1129554000.000000,4.587939,122.800011
1129554000.000000,3.058626,127.000008
1129555800.000000,3.364489,124.900009
1129555800.000000,4.893802,129.800003
1129557600.000000,4.282077,126.300011
1129557600.000000,3.670352,124.900009
1129559400.000000,4.893802,125.600006
1129559400.000000,2.141038,127.700005
1129561200.000000,1.529313,124.200005
1129561200.000000,2.752764,122.800011
1129563000.000000,5.000000,128.400009
1129563000.000000,3.976214,124.200005
1129564800.000000,3.364489,123.500008
1129564800.000000,0.917588,124.900009
1129566600.000000,0.611725,125.600006
1129566600.000000,0.305863,123.500008
1129568400.000000,2.752764,127.000008
1129568400.000000,0.305863,125.600006
1129570200.000000,1.223451,123.500008
1129570200.000000,0.305863,125.600006
1129572000.000000,0.305863,127.700005
1129572000.000000,0.000000,124.900009
1129573800.000000,1.223451,122.100006
1129573800.000000,0.000000,124.900009
1129575600.000000,1.223451,127.700005
1129575600.000000,0.000000,124.900009
1129577400.000000,0.305863,126.300011
1129577400.000000,0.000000,127.000008
1129579200.000000,0.305863,127.000008
1129579200.000000,0.000000,124.900009
1129581000.000000,0.611725,124.200005
1129581000.000000,0.000000,121.400009
1129582800.000000,0.611725,125.600006
1129582800.000000,0.000000,124.900009
1129584600.000000,0.000000,123.500008
1129584600.000000,0.000000,123.500008
1129586400.000000,0.000000,124.200005
1129586400.000000,0.000000,127.000008
1129588200.000000,0.611725,128.400009
1129588200.000000,0.000000,124.900009
1129590000.000000,0.305863,123.500008
1129590000.000000,0.000000,124.900009
1129591800.000000,0.000000,123.500008
1129591800.000000,0.000000,127.700005
1129593600.000000,0.305863,127.000008
1129593600.000000,0.000000,125.600006
1129595400.000000,0.000000,124.900009
1129595400.000000,0.000000,129.800003
1129597200.000000,0.000000,122.800011
1129597200.000000,0.000000,124.200005
1129599000.000000,0.000000,124.900009
1129599000.000000,0.000000,127.700005
1129600800.000000,0.305863,125.600006
1129600800.000000,0.000000,123.500008
1129602600.000000,0.000000,124.200005
1129602600.000000,0.000000,126.300011
1129604400.000000,0.000000,125.600006
1129604400.000000,0.000000,122.800011
1129606200.000000,0.305863,127.000008
1129606200.000000,0.305863,123.500008
1129608000.000000,0.000000,126.300011
1129608000.000000,0.000000,124.900009
1129609800.000000,0.000000,128.400009
1129609800.000000,0.000000,122.800011
1129611600.000000,0.000000,124.900009
1129611600.000000,0.000000,127.700005
1129613400.000000,0.305863,125.600006
1129613400.000000,0.000000,122.100006
1129615200.000000,1.223451,123.500008
1129615200.000000,0.917588,126.300011
1129617000.000000,0.305863,126.300011
1129617000.000000,1.223451,125.600006
1129618800.000000,1.223451,123.500008
1129618800.000000,3.364489,126.300011
1129620600.000000,0.917588,126.300011
1129620600.000000,3.364489,125.600006
1129622400.000000,0.611725,125.600006
1129622400.000000,4.282077,128.400009
1129624200.000000,2.752764,124.200005
1129624200.000000,3.058626,127.000008
1129626000.000000,3.670352,122.800011
1129626000.000000,5.000000,125.600006
1129627800.000000,2.141038,124.200005
1129627800.000000,1.835176,124.900009
1129629600.000000,5.000000,124.900009
1129629600.000000,2.141038,122.800011
1129631400.000000,3.976214,124.200005
1129631400.000000,4.893802,126.300011
1129633200.000000,2.141038,124.900009
1129633200.000000,5.000000,123.500008
1129635000.000000,3.976214,125.600006
1129635000.000000,3.976214,126.300011
1129636800.000000,2.752764,127.000008
1129636800.000000,2.752764,125.600006
1129638600.000000,2.446901,127.000008
1129638600.000000,5.000000,127.000008
1129640400.000000,3.976214,123.500008
1129640400.000000,5.000000,123.500008
1129642200.000000,2.752764,126.300011
1129642200.000000,4.587939,125.600006
1129644000.000000,2.752764,125.600006
1129644000.000000,4.893802,124.900009
1129645800.000000,3.058626,124.200005
1129645800.000000,2.446901,125.600006
1129647600.000000,5.000000,125.600006
1129647600.000000,1.529313,127.700005
1129649400.000000,2.752764,122.100006
1129649400.000000,1.835176,127.700005
1129651200.000000,4.587939,124.900009
1129651200.000000,0.000000,128.400009
1129653000.000000,3.670352,125.600006
1129653000.000000,0.000000,122.100006
1129654800.000000,0.611725,125.600006
1129654800.000000,0.000000,123.500008
1129656600.000000,0.917588,125.600006
1129656600.000000,0.000000,125.600006
1129658400.000000,0.611725,122.800011
1129658400.000000,0.000000,123.500008
1129660200.000000,0.305863,124.900009
1129660200.000000,0.000000,126.300011
1129662000.000000,0.000000,127.700005
1129662000.000000,0.000000,125.600006
1129663800.000000,0.000000,128.400009
1129663800.000000,0.000000,123.500008
1129665600.000000,0.917588,127.000008
1129665600.000000,0.305863,124.200005
1129667400.000000,0.305863,126.300011
1129667400.000000,0.000000,124.200005
1129669200.000000,0.305863,125.600006
1129669200.000000,0.000000,123.500008
1129671000.000000,0.000000,123.500008
1129671000.000000,0.000000,127.000008
1129672800.000000,0.000000,123.500008
1129672800.000000,0.000000,127.000008
1129674600.000000,0.000000,126.300011
1129674600.000000,0.000000,123.500008
1129676400.000000,0.000000,124.200005
1129676400.000000,0.000000,124.900009
1129678200.000000,0.000000,124.900009
1129678200.000000,0.000000,126.300011
1129680000.000000,0.000000,124.200005
1129680000.000000,0.000000,130.500000
1129681800.000000,0.000000,123.500008
1129681800.000000,0.000000,124.900009
1129683600.000000,0.000000,122.100006
1129683600.000000,0.000000,126.300011
1129685400.000000,0.000000,124.200005
1129685400.000000,0.000000,124.900009
1129687200.000000,0.000000,126.300011
1129687200.000000,0.000000,127.700005
1129689000.000000,0.000000,125.600006
1129689000.000000,0.000000,125.600006
1129690800.000000,0.000000,124.200005
1129690800.000000,0.000000,127.000008
1129692600.000000,0.000000,127.000008
1129692600.000000,0.000000,121.400009
1129694400.000000,0.000000,126.300011
1129694400.000000,0.000000,123.500008
1129696200.000000,0.000000,121.400009
1129696200.000000,0.000000,125.600006
1129698000.000000,0.000000,124.200005
1129698000.000000,0.000000,124.900009
1129699800.000000,0.305863,127.000008
1129699800.000000,1.529313,127.000008
1129701600.000000,0.611725,128.400009
1129701600.000000,0.917588,124.200005
1129703400.000000,0.000000,127.700005
1129703400.000000,1.835176,125.600006
1129705200.000000,1.835176,124.200005
1129705200.000000,3.670352,124.200005
1129707000.000000,1.223451,124.200005
1129707000.000000,3.670352,127.000008
1129708800.000000,1.835176,124.200005
1129708800.000000,4.893802,124.200005
1129710600.000000,2.141038,122.800011
1129710600.000000,3.058626,124.200005
1129712400.000000,4.893802,127.000008
1129712400.000000,4.282077,126.300011
1129714200.000000,2.752764,124.900009
1129714200.000000,4.587939,127.700005
1129716000.000000,5.000000,122.800011
1129716000.000000,5.000000,122.800011
1129717800.000000,5.000000,126.300011
1129717800.000000,3.364489,130.500000
1129719600.000000,1.835176,124.900009
1129719600.000000,5.000000,126.300011
1129721400.000000,2.446901,121.400009
1129721400.000000,4.893802,124.900009
1129723200.000000,5.000000,123.500008
1129723200.000000,4.282077,124.200005
1129725000.000000,2.446901,124.200005
1129725000.000000,4.893802,123.500008
1129726800.000000,4.587939,127.000008
1129726800.000000,5.000000,124.900009
1129728600.000000,4.282077,126.300011
1129728600.000000,4.587939,125.600006
1129730400.000000,2.446901,123.500008
1129730400.000000,5.000000,125.600006
1129732200.000000,0.611725,126.300011
1129732200.000000,3.058626,125.600006
1129734000.000000,2.141038,126.300011
1129734000.000000,2.446901,124.200005
1129735800.000000,5.000000,124.900009
1129735800.000000,1.529313,130.500000
1129737600.000000,3.058626,124.200005
1129737600.000000,1.223451,124.200005
1129739400.000000,3.364489,125.600006
1129739400.000000,0.917588,122.800011
1129741200.000000,3.058626,123.500008
1129741200.000000,0.305863,122.800011
1129743000.000000,1.223451,124.900009
1129743000.000000,0.000000,125.600006
1129744800.000000,1.529313,123.500008
1129744800.000000,0.000000,128.400009
1129746600.000000,0.611725,129.100006
1129746600.000000,0.000000,122.100006
1129748400.000000,0.611725,124.900009
1129748400.000000,0.000000,131.900009
1129750200.000000,0.000000,122.100006
1129750200.000000,0.000000,124.900009
1129752000.000000,2.141038,123.500008
1129752000.000000,0.305863,124.200005
1129753800.000000,5.000000,125.600006
1129753800.000000,4.282077,124.200005
1129755600.000000,1.835176,127.700005
1129755600.000000,1.835176,121.400009
1129757400.000000,0.305863,123.500008
1129757400.000000,0.000000,127.000008
1129759200.000000,0.000000,123.500008
1129759200.000000,0.000000,126.300011
1129761000.000000,0.000000,124.900009
1129761000.000000,0.000000,127.700005
1129762800.000000,0.917588,123.500008
1129762800.000000,0.000000,127.700005
1129764600.000000,0.000000,127.000008
1129764600.000000,0.000000,124.200005
1129766400.000000,0.000000,126.300011
1129766400.000000,0.000000,124.200005
1129768200.000000,0.000000,126.300011
1129768200.000000,0.000000,122.800011
1129770000.000000,0.000000,124.900009
1129770000.000000,0.000000,124.900009
1129771800.000000,0.000000,128.400009
1129771800.000000,0.000000,122.800011
1129773600.000000,0.305863,124.200005
1129773600.000000,0.000000,126.300011
1129775400.000000,0.000000,124.200005
1129775400.000000,0.000000,122.800011
1129777200.000000,0.000000,126.300011
1129777200.000000,0.000000,124.200005
1129779000.000000,0.305863,122.800011
1129779000.000000,0.305863,124.900009
1129780800.000000,0.000000,125.600006
1129780800.000000,0.000000,127.000008
1129782600.000000,0.000000,126.300011
1129782600.000000,0.000000,130.500000
1129784400.000000,0.000000,123.500008
1129784400.000000,0.000000,123.500008
1129786200.000000,0.000000,124.900009
1129786200.000000,0.305863,124.200005
1129788000.000000,0.000000,124.900009
1129788000.000000,0.305863,124.900009
1129789800.000000,0.305863,122.100006
1129789800.000000,2.446901,127.000008
1129791600.000000,0.917588,124.900009
1129791600.000000,4.282077,122.800011
1129793400.000000,1.835176,126.300011
1129793400.000000,5.000000,124.900009
1129795200.000000,2.446901,127.000008
1129795200.000000,4.282077,124.900009
1129797000.000000,3.670352,124.200005
1129797000.000000,3.364489,127.000008
1129798800.000000,3.976214,122.100006
1129798800.000000,3.976214,127.000008
1129800600.000000,3.364489,129.100006
1129800600.000000,2.446901,123.500008
1129802400.000000,4.587939,125.600006
1129802400.000000,1.835176,122.100006
1129804200.000000,2.752764,127.700005
1129804200.000000,2.141038,124.900009
1129806000.000000,1.835176,124.200005
1129806000.000000,5.000000,128.400009
1129807800.000000,3.058626,124.200005
1129807800.000000,5.000000,122.100006
1129809600.000000,4.893802,125.600006
1129809600.000000,5.000000,124.900009
1129811400.000000,1.835176,122.800011
1129811400.000000,1.529313,126.300011
1129813200.000000,3.976214,127.700005
1129813200.000000,5.000000,126.300011
1129815000.000000,3.670352,124.200005
1129815000.000000,2.752764,123.500008
1129816800.000000,1.835176,124.200005
1129816800.000000,1.529313,124.900009
1129818600.000000,3.670352,126.300011
1129818600.000000,2.752764,125.600006
1129820400.000000,3.976214,128.400009
1129820400.000000,1.835176,123.500008
1129822200.000000,3.058626,126.300011
1129822200.000000,1.223451,125.600006
1129824000.000000,3.058626,122.800011
1129824000.000000,0.000000,122.100006
1129825800.000000,1.223451,126.300011
1129825800.000000,0.000000,124.900009
1129827600.000000,2.141038,122.800011
1129827600.000000,0.305863,122.800011
1129829400.000000,0.917588,126.300011
1129829400.000000,0.611725,127.000008
1129831200.000000,0.305863,123.500008
1129831200.000000,0.917588,124.200005
1129833000.000000,0.305863,125.600006
1129833000.000000,0.000000,124.200005
1129834800.000000,1.223451,127.000008
1129834800.000000,0.000000,125.600006
1129836600.000000,0.611725,128.400009
1129836600.000000,0.000000,124.900009
1129838400.000000,0.000000,127.700005
1129838400.000000,0.000000,124.900009
1129840200.000000,0.611725,127.000008
1129840200.000000,0.000000,123.500008
1129842000.000000,0.000000,122.800011
1129842000.000000,0.000000,126.300011
1129843800.000000,0.305863,125.600006
1129843800.000000,0.000000,122.800011
1129845600.000000,0.305863,123.500008
1129845600.000000,0.000000,126.300011
1129847400.000000,0.000000,122.800011
1129847400.000000,0.000000,124.900009
1129849200.000000,0.000000,127.000008
1129849200.000000,0.000000,127.700005
1129851000.000000,0.305863,122.100006
1129851000.000000,0.000000,124.200005
1129852800.000000,0.305863,127.700005
1129852800.000000,0.000000,127.700005
1129854600.000000,0.000000,124.200005
1129854600.000000,0.000000,122.100006
1129856400.000000,0.000000,127.700005
1129856400.000000,0.000000,123.500008
1129858200.000000,0.000000,123.500008
1129858200.000000,0.000000,121.400009
1129860000.000000,0.305863,122.800011
1129860000.000000,0.000000,124.900009
1129861800.000000,0.000000,122.100006
1129861800.000000,0.000000,125.600006
1129863600.000000,0.611725,128.400009
1129863600.000000,0.305863,124.900009
1129865400.000000,0.000000,127.000008
1129865400.000000,0.000000,126.300011
1129867200.000000,0.000000,123.500008
1129867200.000000,0.305863,124.200005
1129869000.000000,0.611725,127.000008
1129869000.000000,0.000000,124.900009
1129870800.000000,0.000000,122.800011
1129870800.000000,0.000000,124.900009
1129872600.000000,0.305863,132.600006
1129872600.000000,0.611725,126.300011
1129874400.000000,0.611725,124.900009
1129874400.000000,1.529313,127.000008
1129876200.000000,1.223451,123.500008
1129876200.000000,2.752764,125.600006
1129878000.000000,1.529313,122.800011
1129878000.000000,5.000000,123.500008
1129879800.000000,3.058626,123.500008
1129879800.000000,5.000000,126.300011
1129881600.000000,5.000000,123.500008
1129881600.000000,5.000000,124.200005
1129883400.000000,3.058626,125.600006
1129883400.000000,4.893802,123.500008
1129885200.000000,3.670352,125.600006
1129885200.000000,5.000000,123.500008
1129887000.000000,3.670352,124.200005
1129887000.000000,5.000000,126.300011
1129888800.000000,5.000000,125.600006
1129888800.000000,4.587939,123.500008
1129890600.000000,2.752764,128.400009
1129890600.000000,4.893802,124.900009
1129892400.000000,5.000000,127.700005
1129892400.000000,5.000000,123.500008
1129894200.000000,5.000000,125.600006
1129894200.000000,5.000000,123.500008
1129896000.000000,4.587939,125.600006
1129896000.000000,5.000000,123.500008
1129897800.000000,2.446901,126.300011
1129897800.000000,4.282077,124.200005
1129899600.000000,3.976214,123.500008
1129899600.000000,2.446901,125.600006
1129901400.000000,3.670352,123.500008
1129901400.000000,4.282077,124.200005
1129903200.000000,4.893802,126.300011
1129903200.000000,2.752764,126.300011
1129905000.000000,3.670352,126.300011
1129905000.000000,2.752764,124.200005
1129906800.000000,3.976214,127.000008
1129906800.000000,1.835176,129.800003
1129908600.000000,5.000000,130.500000
1129908600.000000,2.141038,121.400009
1129910400.000000,1.529313,124.200005
1129910400.000000,0.305863,125.600006
1129912200.000000,1.223451,122.800011
1129912200.000000,0.000000,122.800011
1129914000.000000,0.917588,123.500008
1129914000.000000,0.000000,125.600006
1129915800.000000,1.223451,124.200005
1129915800.000000,0.000000,123.500008
1129917600.000000,0.000000,123.500008
1129917600.000000,0.000000,124.200005
1129919400.000000,0.000000,122.100006
1129919400.000000,0.000000,124.900009
1129921200.000000,0.611725,124.200005
1129921200.000000,0.000000,127.000008
1129923000.000000,0.000000,123.500008
1129923000.000000,0.000000,125.600006
1129924800.000000,0.305863,124.200005
1129924800.000000,0.000000,131.900009
1129926600.000000,0.000000,126.300011
1129926600.000000,0.000000,123.500008
1129928400.000000,0.305863,124.900009
1129928400.000000,0.000000,123.500008
1129930200.000000,0.305863,127.000008
1129930200.000000,0.000000,124.200005
1129932000.000000,0.611725,127.700005
1129932000.000000,0.000000,123.500008
1129933800.000000,0.000000,124.900009
1129933800.000000,0.000000,125.600006
1129935600.000000,0.000000,129.100006
1129935600.000000,0.000000,121.400009
1129937400.000000,0.305863,122.100006
1129937400.000000,0.000000,125.600006
1129939200.000000,0.000000,124.200005
1129939200.000000,0.000000,122.100006
1129941000.000000,0.000000,122.800011
1129941000.000000,0.000000,127.000008
1129942800.000000,0.000000,125.600006
1129942800.000000,0.000000,124.200005
1129944600.000000,0.000000,129.100006
1129944600.000000,0.000000,125.600006
1129946400.000000,0.305863,129.100006
1129946400.000000,0.000000,125.600006
1129948200.000000,0.000000,125.600006
1129948200.000000,0.000000,124.900009
1129950000.000000,0.305863,123.500008
1129950000.000000,0.000000,124.900009
1129951800.000000,0.000000,122.100006
1129951800.000000,0.000000,122.800011
1129953600.000000,0.000000,124.200005
1129953600.000000,0.000000,122.800011
1129955400.000000,0.000000,124.200005
1129955400.000000,0.000000,123.500008
1129957200.000000,0.000000,123.500008
1129957200.000000,0.000000,125.600006
1129959000.000000,0.000000,127.700005
1129959000.000000,0.000000,124.900009
1129960800.000000,0.000000,127.000008
1129960800.000000,0.000000,124.900009
1129962600.000000,0.000000,129.100006
1129962600.000000,0.000000,126.300011
1129964400.000000,0.000000,122.800011
1129964400.000000,0.000000,126.300011
1129966200.000000,0.000000,124.900009
1129966200.000000,0.000000,123.500008
1129968000.000000,0.000000,123.500008
1129968000.000000,0.000000,123.500008
1129969800.000000,0.000000,124.900009
1129969800.000000,0.000000,123.500008
1129971600.000000,0.000000,125.600006
1129971600.000000,0.000000,123.500008
1129973400.000000,0.305863,127.000008
1129973400.000000,0.000000,122.800011
1129975200.000000,0.000000,124.900009
1129975200.000000,0.000000,124.900009
1129977000.000000,0.000000,125.600006
1129977000.000000,0.000000,124.900009
1129978800.000000,0.305863,124.900009
1129978800.000000,0.000000,127.000008
1129980600.000000,0.000000,123.500008
1129980600.000000,0.000000,124.200005
1129982400.000000,0.000000,129.800003
1129982400.000000,0.000000,124.900009
1129984200.000000,0.305863,125.600006
1129984200.000000,0.000000,122.100006
1129986000.000000,1.223451,125.600006
1129986000.000000,0.000000,125.600006
1129987800.000000,0.305863,125.600006
1129987800.000000,0.000000,123.500008
1129989600.000000,0.305863,124.200005
1129989600.000000,0.000000,123.500008
1129991400.000000,0.000000,125.600006
1129991400.000000,0.000000,121.400009
1129993200.000000,0.611725,125.600006
1129993200.000000,0.000000,126.300011
1129995000.000000,0.611725,126.300011
1129995000.000000,0.000000,124.900009
1129996800.000000,0.611725,124.900009
1129996800.000000,0.305863,124.900009
1129998600.000000,0.305863,125.600006
1129998600.000000,0.000000,123.500008
1130000400.000000,0.000000,127.000008
1130000400.000000,0.000000,126.300011
1130002200.000000,0.611725,127.000008
1130002200.000000,0.000000,124.900009
1130004000.000000,0.000000,123.500008
1130004000.000000,0.000000,124.900009
1130005800.000000,0.000000,124.900009
1130005800.000000,0.000000,125.600006
1130007600.000000,0.000000,124.900009
1130007600.000000,0.000000,124.200005
1130009400.000000,0.000000,124.900009
1130009400.000000,0.000000,125.600006
1130011200.000000,0.000000,124.200005
1130011200.000000,0.000000,122.800011
1130013000.000000,0.000000,122.800011
1130013000.000000,0.000000,123.500008
1130014800.000000,0.305863,126.300011
1130014800.000000,0.000000,126.300011
1130016600.000000,0.611725,126.300011
1130016600.000000,0.000000,124.900009
1130018400.000000,0.000000,127.000008
1130018400.000000,0.000000,122.800011
1130020200.000000,0.000000,127.700005
1130020200.000000,0.000000,125.600006
1130022000.000000,0.000000,128.400009
1130022000.000000,0.000000,122.100006
1130023800.000000,0.000000,122.800011
1130023800.000000,0.000000,127.700005
1130025600.000000,0.000000,124.900009
1130025600.000000,0.000000,124.200005
1130027400.000000,0.000000,125.600006
1130027400.000000,0.000000,123.500008
1130029200.000000,0.000000,123.500008
1130029200.000000,0.000000,122.800011
1130031000.000000,0.000000,126.300011
1130031000.000000,0.000000,122.800011
1130032800.000000,0.305863,124.900009
1130032800.000000,0.000000,125.600006
1130034600.000000,0.000000,130.500000
1130034600.000000,0.000000,124.900009
1130036400.000000,0.000000,122.800011
1130036400.000000,0.000000,127.000008
1130038200.000000,0.000000,123.500008
1130038200.000000,0.000000,124.200005
1130040000.000000,0.000000,122.800011
1130040000.000000,0.000000,124.200005
1130041800.000000,0.000000,123.500008
1130041800.000000,0.000000,123.500008
1130043600.000000,0.000000,126.300011
1130043600.000000,0.000000,126.300011
1130045400.000000,0.000000,126.300011
1130045400.000000,0.000000,124.200005
1130047200.000000,0.000000,124.900009
1130047200.000000,0.000000,126.300011
1130049000.000000,0.000000,123.500008
1130049000.000000,0.000000,122.100006
1130050800.000000,0.000000,124.900009
1130050800.000000,0.000000,125.600006
1130052600.000000,0.000000,127.000008
1130052600.000000,0.000000,122.800011
1130054400.000000,0.000000,125.600006
1130054400.000000,0.000000,122.800011
1130056200.000000,0.000000,124.200005
1130056200.000000,0.000000,123.500008
1130058000.000000,0.000000,128.400009
1130058000.000000,0.000000,127.000008
1130059800.000000,0.000000,129.800003
1130059800.000000,0.000000,122.800011
1130061600.000000,0.000000,124.200005
1130061600.000000,0.000000,122.800011
1130063400.000000,0.000000,122.800011
1130063400.000000,0.000000,126.300011
1130065200.000000,0.000000,124.900009
1130065200.000000,0.000000,124.900009
1130067000.000000,0.000000,124.200005
1130067000.000000,0.000000,126.300011
1130068800.000000,0.305863,125.600006
1130068800.000000,0.000000,123.500008
1130070600.000000,0.000000,124.900009
1130070600.000000,0.000000,123.500008
1130072400.000000,0.917588,124.200005
1130072400.000000,0.305863,125.600006
1130074200.000000,0.611725,127.000008
1130074200.000000,0.000000,124.900009
1130076000.000000,0.305863,127.700005
1130076000.000000,0.000000,124.200005
1130077800.000000,0.611725,122.100006
1130077800.000000,0.000000,123.500008
1130079600.000000,0.611725,124.900009
1130079600.000000,0.000000,124.200005
1130081400.000000,0.917588,125.600006
1130081400.000000,0.000000,122.100006
1130083200.000000,1.835176,124.200005
1130083200.000000,0.000000,124.900009
1130085000.000000,0.305863,126.300011
1130085000.000000,0.000000,126.300011
1130086800.000000,0.305863,124.200005
1130086800.000000,0.000000,123.500008
1130088600.000000,0.000000,129.800003
1130088600.000000,0.000000,123.500008
1130090400.000000,0.611725,126.300011
1130090400.000000,0.000000,124.900009
1130092200.000000,0.305863,124.900009
1130092200.000000,0.611725,125.600006
1130094000.000000,5.000000,121.400009
1130094000.000000,5.000000,124.200005
1130095800.000000,0.000000,125.600006
1130095800.000000,0.000000,124.200005
1130097600.000000,3.670352,127.000008
1130097600.000000,1.529313,123.500008
1130099400.000000,0.000000,126.300011
1130099400.000000,0.000000,124.900009
1130101200.000000,0.305863,124.900009
1130101200.000000,0.000000,125.600006
1130103000.000000,0.000000,128.400009
1130103000.000000,0.000000,123.500008
1130104800.000000,0.000000,124.200005
1130104800.000000,0.000000,122.100006
1130106600.000000,0.305863,126.300011
1130106600.000000,0.000000,122.800011
1130108400.000000,0.305863,125.600006
1130108400.000000,0.000000,123.500008
1130110200.000000,0.000000,126.300011
1130110200.000000,0.000000,122.100006
1130112000.000000,0.000000,125.600006
1130112000.000000,0.000000,124.200005
1130113800.000000,0.305863,125.600006
1130113800.000000,0.000000,124.200005
1130115600.000000,0.000000,124.200005
1130115600.000000,0.000000,124.900009
1130117400.000000,0.000000,124.200005
1130117400.000000,0.000000,125.600006
1130119200.000000,0.000000,124.200005
1130119200.000000,0.000000,126.300011
1130121000.000000,0.000000,124.900009
1130121000.000000,0.000000,122.800011
1130122800.000000,0.000000,126.300011
1130122800.000000,0.000000,124.900009
1130124600.000000,0.000000,127.000008
1130124600.000000,0.000000,126.300011
1130126400.000000,0.305863,127.700005
1130126400.000000,0.000000,124.900009
1130128200.000000,0.917588,124.200005
1130128200.000000,0.000000,124.900009
1130130000.000000,1.529313,123.500008
1130130000.000000,1.529313,123.500008
1130131800.000000,0.000000,123.500008
1130131800.000000,0.611725,127.700005
1130133600.000000,0.305863,124.900009
1130133600.000000,1.529313,123.500008
1130135400.000000,1.223451,125.600006
1130135400.000000,3.976214,121.400009
1130137200.000000,0.305863,125.600006
1130137200.000000,2.141038,122.800011
1130139000.000000,0.305863,125.600006
1130139000.000000,2.141038,125.600006
1130140800.000000,1.835176,127.000008
1130140800.000000,3.976214,122.100006
1130142600.000000,2.752764,124.200005
1130142600.000000,3.670352,126.300011
1130144400.000000,3.670352,123.500008
1130144400.000000,5.000000,124.200005
1130146200.000000,3.670352,130.500000
1130146200.000000,3.670352,121.400009
1130148000.000000,5.000000,123.500008
1130148000.000000,3.364489,124.200005
1130149800.000000,4.587939,124.200005
1130149800.000000,5.000000,123.500008
1130151600.000000,5.000000,124.200005
1130151600.000000,5.000000,124.900009
1130153400.000000,3.364489,125.600006
1130153400.000000,5.000000,126.300011
1130155200.000000,2.141038,124.200005
1130155200.000000,4.587939,127.000008
1130157000.000000,3.058626,125.600006
1130157000.000000,5.000000,123.500008
1130158800.000000,3.670352,122.100006
1130158800.000000,3.670352,125.600006
1130160600.000000,3.976214,130.500000
1130160600.000000,4.282077,124.900009
1130162400.000000,3.670352,126.300011
1130162400.000000,2.141038,125.600006
1130164200.000000,5.000000,127.700005
1130164200.000000,2.141038,123.500008
1130166000.000000,4.282077,123.500008
1130166000.000000,3.670352,122.800011
1130167800.000000,5.000000,125.600006
1130167800.000000,5.000000,121.400009
1130169600.000000,5.000000,122.100006
1130169600.000000,5.000000,122.100006
1130171400.000000,4.587939,128.400009
1130171400.000000,5.000000,124.200005
1130173200.000000,5.000000,124.900009
1130173200.000000,5.000000,125.600006
1130175000.000000,5.000000,127.000008
1130175000.000000,3.058626,123.500008
1130176800.000000,3.670352,127.700005
1130176800.000000,5.000000,122.100006
1130178600.000000,5.000000,123.500008
1130178600.000000,3.670352,122.100006
1130180400.000000,5.000000,126.300011
1130180400.000000,0.611725,125.600006
1130182200.000000,5.000000,124.200005
1130182200.000000,0.000000,127.700005
1130184000.000000,0.305863,124.900009
1130184000.000000,0.000000,122.800011
1130185800.000000,0.611725,122.800011
1130185800.000000,0.000000,125.600006
1130187600.000000,0.000000,125.600006
1130187600.000000,0.000000,126.300011
1130189400.000000,1.223451,125.600006
1130189400.000000,0.000000,126.300011
1130191200.000000,0.305863,123.500008
1130191200.000000,0.000000,124.200005
1130193000.000000,0.305863,122.800011
1130193000.000000,0.000000,123.500008
1130194800.000000,0.917588,125.600006
1130194800.000000,0.000000,122.800011
1130196600.000000,0.000000,123.500008
1130196600.000000,0.000000,126.300011
1130198400.000000,0.000000,124.900009
1130198400.000000,0.000000,124.200005
1130200200.000000,0.000000,127.700005
1130200200.000000,0.000000,122.100006
1130202000.000000,0.305863,124.900009
1130202000.000000,0.000000,124.900009
1130203800.000000,0.305863,127.700005
1130203800.000000,0.000000,124.200005
1130205600.000000,0.000000,127.700005
1130205600.000000,0.000000,124.900009
1130207400.000000,0.000000,123.500008
1130207400.000000,0.000000,125.600006
1130209200.000000,0.611725,123.500008
1130209200.000000,0.305863,124.200005
1130211000.000000,0.000000,124.200005
1130211000.000000,0.000000,122.800011
1130212800.000000,0.000000,124.200005
1130212800.000000,0.000000,124.200005
1130214600.000000,0.000000,124.900009
1130214600.000000,0.000000,122.800011
1130216400.000000,0.000000,128.400009
1130216400.000000,0.000000,127.000008
1130218200.000000,0.000000,124.200005
1130218200.000000,0.000000,127.000008
1130220000.000000,0.000000,127.000008
1130220000.000000,2.141038,123.500008
1130221800.000000,0.611725,125.600006
1130221800.000000,0.611725,124.200005
1130223600.000000,1.223451,126.300011
1130223600.000000,3.670352,124.200005
1130225400.000000,0.611725,123.500008
1130225400.000000,5.000000,122.800011
1130227200.000000,3.058626,123.500008
1130227200.000000,5.000000,122.100006
1130229000.000000,3.058626,122.100006
1130229000.000000,3.976214,125.600006
1130230800.000000,4.282077,123.500008
1130230800.000000,2.446901,124.900009
1130232600.000000,4.587939,127.000008
1130232600.000000,4.282077,122.100006
1130234400.000000,5.000000,126.300011
1130234400.000000,3.364489,122.800011
1130236200.000000,3.364489,129.800003
1130236200.000000,4.893802,122.800011
1130238000.000000,4.282077,127.700005
1130238000.000000,5.000000,124.200005
1130239800.000000,5.000000,127.700005
1130239800.000000,5.000000,124.200005
1130241600.000000,3.976214,123.500008
1130241600.000000,3.670352,124.900009
1130243400.000000,3.670352,127.700005
1130243400.000000,5.000000,124.200005
1130245200.000000,4.587939,123.500008
1130245200.000000,5.000000,123.500008
1130247000.000000,3.058626,124.900009
1130247000.000000,5.000000,124.200005
1130248800.000000,2.752764,126.300011
1130248800.000000,1.835176,128.400009
1130250600.000000,5.000000,124.200005
1130250600.000000,3.058626,125.600006
1130252400.000000,5.000000,124.900009
1130252400.000000,2.446901,122.800011
1130254200.000000,1.835176,123.500008
1130254200.000000,1.529313,121.400009
1130256000.000000,4.893802,120.700005
1130256000.000000,1.223451,127.700005
1130257800.000000,1.223451,122.800011
1130257800.000000,0.000000,124.200005
1130259600.000000,0.917588,127.000008
1130259600.000000,0.000000,124.200005
1130261400.000000,2.141038,124.200005
1130261400.000000,0.917588,125.600006
1130263200.000000,1.529313,126.300011
1130263200.000000,0.305863,123.500008
1130265000.000000,0.305863,127.000008
1130265000.000000,0.000000,125.600006
1130266800.000000,0.611725,124.200005
1130266800.000000,0.000000,123.500008
1130268600.000000,0.000000,125.600006
1130268600.000000,0.000000,123.500008
1130270400.000000,1.529313,126.300011
1130270400.000000,0.000000,123.500008
1130272200.000000,0.305863,124.200005
1130272200.000000,0.305863,123.500008
1130274000.000000,0.611725,123.500008
1130274000.000000,0.000000,127.000008
1130275800.000000,0.000000,127.000008
1130275800.000000,0.000000,122.800011
1130277600.000000,0.305863,129.100006
1130277600.000000,0.000000,124.900009
1130279400.000000,0.917588,124.900009
1130279400.000000,0.000000,125.600006
1130281200.000000,0.000000,123.500008
1130281200.000000,0.000000,124.200005
1130283000.000000,0.305863,121.400009
1130283000.000000,0.000000,124.900009
1130284800.000000,0.000000,124.900009
1130284800.000000,0.000000,123.500008
1130286600.000000,0.000000,125.600006
1130286600.000000,0.000000,124.200005
1130288400.000000,0.000000,124.200005
1130288400.000000,0.000000,127.700005
1130290200.000000,0.000000,124.900009
1130290200.000000,0.000000,123.500008
1130292000.000000,0.000000,121.400009
1130292000.000000,0.000000,123.500008
1130293800.000000,0.305863,129.100006
1130293800.000000,0.000000,124.900009
1130295600.000000,0.000000,127.700005
1130295600.000000,0.000000,123.500008
1130297400.000000,0.305863,124.900009
1130297400.000000,0.305863,124.200005
1130299200.000000,0.000000,121.400009
1130299200.000000,0.000000,124.200005
1130301000.000000,0.000000,126.300011
1130301000.000000,0.000000,121.400009
1130302800.000000,0.611725,125.600006
1130302800.000000,0.611725,124.200005
1130304600.000000,0.000000,124.200005
1130304600.000000,0.000000,124.200005
1130306400.000000,0.000000,127.000008
1130306400.000000,0.305863,125.600006
1130308200.000000,0.000000,125.600006
1130308200.000000,1.223451,124.200005
1130310000.000000,1.223451,122.100006
1130310000.000000,3.670352,129.800003
1130311800.000000,0.305863,122.800011
1130311800.000000,3.058626,124.200005
1130313600.000000,1.223451,127.000008
1130313600.000000,5.000000,121.400009
1130315400.000000,5.000000,124.900009
1130315400.000000,3.670352,126.300011
1130317200.000000,4.587939,127.700005
1130317200.000000,4.282077,122.100006
1130319000.000000,1.835176,124.200005
1130319000.000000,4.587939,122.800011
1130320800.000000,5.000000,122.800011
1130320800.000000,3.976214,125.600006
1130322600.000000,4.587939,122.100006
1130322600.000000,5.000000,123.500008
1130324400.000000,5.000000,124.200005
1130324400.000000,5.000000,125.600006
1130326200.000000,3.058626,125.600006
1130326200.000000,5.000000,129.100006
1130328000.000000,3.976214,127.700005
1130328000.000000,4.587939,124.900009
1130329800.000000,3.976214,126.300011
1130329800.000000,2.752764,120.700005
1130331600.000000,2.446901,122.800011
1130331600.000000,4.587939,125.600006
1130333400.000000,2.752764,126.300011
1130333400.000000,4.893802,127.700005
1130335200.000000,3.058626,124.200005
1130335200.000000,1.835176,122.800011
1130337000.000000,4.587939,122.800011
1130337000.000000,2.141038,126.300011
1130338800.000000,4.587939,123.500008
1130338800.000000,2.446901,124.200005
1130340600.000000,3.976214,122.100006
1130340600.000000,1.529313,125.600006
1130342400.000000,2.446901,124.900009
1130342400.000000,0.305863,122.100006
1130344200.000000,1.529313,126.300011
1130344200.000000,0.000000,124.200005
1130346000.000000,1.529313,124.200005
1130346000.000000,0.611725,123.500008
1130347800.000000,1.835176,124.900009
1130347800.000000,0.000000,127.000008
1130349600.000000,1.835176,126.300011
1130349600.000000,0.000000,126.300011
1130351400.000000,0.305863,129.800003
1130351400.000000,0.000000,121.400009
1130353200.000000,0.000000,126.300011
1130353200.000000,0.000000,121.400009
1130355000.000000,0.611725,122.800011
1130355000.000000,0.000000,122.800011
1130356800.000000,0.000000,125.600006
1130356800.000000,0.000000,122.800011
1130358600.000000,0.305863,122.800011
1130358600.000000,0.000000,124.200005
1130360400.000000,0.305863,123.500008
1130360400.000000,0.000000,127.000008
1130362200.000000,0.305863,127.000008
1130362200.000000,0.000000,122.800011
1130364000.000000,0.000000,124.200005
1130364000.000000,0.000000,127.000008
1130365800.000000,0.611725,126.300011
1130365800.000000,0.000000,122.800011
1130367600.000000,0.000000,123.500008
1130367600.000000,0.000000,129.800003
1130369400.000000,0.000000,123.500008
1130369400.000000,0.000000,126.300011
1130371200.000000,0.000000,123.500008
1130371200.000000,0.000000,126.300011
1130373000.000000,0.611725,124.900009
1130373000.000000,0.000000,124.200005
1130374800.000000,0.305863,122.100006
1130374800.000000,0.000000,124.200005
1130376600.000000,0.305863,124.200005
1130376600.000000,0.000000,123.500008
1130378400.000000,0.000000,129.800003
1130378400.000000,0.000000,124.900009
1130380200.000000,0.000000,124.200005
1130380200.000000,0.000000,121.400009
1130382000.000000,0.000000,125.600006
1130382000.000000,0.000000,125.600006
1130383800.000000,0.305863,124.200005
1130383800.000000,0.000000,124.900009
1130385600.000000,0.000000,126.300011
1130385600.000000,0.000000,122.800011
1130387400.000000,0.000000,125.600006
1130387400.000000,0.000000,120.700005
1130389200.000000,0.000000,125.600006
1130389200.000000,0.000000,124.900009
1130391000.000000,0.000000,123.500008
1130391000.000000,0.611725,122.800011
1130392800.000000,0.917588,126.300011
1130392800.000000,0.305863,124.200005
1130394600.000000,0.305863,123.500008
1130394600.000000,1.529313,127.000008
1130396400.000000,0.305863,124.900009
1130396400.000000,1.529313,124.200005
1130398200.000000,0.305863,123.500008
1130398200.000000,3.670352,125.600006
1130400000.000000,1.529313,122.800011
1130400000.000000,1.835176,124.900009
1130401800.000000,1.223451,124.900009
1130401800.000000,1.835176,127.000008
1130403600.000000,2.752764,130.500000
1130403600.000000,3.364489,123.500008
1130405400.000000,2.141038,124.900009
1130405400.000000,2.752764,123.500008
1130407200.000000,3.670352,122.800011
1130407200.000000,3.058626,127.000008
1130409000.000000,2.446901,124.200005
1130409000.000000,3.058626,123.500008
1130410800.000000,0.917588,123.500008
1130410800.000000,5.000000,124.900009
1130412600.000000,4.587939,124.900009
1130412600.000000,5.000000,124.200005
1130414400.000000,3.670352,124.900009
1130414400.000000,2.446901,121.400009
1130416200.000000,4.282077,125.600006
1130416200.000000,4.893802,120.000008
1130418000.000000,2.141038,124.200005
1130418000.000000,3.364489,124.900009
1130419800.000000,3.976214,126.300011
1130419800.000000,4.282077,123.500008
1130421600.000000,3.058626,127.000008
1130421600.000000,3.670352,122.800011
1130423400.000000,5.000000,123.500008
1130423400.000000,3.058626,127.700005
1130425200.000000,4.893802,124.200005
1130425200.000000,4.587939,124.200005
1130427000.000000,3.976214,124.200005
1130427000.000000,1.835176,124.200005
1130428800.000000,3.670352,126.300011
1130428800.000000,0.305863,124.900009
1130430600.000000,2.141038,124.900009
1130430600.000000,0.305863,126.300011
1130432400.000000,0.000000,123.500008
1130432400.000000,0.000000,126.300011
1130434200.000000,0.917588,127.000008
1130434200.000000,0.000000,122.800011
1130436000.000000,0.611725,124.200005
1130436000.000000,0.305863,128.400009
1130437800.000000,0.611725,124.900009
1130437800.000000,0.000000,124.200005
1130439600.000000,0.305863,122.100006
1130439600.000000,0.000000,126.300011
1130441400.000000,0.917588,124.200005
1130441400.000000,0.000000,121.400009
1130443200.000000,0.611725,123.500008
1130443200.000000,0.000000,122.800011
1130445000.000000,0.305863,122.800011
1130445000.000000,0.000000,123.500008
1130446800.000000,0.611725,128.400009
1130446800.000000,0.000000,124.200005
1130448600.000000,0.305863,127.000008
1130448600.000000,0.000000,124.900009
1130450400.000000,0.000000,124.200005
1130450400.000000,0.000000,124.200005
1130452200.000000,0.305863,124.200005
1130452200.000000,0.000000,123.500008
1130454000.000000,0.000000,124.200005
1130454000.000000,0.000000,124.200005
1130455800.000000,0.000000,122.100006
1130455800.000000,0.000000,124.200005
1130457600.000000,0.000000,125.600006
1130457600.000000,0.000000,124.900009
1130459400.000000,0.000000,124.900009
1130459400.000000,0.000000,124.900009
1130461200.000000,0.000000,124.200005
1130461200.000000,0.000000,126.300011
1130463000.000000,0.000000,125.600006
1130463000.000000,0.000000,127.700005
1130464800.000000,0.000000,126.300011
1130464800.000000,0.000000,125.600006
1130466600.000000,0.000000,124.200005
1130466600.000000,0.000000,124.200005
1130468400.000000,0.000000,125.600006
1130468400.000000,0.000000,121.400009
1130470200.000000,0.305863,124.200005
1130470200.000000,0.305863,125.600006
1130472000.000000,0.000000,121.400009
1130472000.000000,0.000000,124.900009
1130473800.000000,0.305863,122.800011
1130473800.000000,0.305863,122.800011
1130475600.000000,0.611725,128.400009
1130475600.000000,0.917588,123.500008
1130477400.000000,0.000000,123.500008
1130477400.000000,0.000000,124.900009
1130479200.000000,0.305863,127.700005
1130479200.000000,1.223451,124.200005
1130481000.000000,1.223451,124.900009
1130481000.000000,2.446901,122.100006
1130482800.000000,3.670352,121.400009
1130482800.000000,5.000000,126.300011
1130484600.000000,2.141038,122.100006
1130484600.000000,5.000000,122.800011
1130486400.000000,5.000000,123.500008
1130486400.000000,5.000000,125.600006
1130488200.000000,5.000000,125.600006
1130488200.000000,5.000000,124.900009
1130490000.000000,2.141038,127.000008
1130490000.000000,2.752764,126.300011
1130491800.000000,0.917588,125.600006
1130491800.000000,2.446901,128.400009
1130493600.000000,5.000000,124.200005
1130493600.000000,5.000000,124.900009
1130495400.000000,3.058626,126.300011
1130495400.000000,3.364489,124.200005
1130497200.000000,3.670352,123.500008
1130497200.000000,5.000000,122.800011
1130499000.000000,2.752764,122.800011
1130499000.000000,4.282077,121.400009
1130500800.000000,4.587939,123.500008
1130500800.000000,5.000000,124.900009
1130502600.000000,5.000000,123.500008
1130502600.000000,3.976214,124.200005
1130504400.000000,5.000000,126.300011
1130504400.000000,2.446901,122.100006
1130506200.000000,3.364489,122.100006
1130506200.000000,5.000000,122.800011
1130508000.000000,3.058626,128.400009
1130508000.000000,1.835176,124.200005
1130509800.000000,1.529313,127.700005
1130509800.000000,4.587939,123.500008
1130511600.000000,3.976214,125.600006
1130511600.000000,0.917588,126.300011
1130513400.000000,2.752764,124.200005
1130513400.000000,0.305863,126.300011
1130515200.000000,3.364489,124.200005
1130515200.000000,0.305863,125.600006
1130517000.000000,0.917588,123.500008
1130517000.000000,0.000000,121.400009
1130518800.000000,0.611725,123.500008
1130518800.000000,0.000000,124.900009
1130520600.000000,0.611725,122.800011
1130520600.000000,0.000000,126.300011
1130522400.000000,0.000000,123.500008
1130522400.000000,0.000000,127.700005
1130524200.000000,1.529313,124.200005
1130524200.000000,0.000000,126.300011
1130526000.000000,0.000000,123.500008
1130526000.000000,0.000000,124.900009
1130527800.000000,0.917588,125.600006
1130527800.000000,0.000000,128.400009
1130529600.000000,0.305863,125.600006
1130529600.000000,0.000000,124.200005
1130531400.000000,0.000000,121.400009
1130531400.000000,0.000000,122.800011
1130533200.000000,0.917588,124.900009
1130533200.000000,0.305863,122.800011
1130535000.000000,0.611725,126.300011
1130535000.000000,0.000000,124.200005
1130536800.000000,0.000000,124.200005
1130536800.000000,0.000000,127.700005
1130538600.000000,0.000000,127.000008
1130538600.000000,0.000000,121.400009
1130540400.000000,0.305863,124.200005
1130540400.000000,0.000000,121.400009
1130542200.000000,0.000000,124.900009
1130542200.000000,0.000000,123.500008
1130544000.000000,0.000000,127.700005
1130544000.000000,0.000000,126.300011
1130545800.000000,0.000000,123.500008
1130545800.000000,0.000000,124.900009
1130547600.000000,0.000000,123.500008
1130547600.000000,0.000000,125.600006
1130549400.000000,0.000000,125.600006
1130549400.000000,0.000000,122.800011
1130551200.000000,0.305863,127.000008
1130551200.000000,0.000000,120.700005
1130553000.000000,0.000000,123.500008
1130553000.000000,0.000000,123.500008
1130554800.000000,0.000000,122.800011
1130554800.000000,0.000000,127.700005
1130556600.000000,0.000000,124.900009
1130556600.000000,0.000000,122.800011
1130558400.000000,0.000000,123.500008
1130558400.000000,0.000000,126.300011
1130560200.000000,0.000000,122.800011
1130560200.000000,0.000000,126.300011
1130562000.000000,0.000000,124.200005
1130562000.000000,0.000000,125.600006
1130563800.000000,0.000000,122.100006
1130563800.000000,0.000000,127.000008
1130565600.000000,0.000000,124.900009
1130565600.000000,0.000000,124.200005
1130567400.000000,0.000000,124.900009
1130567400.000000,0.000000,121.400009
1130569200.000000,0.000000,127.000008
1130569200.000000,0.000000,122.800011
1130571000.000000,0.000000,125.600006
1130571000.000000,0.000000,125.600006
1130572800.000000,0.000000,125.600006
1130572800.000000,0.000000,123.500008
1130574600.000000,0.000000,120.000008
1130574600.000000,0.000000,124.200005
1130576400.000000,0.000000,124.900009
1130576400.000000,0.000000,122.100006
1130578200.000000,0.000000,124.200005
1130578200.000000,0.000000,124.900009
1130580000.000000,0.000000,127.700005
1130580000.000000,0.000000,123.500008
1130581800.000000,0.000000,122.800011
1130581800.000000,0.000000,124.900009
1130583600.000000,0.000000,124.900009
1130583600.000000,0.000000,127.700005
1130585400.000000,0.000000,129.100006
1130585400.000000,0.000000,126.300011
1130587200.000000,0.611725,126.300011
1130587200.000000,0.000000,122.800011
1130589000.000000,0.305863,122.800011
1130589000.000000,0.000000,125.600006
1130590800.000000,0.000000,124.200005
1130590800.000000,0.000000,122.800011
1130592600.000000,0.000000,123.500008
1130592600.000000,0.000000,123.500008
1130594400.000000,0.917588,123.500008
1130594400.000000,0.000000,120.700005
1130596200.000000,0.917588,126.300011
1130596200.000000,0.000000,122.800011
1130598000.000000,0.305863,126.300011
1130598000.000000,0.000000,125.600006
1130599800.000000,0.305863,125.600006
1130599800.000000,0.000000,121.400009
1130601600.000000,0.917588,128.400009
1130601600.000000,0.000000,124.200005
1130603400.000000,0.000000,123.500008
1130603400.000000,0.000000,124.900009
1130605200.000000,0.305863,122.800011
1130605200.000000,0.000000,126.300011
1130607000.000000,0.917588,124.900009
1130607000.000000,0.000000,122.100006
1130608800.000000,0.000000,123.500008
1130608800.000000,0.000000,126.300011
1130610600.000000,1.529313,127.000008
1130610600.000000,0.000000,124.200005
1130612400.000000,0.305863,122.800011
1130612400.000000,0.000000,124.900009
1130614200.000000,0.000000,124.900009
1130614200.000000,0.000000,122.100006
1130616000.000000,0.000000,125.600006
1130616000.000000,0.000000,123.500008
1130617800.000000,0.305863,123.500008
1130617800.000000,0.000000,123.500008
1130619600.000000,0.305863,124.200005
1130619600.000000,0.000000,123.500008
1130621400.000000,0.000000,124.900009
1130621400.000000,0.000000,123.500008
1130623200.000000,0.000000,127.000008
1130623200.000000,0.000000,127.000008
1130625000.000000,0.611725,125.600006
1130625000.000000,0.000000,125.600006
1130626800.000000,0.000000,125.600006
1130626800.000000,0.000000,124.200005
1130628600.000000,0.000000,125.600006
1130628600.000000,0.000000,122.100006
1130630400.000000,0.611725,123.500008
1130630400.000000,0.000000,123.500008
1130632200.000000,0.000000,124.900009
1130632200.000000,0.000000,124.900009
1130634000.000000,0.000000,124.200005
1130634000.000000,0.000000,123.500008
1130635800.000000,0.000000,125.600006
1130635800.000000,0.000000,123.500008
1130637600.000000,0.000000,124.900009
1130637600.000000,0.000000,125.600006
1130639400.000000,0.000000,126.300011
1130639400.000000,0.000000,120.000008
1130641200.000000,0.305863,126.300011
1130641200.000000,0.000000,124.900009
1130643000.000000,0.000000,122.800011
1130643000.000000,0.000000,123.500008
1130644800.000000,0.000000,124.200005
1130644800.000000,0.000000,126.300011
1130646600.000000,0.000000,122.100006
1130646600.000000,0.000000,123.500008
1130648400.000000,0.000000,125.600006
1130648400.000000,0.000000,121.400009
1130650200.000000,0.000000,127.700005
1130650200.000000,0.000000,123.500008
1130652000.000000,0.000000,125.600006
1130652000.000000,0.000000,124.900009
1130653800.000000,0.000000,124.900009
1130653800.000000,0.000000,124.200005
1130655600.000000,0.611725,122.100006
1130655600.000000,0.000000,123.500008
1130657400.000000,0.000000,123.500008
1130657400.000000,0.000000,127.000008
1130659200.000000,0.000000,123.500008
1130659200.000000,0.000000,124.200005
1130661000.000000,0.000000,126.300011
1130661000.000000,0.000000,123.500008
1130662800.000000,0.305863,122.100006
1130662800.000000,0.000000,127.700005
1130664600.000000,0.000000,125.600006
1130664600.000000,0.000000,124.900009
1130666400.000000,0.000000,125.600006
1130666400.000000,0.000000,124.900009
1130668200.000000,0.000000,126.300011
1130668200.000000,0.000000,124.200005
1130670000.000000,0.000000,125.600006
1130670000.000000,0.000000,122.800011
1130671800.000000,0.305863,123.500008
1130671800.000000,0.000000,124.200005
1130673600.000000,0.000000,126.300011
1130673600.000000,0.000000,122.100006
1130675400.000000,0.000000,124.200005
1130675400.000000,0.000000,124.200005
1130677200.000000,0.000000,126.300011
1130677200.000000,0.000000,122.800011
1130679000.000000,0.000000,127.000008
1130679000.000000,0.000000,124.900009
1130680800.000000,0.000000,124.200005
1130680800.000000,0.000000,122.800011
1130682600.000000,0.000000,125.600006
1130682600.000000,0.000000,124.200005
1130684400.000000,0.611725,121.400009
1130684400.000000,0.000000,125.600006
1130686200.000000,0.000000,125.600006
1130686200.000000,0.000000,122.800011
1130688000.000000,0.611725,126.300011
1130688000.000000,0.000000,124.200005
1130689800.000000,0.305863,122.100006
1130689800.000000,0.000000,123.500008
1130691600.000000,0.000000,123.500008
1130691600.000000,0.000000,128.400009
1130693400.000000,0.305863,124.200005
1130693400.000000,0.000000,124.200005
1130695200.000000,0.917588,122.800011
1130695200.000000,0.000000,123.500008
1130697000.000000,0.305863,127.000008
1130697000.000000,0.305863,122.800011
1130698800.000000,0.000000,125.600006
1130698800.000000,0.000000,126.300011
1130700600.000000,0.305863,123.500008
1130700600.000000,0.000000,121.400009
1130702400.000000,0.000000,124.200005
1130702400.000000,0.000000,124.900009
1130704200.000000,0.305863,123.500008
1130704200.000000,0.000000,124.200005
1130706000.000000,0.000000,126.300011
1130706000.000000,0.000000,124.200005
1130707800.000000,0.000000,124.200005
1130707800.000000,0.000000,122.100006
1130709600.000000,0.000000,125.600006
1130709600.000000,0.000000,122.800011
1130711400.000000,0.000000,126.300011
1130711400.000000,0.000000,124.200005
1130713200.000000,0.000000,122.100006
1130713200.000000,0.000000,126.300011
1130715000.000000,0.000000,125.600006
1130715000.000000,0.000000,123.500008
1130716800.000000,0.000000,124.900009
1130716800.000000,0.000000,125.600006
1130718600.000000,0.000000,123.500008
1130718600.000000,0.000000,123.500008
1130720400.000000,0.000000,124.200005
1130720400.000000,0.000000,122.800011
1130722200.000000,0.000000,124.200005
1130722200.000000,0.000000,125.600006
1130724000.000000,0.000000,125.600006
1130724000.000000,0.000000,127.000008
1130725800.000000,0.000000,123.500008
1130725800.000000,0.000000,124.200005
1130727600.000000,0.000000,124.900009
1130727600.000000,0.000000,124.900009
1130729400.000000,0.305863,125.600006
1130729400.000000,0.000000,124.200005
1130731200.000000,0.000000,127.000008
1130731200.000000,0.000000,124.200005
1130733000.000000,0.000000,122.100006
1130733000.000000,0.000000,124.900009
1130734800.000000,0.611725,121.400009
1130734800.000000,0.000000,124.200005
1130736600.000000,0.000000,126.300011
1130736600.000000,0.305863,124.200005
1130738400.000000,0.000000,122.100006
1130738400.000000,0.917588,124.900009
1130740200.000000,0.305863,123.500008
1130740200.000000,0.611725,122.100006
1130742000.000000,0.305863,123.500008
1130742000.000000,0.611725,124.900009
1130743800.000000,0.305863,125.600006
1130743800.000000,5.000000,126.300011
1130745600.000000,0.611725,124.200005
1130745600.000000,3.670352,124.200005
1130747400.000000,0.305863,127.000008
1130747400.000000,2.141038,121.400009
1130749200.000000,1.529313,126.300011
1130749200.000000,3.364489,125.600006
1130751000.000000,5.000000,123.500008
1130751000.000000,5.000000,124.900009
1130752800.000000,4.282077,123.500008
1130752800.000000,5.000000,127.000008
1130754600.000000,1.223451,122.100006
1130754600.000000,2.752764,127.000008
1130756400.000000,5.000000,127.700005
1130756400.000000,1.223451,121.400009
1130758200.000000,3.670352,123.500008
1130758200.000000,2.752764,123.500008
1130760000.000000,3.364489,124.900009
1130760000.000000,5.000000,122.800011
1130761800.000000,1.529313,125.600006
1130761800.000000,5.000000,125.600006
1130763600.000000,3.058626,124.200005
1130763600.000000,5.000000,122.800011
1130765400.000000,2.752764,123.500008
1130765400.000000,3.364489,122.800011
1130767200.000000,5.000000,124.900009
1130767200.000000,5.000000,124.200005
1130769000.000000,5.000000,122.800011
1130769000.000000,5.000000,122.100006
1130770800.000000,5.000000,125.600006
1130770800.000000,3.976214,127.700005
1130772600.000000,5.000000,125.600006
1130772600.000000,3.976214,124.200005
1130774400.000000,5.000000,124.200005
1130774400.000000,2.446901,125.600006
1130776200.000000,5.000000,124.900009
1130776200.000000,2.141038,126.300011
1130778000.000000,5.000000,124.200005
1130778000.000000,0.305863,124.200005
1130779800.000000,2.752764,126.300011
1130779800.000000,0.000000,122.100006
1130781600.000000,1.529313,121.400009
1130781600.000000,0.000000,124.900009
1130783400.000000,1.529313,125.600006
1130783400.000000,0.000000,123.500008
1130785200.000000,0.917588,122.100006
1130785200.000000,0.000000,126.300011
1130787000.000000,1.223451,124.200005
1130787000.000000,0.000000,121.400009
1130788800.000000,0.305863,124.200005
1130788800.000000,0.000000,122.100006
1130790600.000000,0.305863,127.700005
1130790600.000000,0.000000,123.500008
1130792400.000000,0.611725,124.200005
1130792400.000000,0.000000,127.000008
1130794200.000000,0.305863,123.500008
1130794200.000000,0.000000,124.200005
1130796000.000000,0.917588,127.700005
1130796000.000000,0.000000,122.800011
1130797800.000000,0.305863,123.500008
1130797800.000000,0.000000,128.400009
1130799600.000000,0.611725,122.800011
1130799600.000000,0.611725,124.200005
1130801400.000000,0.611725,127.700005
1130801400.000000,0.000000,122.800011
1130803200.000000,0.305863,122.100006
1130803200.000000,0.000000,122.100006
1130805000.000000,0.000000,124.200005
1130805000.000000,0.000000,124.200005
1130806800.000000,0.000000,122.100006
1130806800.000000,0.000000,122.100006
1130808600.000000,0.305863,124.200005
1130808600.000000,0.000000,124.900009
1130810400.000000,0.000000,122.800011
1130810400.000000,0.000000,127.700005
1130812200.000000,0.000000,127.700005
1130812200.000000,0.000000,123.500008
1130814000.000000,0.000000,124.200005
1130814000.000000,0.000000,124.200005
1130815800.000000,0.000000,124.900009
1130815800.000000,0.000000,123.500008
1130817600.000000,0.000000,126.300011
1130817600.000000,0.000000,122.800011
1130819400.000000,0.000000,122.800011
1130819400.000000,0.000000,127.700005
1130821200.000000,0.611725,121.400009
1130821200.000000,0.611725,122.100006
1130823000.000000,0.000000,124.900009
1130823000.000000,0.000000,124.200005
1130824800.000000,1.529313,127.000008
1130824800.000000,0.917588,125.600006
1130826600.000000,0.000000,122.100006
1130826600.000000,0.305863,127.700005
1130828400.000000,0.611725,125.600006
1130828400.000000,3.364489,123.500008
1130830200.000000,1.835176,124.900009
1130830200.000000,5.000000,125.600006
1130832000.000000,1.223451,127.700005
1130832000.000000,4.282077,124.900009
1130833800.000000,2.141038,124.900009
1130833800.000000,3.364489,124.200005
1130835600.000000,1.529313,122.100006
1130835600.000000,5.000000,122.800011
1130837400.000000,2.141038,122.800011
1130837400.000000,4.282077,123.500008
1130839200.000000,3.058626,124.200005
1130839200.000000,5.000000,125.600006
1130841000.000000,5.000000,123.500008
1130841000.000000,3.058626,123.500008
1130842800.000000,5.000000,122.800011
1130842800.000000,3.364489,126.300011
1130844600.000000,3.058626,124.900009
1130844600.000000,3.670352,122.100006
1130846400.000000,5.000000,124.900009
1130846400.000000,3.976214,125.600006
1130848200.000000,2.752764,122.800011
1130848200.000000,5.000000,122.100006
1130850000.000000,1.529313,127.700005
1130850000.000000,4.893802,124.200005
1130851800.000000,2.141038,122.800011
1130851800.000000,3.058626,127.700005
1130853600.000000,3.364489,124.200005
1130853600.000000,5.000000,124.200005
1130855400.000000,3.364489,124.200005
1130855400.000000,5.000000,125.600006
1130857200.000000,5.000000,125.600006
1130857200.000000,3.364489,123.500008
1130859000.000000,3.976214,122.100006
1130859000.000000,3.364489,125.600006
1130860800.000000,5.000000,124.200005
1130860800.000000,5.000000,125.600006
1130862600.000000,5.000000,123.500008
1130862600.000000,5.000000,120.700005
1130864400.000000,5.000000,120.700005
1130864400.000000,5.000000,122.800011
1130866200.000000,5.000000,127.000008
1130866200.000000,5.000000,121.400009
1130868000.000000,5.000000,127.000008
1130868000.000000,5.000000,131.200012
1130869800.000000,5.000000,122.800011
1130869800.000000,5.000000,124.900009
1130871600.000000,5.000000,122.800011
1130871600.000000,5.000000,121.400009
1130873400.000000,5.000000,126.300011
1130873400.000000,5.000000,127.700005
1130875200.000000,5.000000,123.500008
1130875200.000000,4.893802,122.800011
1130877000.000000,2.446901,124.200005
1130877000.000000,1.529313,124.200005
1130878800.000000,0.917588,123.500008
1130878800.000000,1.223451,124.200005
1130880600.000000,1.223451,126.300011
1130880600.000000,0.305863,124.900009
1130882400.000000,0.611725,122.800011
1130882400.000000,0.000000,122.100006
1130884200.000000,0.611725,124.900009
1130884200.000000,0.000000,124.900009
1130886000.000000,0.000000,122.100006
1130886000.000000,0.000000,122.800011
1130887800.000000,0.000000,126.300011
1130887800.000000,0.000000,126.300011
1130889600.000000,0.000000,124.200005
1130889600.000000,0.000000,124.900009
1130891400.000000,0.000000,123.500008
1130891400.000000,0.000000,124.900009
1130893200.000000,0.305863,124.900009
1130893200.000000,0.000000,126.300011
1130895000.000000,0.000000,123.500008
1130895000.000000,0.000000,125.600006
1130896800.000000,0.000000,122.100006
1130896800.000000,0.000000,123.500008
1130898600.000000,0.000000,124.200005
1130898600.000000,0.000000,124.200005
1130900400.000000,0.000000,124.200005
1130900400.000000,0.000000,124.900009
1130902200.000000,0.305863,120.700005
1130902200.000000,0.000000,123.500008
1130904000.000000,0.000000,126.300011
1130904000.000000,0.000000,124.900009
1130905800.000000,0.917588,123.500008
1130905800.000000,0.917588,127.700005
1130907600.000000,0.000000,124.900009
1130907600.000000,0.000000,126.300011
1130909400.000000,0.000000,124.900009
1130909400.000000,0.000000,124.900009
1130911200.000000,1.223451,122.800011
1130911200.000000,0.917588,122.800011
1130913000.000000,0.000000,122.100006
1130913000.000000,1.223451,122.800011
1130914800.000000,2.141038,124.900009
1130914800.000000,1.835176,123.500008
1130916600.000000,0.611725,122.800011
1130916600.000000,5.000000,124.900009
1130918400.000000,0.305863,122.100006
1130918400.000000,2.752764,124.900009
1130920200.000000,0.611725,127.000008
1130920200.000000,2.446901,122.800011
1130922000.000000,1.835176,127.000008
1130922000.000000,3.670352,124.200005
1130923800.000000,0.917588,124.900009
1130923800.000000,3.364489,124.900009
1130925600.000000,4.282077,124.200005
1130925600.000000,4.282077,123.500008
1130927400.000000,3.670352,127.700005
1130927400.000000,5.000000,122.800011
1130929200.000000,5.000000,124.900009
1130929200.000000,4.587939,124.900009
1130931000.000000,4.282077,123.500008
1130931000.000000,4.282077,123.500008
1130932800.000000,3.364489,122.100006
1130932800.000000,5.000000,127.700005
1130934600.000000,5.000000,120.700005
1130934600.000000,5.000000,125.600006
1130936400.000000,2.141038,124.200005
1130936400.000000,3.670352,124.200005
1130938200.000000,2.446901,123.500008
1130938200.000000,3.058626,126.300011
1130940000.000000,4.282077,125.600006
1130940000.000000,3.364489,121.400009
1130941800.000000,3.364489,123.500008
1130941800.000000,5.000000,127.000008
1130943600.000000,4.893802,123.500008
1130943600.000000,5.000000,125.600006
1130945400.000000,5.000000,122.100006
1130945400.000000,2.446901,122.100006
1130947200.000000,4.893802,126.300011
1130947200.000000,3.364489,124.900009
1130949000.000000,5.000000,123.500008
1130949000.000000,0.611725,124.900009
1130950800.000000,4.282077,122.100006
1130950800.000000,0.305863,122.800011
1130952600.000000,3.364489,122.800011
1130952600.000000,0.000000,124.900009
1130954400.000000,1.529313,125.600006
1130954400.000000,0.000000,125.600006
1130956200.000000,0.611725,122.800011
1130956200.000000,0.000000,123.500008
1130958000.000000,0.305863,122.100006
1130958000.000000,0.000000,123.500008
1130959800.000000,0.917588,127.000008
1130959800.000000,0.000000,128.400009
1130961600.000000,0.305863,121.400009
1130961600.000000,0.305863,127.000008
1130963400.000000,0.000000,124.900009
1130963400.000000,0.611725,122.800011
1130965200.000000,0.305863,122.800011
1130965200.000000,0.000000,124.900009
1130967000.000000,0.611725,121.400009
1130967000.000000,0.000000,124.200005
1130968800.000000,0.000000,124.900009
1130968800.000000,0.000000,125.600006
1130970600.000000,0.917588,125.600006
1130970600.000000,0.000000,124.900009
1130972400.000000,0.917588,122.100006
1130972400.000000,0.000000,123.500008
1130974200.000000,0.000000,126.300011
1130974200.000000,0.000000,125.600006
1130976000.000000,0.000000,124.200005
1130976000.000000,0.000000,124.900009
1130977800.000000,0.000000,123.500008
1130977800.000000,0.000000,126.300011
1130979600.000000,0.000000,122.800011
1130979600.000000,0.000000,123.500008
1130981400.000000,0.000000,122.800011
1130981400.000000,0.000000,122.800011
1130983200.000000,0.000000,126.300011
1130983200.000000,0.000000,124.200005
1130985000.000000,0.000000,121.400009
1130985000.000000,0.000000,124.200005
1130986800.000000,0.000000,123.500008
1130986800.000000,0.000000,124.200005
1130988600.000000,0.000000,122.800011
1130988600.000000,0.000000,127.000008
1130990400.000000,0.000000,124.200005
1130990400.000000,0.305863,124.900009
1130992200.000000,0.611725,122.100006
1130992200.000000,0.305863,124.200005
1130994000.000000,0.000000,123.500008
1130994000.000000,0.000000,123.500008
1130995800.000000,0.000000,127.000008
1130995800.000000,0.000000,124.900009
1130997600.000000,0.000000,127.000008
1130997600.000000,0.000000,124.200005
1130999400.000000,0.000000,125.600006
1130999400.000000,0.305863,123.500008
1131001200.000000,1.223451,122.100006
1131001200.000000,3.976214,124.900009
1131003000.000000,0.917588,125.600006
1131003000.000000,2.752764,124.900009
1131004800.000000,0.305863,124.200005
1131004800.000000,3.058626,124.200005
1131006600.000000,2.446901,127.000008
1131006600.000000,4.893802,122.800011
1131008400.000000,1.223451,121.400009
1131008400.000000,4.282077,125.600006
1131010200.000000,1.835176,123.500008
1131010200.000000,3.976214,127.000008
1131012000.000000,4.893802,122.800011
1131012000.000000,5.000000,125.600006
1131013800.000000,5.000000,123.500008
1131013800.000000,4.282077,126.300011
1131015600.000000,5.000000,122.800011
1131015600.000000,2.752764,125.600006
1131017400.000000,5.000000,124.200005
1131017400.000000,2.752764,124.200005
1131019200.000000,1.835176,122.800011
1131019200.000000,5.000000,124.200005
1131021000.000000,2.752764,124.200005
1131021000.000000,3.976214,122.800011
1131022800.000000,3.058626,125.600006
1131022800.000000,4.282077,124.900009
1131024600.000000,2.141038,122.800011
1131024600.000000,3.670352,123.500008
1131026400.000000,3.364489,122.100006
1131026400.000000,3.670352,124.200005
1131028200.000000,3.058626,124.900009
1131028200.000000,3.976214,123.500008
1131030000.000000,1.835176,124.900009
1131030000.000000,2.141038,123.500008
1131031800.000000,3.976214,122.100006
1131031800.000000,2.141038,127.700005
1131033600.000000,3.976214,122.800011
1131033600.000000,3.058626,122.800011
1131035400.000000,3.976214,124.200005
1131035400.000000,1.223451,124.900009
1131037200.000000,1.835176,122.100006
1131037200.000000,0.305863,125.600006
1131039000.000000,2.141038,126.300011
1131039000.000000,0.305863,123.500008
1131040800.000000,0.611725,124.900009
1131040800.000000,0.000000,125.600006
1131042600.000000,0.611725,122.800011
1131042600.000000,0.000000,124.200005
1131044400.000000,0.917588,124.900009
1131044400.000000,0.305863,127.000008
1131046200.000000,1.223451,123.500008
1131046200.000000,0.000000,127.700005
1131048000.000000,0.611725,124.200005
1131048000.000000,0.000000,123.500008
1131049800.000000,0.305863,122.800011
1131049800.000000,0.000000,124.900009
1131051600.000000,0.611725,123.500008
1131051600.000000,0.000000,124.900009
1131053400.000000,0.611725,122.800011
1131053400.000000,0.000000,123.500008
1131055200.000000,0.611725,127.000008
1131055200.000000,0.000000,123.500008
1131057000.000000,2.141038,121.400009
1131057000.000000,0.000000,125.600006
1131058800.000000,0.000000,124.200005
1131058800.000000,0.000000,122.100006
1131060600.000000,0.000000,120.700005
1131060600.000000,0.000000,120.700005
1131062400.000000,0.305863,124.200005
1131062400.000000,0.000000,122.100006
1131064200.000000,0.000000,123.500008
1131064200.000000,0.000000,125.600006
1131066000.000000,0.305863,125.600006
1131066000.000000,0.000000,126.300011
1131067800.000000,0.000000,125.600006
1131067800.000000,0.000000,129.100006
1131069600.000000,0.305863,123.500008
1131069600.000000,0.000000,123.500008
1131071400.000000,0.000000,122.800011
1131071400.000000,0.000000,126.300011
1131073200.000000,0.000000,124.200005
1131073200.000000,0.000000,123.500008
1131075000.000000,0.000000,124.900009
1131075000.000000,0.000000,123.500008
1131076800.000000,0.000000,123.500008
1131076800.000000,0.000000,124.900009
1131078600.000000,0.000000,124.900009
1131078600.000000,0.000000,124.200005
1131080400.000000,0.611725,122.800011
1131080400.000000,0.611725,127.700005
1131082200.000000,0.000000,122.800011
1131082200.000000,0.000000,124.900009
1131084000.000000,0.000000,122.100006
1131084000.000000,0.000000,126.300011
1131085800.000000,2.141038,122.100006
1131085800.000000,2.752764,123.500008
1131087600.000000,0.611725,124.900009
1131087600.000000,0.917588,124.900009
1131089400.000000,0.917588,124.900009
1131089400.000000,3.364489,123.500008
1131091200.000000,1.835176,122.800011
1131091200.000000,5.000000,124.200005
1131093000.000000,3.058626,124.200005
1131093000.000000,5.000000,126.300011
1131094800.000000,5.000000,125.600006
1131094800.000000,5.000000,124.200005
1131096600.000000,5.000000,122.800011
1131096600.000000,4.282077,128.400009
1131098400.000000,5.000000,123.500008
1131098400.000000,5.000000,123.500008
1131100200.000000,1.835176,124.200005
1131100200.000000,5.000000,123.500008
1131102000.000000,3.058626,123.500008
1131102000.000000,5.000000,122.800011
1131103800.000000,3.058626,123.500008
1131103800.000000,3.058626,124.900009
1131105600.000000,5.000000,124.900009
1131105600.000000,5.000000,122.100006
1131107400.000000,5.000000,120.700005
1131107400.000000,5.000000,122.800011
1131109200.000000,5.000000,121.400009
1131109200.000000,5.000000,124.200005
1131111000.000000,3.976214,123.500008
1131111000.000000,4.893802,127.700005
1131112800.000000,5.000000,120.700005
1131112800.000000,4.282077,125.600006
1131114600.000000,3.670352,124.900009
1131114600.000000,4.893802,124.900009
1131116400.000000,2.752764,123.500008
1131116400.000000,5.000000,125.600006
1131118200.000000,3.670352,124.900009
1131118200.000000,4.282077,125.600006
1131120000.000000,5.000000,124.200005
1131120000.000000,0.611725,124.900009
1131121800.000000,1.835176,124.900009
1131121800.000000,1.223451,126.300011
1131123600.000000,2.446901,126.300011
1131123600.000000,0.000000,126.300011
1131125400.000000,0.917588,122.800011
1131125400.000000,0.000000,122.800011
1131127200.000000,1.529313,121.400009
1131127200.000000,0.000000,124.200005
1131129000.000000,0.611725,123.500008
1131129000.000000,0.000000,121.400009
1131130800.000000,0.305863,124.900009
1131130800.000000,0.000000,124.200005
1131132600.000000,0.611725,124.900009
1131132600.000000,0.000000,122.800011
1131134400.000000,0.000000,125.600006
1131134400.000000,0.000000,125.600006
1131136200.000000,0.305863,124.200005
1131136200.000000,0.000000,123.500008
1131138000.000000,0.305863,124.900009
1131138000.000000,0.000000,122.800011
1131139800.000000,0.305863,120.700005
1131139800.000000,0.000000,125.600006
1131141600.000000,0.000000,123.500008
1131141600.000000,0.000000,127.000008
1131143400.000000,0.305863,122.100006
1131143400.000000,0.000000,125.600006
1131145200.000000,0.000000,122.100006
1131145200.000000,0.000000,124.200005
1131147000.000000,0.611725,122.800011
1131147000.000000,0.000000,122.800011
1131148800.000000,0.000000,122.800011
1131148800.000000,0.000000,125.600006
1131150600.000000,0.000000,123.500008
1131150600.000000,0.000000,127.000008
1131152400.000000,0.000000,124.900009
1131152400.000000,0.000000,129.800003
1131154200.000000,0.000000,127.000008
1131154200.000000,0.000000,125.600006
1131156000.000000,0.000000,124.200005
1131156000.000000,0.000000,123.500008
1131157800.000000,0.000000,125.600006
1131157800.000000,0.000000,122.800011
1131159600.000000,0.000000,122.800011
1131159600.000000,0.000000,121.400009
1131161400.000000,0.000000,127.700005
1131161400.000000,0.000000,124.200005
1131163200.000000,0.000000,121.400009
1131163200.000000,0.000000,121.400009
1131165000.000000,0.000000,126.300011
1131165000.000000,0.000000,121.400009
1131166800.000000,0.000000,123.500008
1131166800.000000,0.000000,127.000008
1131168600.000000,0.000000,127.000008
1131168600.000000,0.000000,122.800011
1131170400.000000,0.000000,123.500008
1131170400.000000,0.000000,122.100006
1131172200.000000,0.000000,122.100006
1131172200.000000,0.000000,125.600006
1131174000.000000,0.000000,123.500008
1131174000.000000,0.000000,124.200005
1131175800.000000,0.000000,122.100006
1131175800.000000,0.000000,124.900009
1131177600.000000,0.000000,124.900009
1131177600.000000,0.000000,127.700005
1131179400.000000,0.305863,122.100006
1131179400.000000,0.000000,123.500008
1131181200.000000,1.529313,123.500008
1131181200.000000,0.000000,124.900009
1131183000.000000,0.000000,122.100006
1131183000.000000,0.000000,124.900009
1131184800.000000,0.000000,125.600006
1131184800.000000,0.000000,125.600006
1131186600.000000,0.305863,122.800011
1131186600.000000,0.611725,123.500008
1131188400.000000,0.305863,123.500008
1131188400.000000,0.000000,125.600006
1131190200.000000,0.305863,121.400009
1131190200.000000,0.000000,125.600006
1131192000.000000,0.000000,123.500008
1131192000.000000,0.000000,123.500008
1131193800.000000,0.000000,126.300011
1131193800.000000,0.000000,124.200005
1131195600.000000,0.000000,122.800011
1131195600.000000,0.000000,123.500008
1131197400.000000,0.917588,126.300011
1131197400.000000,0.000000,124.200005
1131199200.000000,0.000000,122.100006
1131199200.000000,0.000000,125.600006
1131201000.000000,0.305863,124.900009
1131201000.000000,0.611725,124.200005
1131202800.000000,0.305863,124.900009
1131202800.000000,0.000000,123.500008
1131204600.000000,0.000000,122.100006
1131204600.000000,0.000000,124.200005
1131206400.000000,0.305863,122.100006
1131206400.000000,0.000000,124.900009
1131208200.000000,0.000000,127.000008
1131208200.000000,0.000000,122.800011
1131210000.000000,0.611725,126.300011
1131210000.000000,0.000000,123.500008
1131211800.000000,0.305863,123.500008
1131211800.000000,0.000000,124.900009
1131213600.000000,0.305863,123.500008
1131213600.000000,0.000000,125.600006
1131215400.000000,0.611725,122.800011
1131215400.000000,0.000000,124.900009
1131217200.000000,0.000000,126.300011
1131217200.000000,0.000000,122.800011
1131219000.000000,0.000000,124.900009
1131219000.000000,0.000000,124.200005
1131220800.000000,0.917588,124.900009
1131220800.000000,0.000000,123.500008
1131222600.000000,0.000000,122.800011
1131222600.000000,0.000000,122.800011
1131224400.000000,0.000000,124.900009
1131224400.000000,0.000000,124.200005
1131226200.000000,0.305863,123.500008
1131226200.000000,0.000000,124.200005
1131226200.000000,0.000000,124.900009
1131226200.000000,0.000000,124.200005
1131226200.000000,0.000000,123.500008
1131226200.000000,0.000000,121.400009
1131226200.000000,0.000000,123.500008
1131226200.000000,0.000000,124.900009
1131226200.000000,0.000000,124.200005
1131226200.000000,0.000000,124.200005
1131226200.000000,0.000000,128.400009
1131226200.000000,0.000000,123.500008
1131226200.000000,0.000000,123.500008
1131226200.000000,0.000000,124.200005
1131226200.000000,0.000000,122.800011
1131226200.000000,0.000000,123.500008
1131226200.000000,0.000000,126.300011
1131226200.000000,0.000000,122.800011
1131226200.000000,0.000000,123.500008
1131226200.000000,0.000000,126.300011
1131226200.000000,0.000000,121.400009
1131226200.000000,0.000000,123.500008
1131226200.000000,0.000000,124.900009
1131226200.000000,0.000000,122.100006
1131226200.000000,0.000000,125.600006
1131226200.000000,0.000000,120.700005
1131226200.000000,0.000000,124.200005
1131226200.000000,0.000000,122.800011
1131226200.000000,0.000000,122.100006
1131226200.000000,0.000000,124.200005
1131226200.000000,0.000000,124.900009
1131226200.000000,0.000000,130.500000
1131226200.000000,0.000000,122.800011
1131226200.000000,0.000000,127.700005
1131226200.000000,0.000000,122.800011
1131226200.000000,0.000000,124.200005
1131226200.000000,0.000000,127.000008
1131226200.000000,0.000000,121.400009
1131226200.000000,0.000000,124.200005
1131226200.000000,0.000000,122.100006
1131226200.000000,0.000000,126.300011
1131226200.000000,0.000000,122.800011
1131226200.000000,0.000000,122.800011
1131226200.000000,0.000000,124.200005
1131226200.000000,0.000000,122.800011
1131226200.000000,0.000000,125.600006
1131226200.000000,0.000000,124.200005
1131226200.000000,0.000000,124.200005
1131226200.000000,0.000000,122.800011
1131226200.000000,0.000000,123.500008
1131226200.000000,0.000000,125.600006
1131226200.000000,0.000000,123.500008
1131226200.000000,0.000000,124.200005
1131226200.000000,0.000000,124.900009
1131226200.000000,0.000000,123.500008
1131226200.000000,0.000000,125.600006
1131226200.000000,0.000000,124.200005
1131226200.000000,0.000000,124.900009
1131226200.000000,0.000000,122.800011
1131226200.000000,0.000000,122.100006
1131226200.000000,0.000000,127.000008
1131226200.000000,0.000000,123.500008
1131226200.000000,0.000000,124.900009
1131226200.000000,0.000000,127.000008
1131226200.000000,0.000000,123.500008
1131226200.000000,0.000000,123.500008
1131226200.000000,0.000000,124.200005
1131226200.000000,0.000000,124.200005
1131226200.000000,0.000000,121.400009
1131226200.000000,0.000000,122.800011
1131226200.000000,0.000000,129.100006
1131226200.000000,0.000000,122.100006
1131226200.000000,0.000000,122.800011
1131226200.000000,0.000000,124.900009
1131226200.000000,0.000000,122.800011
1131226200.000000,0.000000,122.100006
1131226200.000000,0.000000,125.600006
1131226200.000000,0.000000,122.100006
1131226200.000000,0.000000,122.100006
1131226200.000000,0.000000,125.600006
1131226200.000000,0.000000,124.200005
1131226200.000000,0.000000,126.300011
1131226200.000000,0.000000,124.200005
1131226200.000000,0.000000,125.600006
1131226200.000000,0.000000,122.800011
1131226200.000000,0.000000,124.200005
1131226200.000000,0.000000,123.500008
1131226200.000000,0.000000,125.600006
1131226200.000000,0.000000,124.900009
1131226200.000000,0.000000,122.800011
1131226200.000000,0.000000,122.800011
1131226200.000000,0.000000,124.900009
1131226200.000000,0.000000,120.700005
1131226200.000000,0.000000,122.800011
1131226200.000000,0.000000,126.300011
1131226200.000000,0.000000,125.600006
1131226200.000000,0.000000,124.200005
1131226200.000000,0.000000,122.100006
1131226200.000000,0.000000,123.500008
1131226200.000000,0.000000,124.200005
1131226200.000000,0.000000,123.500008
1131226200.000000,0.000000,124.200005
1131226200.000000,0.000000,126.300011
1131226200.000000,0.000000,125.600006
1131226200.000000,0.000000,127.000008
1131226200.000000,0.000000,123.500008
1131226200.000000,0.000000,123.500008
1131226200.000000,0.000000,125.600006
1131226200.000000,0.000000,123.500008
1131226200.000000,0.000000,124.900009
1131226200.000000,0.000000,125.600006
1131226200.000000,0.000000,122.800011
1131226200.000000,0.000000,124.200005
1131226200.000000,0.000000,122.100006
1131226200.000000,0.000000,123.500008
1131226200.000000,0.000000,124.200005
1131226200.000000,0.000000,122.100006
1131226200.000000,0.000000,124.200005
1131226200.000000,0.000000,124.900009
1131226200.000000,0.000000,122.100006
1131226200.000000,0.000000,121.400009
1131226200.000000,0.000000,123.500008
1131226200.000000,0.000000,121.400009
1131226200.000000,0.000000,122.100006
1131226200.000000,0.000000,122.800011
1131226200.000000,0.000000,126.300011
1131226200.000000,0.000000,124.200005
1131226200.000000,0.000000,127.000008
1131226200.000000,0.000000,123.500008
1131226200.000000,0.000000,128.400009
1131226200.000000,0.000000,123.500008
1131226200.000000,0.000000,124.200005
1131226200.000000,0.000000,125.600006
1131226200.000000,0.000000,124.900009
1131226200.000000,0.000000,123.500008
1131226200.000000,0.000000,124.900009
1131226200.000000,0.000000,124.900009
1131226200.000000,0.000000,122.100006
1131226200.000000,0.000000,124.900009
1131226200.000000,0.000000,124.900009
1131226200.000000,0.000000,124.900009
1131226200.000000,0.000000,124.900009
1131226200.000000,0.000000,122.100006
1131226200.000000,0.000000,123.500008
1131226200.000000,0.000000,122.100006
1131226200.000000,0.000000,127.000008
1131226200.000000,0.000000,120.700005
1131226200.000000,0.000000,122.800011
1131226200.000000,0.000000,126.300011
1131226200.000000,0.000000,123.500008
1131226200.000000,0.000000,122.100006
1131226200.000000,0.000000,124.900009
1131226200.000000,0.000000,124.200005
1131226200.000000,0.000000,122.100006
1131226200.000000,0.000000,125.600006
1131226200.000000,0.000000,124.200005
1131226200.000000,0.000000,123.500008
1131226200.000000,0.000000,125.600006
1131226200.000000,0.000000,121.400009
1131226200.000000,0.000000,125.600006
1131226200.000000,0.000000,123.500008
1131226200.000000,0.000000,125.600006
1131226200.000000,0.000000,124.200005
1131226200.000000,0.000000,123.500008
1131226200.000000,0.000000,126.300011
1131226200.000000,0.000000,123.500008
1131226200.000000,0.000000,126.300011
1131226200.000000,0.000000,121.400009
1131226200.000000,0.000000,125.600006
1131226200.000000,0.000000,123.500008
1131226200.000000,0.000000,122.100006
1131226200.000000,0.000000,126.300011
1131226200.000000,0.000000,125.600006
1131226200.000000,0.000000,122.100006
1131226200.000000,0.000000,121.400009
1131226200.000000,0.000000,126.300011
1131226200.000000,0.000000,120.700005
1131226200.000000,0.000000,124.200005
1131226200.000000,0.000000,124.200005
1131226200.000000,0.000000,126.300011
1131226200.000000,0.000000,124.200005
1131226200.000000,0.000000,122.100006
1131226200.000000,0.000000,127.700005
1131226200.000000,0.000000,120.700005
1131226200.000000,0.000000,123.500008
1131226200.000000,0.000000,123.500008
1131226200.000000,0.000000,122.800011
1131226200.000000,0.000000,124.900009
1131226200.000000,0.000000,121.400009
1131226200.000000,0.000000,124.900009
1131226200.000000,0.000000,124.200005
1131226200.000000,0.000000,125.600006
1131226200.000000,0.000000,124.900009
1131226200.000000,0.000000,126.300011
1131226200.000000,0.000000,124.900009
1131226200.000000,0.000000,123.500008
1131226200.000000,0.000000,123.500008
1131226200.000000,0.000000,122.100006
1131226200.000000,0.000000,124.900009
1131226200.000000,0.000000,126.300011
1131226200.000000,0.000000,124.900009
1131226200.000000,0.000000,122.800011
1131226200.000000,0.000000,123.500008
1131226200.000000,0.000000,125.600006
1131226200.000000,0.000000,123.500008
1131226200.000000,0.000000,122.100006
1131226200.000000,0.000000,124.900009
1131226200.000000,0.000000,122.800011
1131226200.000000,0.000000,122.800011
1131226200.000000,0.000000,123.500008
1131226200.000000,0.000000,122.800011
1131226200.000000,0.000000,124.200005
