0.000000000000000000e+00
0.000000000000000000e+00
0.000000000000000000e+00
0.000000000000000000e+00
0.000000000000000000e+00
0.000000000000000000e+00
0.000000000000000000e+00
0.000000000000000000e+00
0.000000000000000000e+00
0.000000000000000000e+00
0.000000000000000000e+00
0.000000000000000000e+00
0.000000000000000000e+00
0.000000000000000000e+00
0.000000000000000000e+00
0.000000000000000000e+00
0.000000000000000000e+00
0.000000000000000000e+00
0.000000000000000000e+00
0.000000000000000000e+00
0.000000000000000000e+00
0.000000000000000000e+00
1.077000045776367188e+02
2.800000000000000000e+02
0.000000000000000000e+00
0.000000000000000000e+00
0.000000000000000000e+00
0.000000000000000000e+00
9.930000305175781250e+01
2.800000000000000000e+02
0.000000000000000000e+00
0.000000000000000000e+00
0.000000000000000000e+00
0.000000000000000000e+00
9.150000000000000000e+01
2.786000061035156250e+02
0.000000000000000000e+00
0.000000000000000000e+00
0.000000000000000000e+00
0.000000000000000000e+00
9.150000000000000000e+01
2.751000061035156250e+02
0.000000000000000000e+00
0.000000000000000000e+00
0.000000000000000000e+00
0.000000000000000000e+00
9.150000000000000000e+01
2.765000000000000000e+02
0.000000000000000000e+00
0.000000000000000000e+00
0.000000000000000000e+00
0.000000000000000000e+00
9.150000000000000000e+01
2.681000061035156250e+02
0.000000000000000000e+00
0.000000000000000000e+00
0.000000000000000000e+00
0.000000000000000000e+00
9.150000000000000000e+01
2.765000000000000000e+02
0.000000000000000000e+00
0.000000000000000000e+00
0.000000000000000000e+00
0.000000000000000000e+00
9.150000000000000000e+01
2.673999938964843750e+02
0.000000000000000000e+00
0.000000000000000000e+00
0.000000000000000000e+00
0.000000000000000000e+00
9.150000000000000000e+01
2.660000000000000000e+02
0.000000000000000000e+00
0.000000000000000000e+00
0.000000000000000000e+00
0.000000000000000000e+00
9.150000000000000000e+01
2.617999877929687500e+02
0.000000000000000000e+00
0.000000000000000000e+00
0.000000000000000000e+00
0.000000000000000000e+00
0.000000000000000000e+00
9.150000000000000000e+01
2.596999816894531250e+02
0.000000000000000000e+00
0.000000000000000000e+00
0.000000000000000000e+00
0.000000000000000000e+00
0.000000000000000000e+00
0.000000000000000000e+00
0.000000000000000000e+00
0.000000000000000000e+00
0.000000000000000000e+00
0.000000000000000000e+00
0.000000000000000000e+00
0.000000000000000000e+00
0.000000000000000000e+00
0.000000000000000000e+00
0.000000000000000000e+00
0.000000000000000000e+00
0.000000000000000000e+00
0.000000000000000000e+00
9.150000000000000000e+01
2.470999908447265625e+02
0.000000000000000000e+00
0.000000000000000000e+00
0.000000000000000000e+00
0.000000000000000000e+00
0.000000000000000000e+00
0.000000000000000000e+00
0.000000000000000000e+00
0.000000000000000000e+00
0.000000000000000000e+00
0.000000000000000000e+00
0.000000000000000000e+00
0.000000000000000000e+00
0.000000000000000000e+00
0.000000000000000000e+00
0.000000000000000000e+00
0.000000000000000000e+00
0.000000000000000000e+00
9.150000000000000000e+01
2.393999938964843750e+02
0.000000000000000000e+00
0.000000000000000000e+00
0.000000000000000000e+00
0.000000000000000000e+00
9.150000000000000000e+01
2.408000030517578125e+02
0.000000000000000000e+00
0.000000000000000000e+00
0.000000000000000000e+00
0.000000000000000000e+00
0.000000000000000000e+00
9.150000000000000000e+01
2.246999969482421875e+02
0.000000000000000000e+00
0.000000000000000000e+00
0.000000000000000000e+00
0.000000000000000000e+00
9.150000000000000000e+01
2.281999969482421875e+02
0.000000000000000000e+00
0.000000000000000000e+00
0.000000000000000000e+00
0.000000000000000000e+00
9.150000000000000000e+01
2.085999908447265625e+02
0.000000000000000000e+00
0.000000000000000000e+00
0.000000000000000000e+00
0.000000000000000000e+00
9.150000000000000000e+01
2.205000000000000000e+02
0.000000000000000000e+00
0.000000000000000000e+00
0.000000000000000000e+00
0.000000000000000000e+00
9.150000000000000000e+01
2.008999938964843750e+02
0.000000000000000000e+00
0.000000000000000000e+00
0.000000000000000000e+00
0.000000000000000000e+00
9.150000000000000000e+01
2.043999938964843750e+02
0.000000000000000000e+00
0.000000000000000000e+00
0.000000000000000000e+00
0.000000000000000000e+00
9.150000000000000000e+01
1.721999969482421875e+02
0.000000000000000000e+00
0.000000000000000000e+00
0.000000000000000000e+00
0.000000000000000000e+00
9.150000000000000000e+01
1.805999908447265625e+02
0.000000000000000000e+00
0.000000000000000000e+00
0.000000000000000000e+00
0.000000000000000000e+00
0.000000000000000000e+00
0.000000000000000000e+00
0.000000000000000000e+00
0.000000000000000000e+00
0.000000000000000000e+00
0.000000000000000000e+00
0.000000000000000000e+00
0.000000000000000000e+00
0.000000000000000000e+00
0.000000000000000000e+00
0.000000000000000000e+00
0.000000000000000000e+00
0.000000000000000000e+00
0.000000000000000000e+00
0.000000000000000000e+00
0.000000000000000000e+00
0.000000000000000000e+00
0.000000000000000000e+00
0.000000000000000000e+00
0.000000000000000000e+00
0.000000000000000000e+00
0.000000000000000000e+00
0.000000000000000000e+00
0.000000000000000000e+00
0.000000000000000000e+00
0.000000000000000000e+00
0.000000000000000000e+00
9.150000000000000000e+01
1.260000000000000000e+02
0.000000000000000000e+00
0.000000000000000000e+00
0.000000000000000000e+00
0.000000000000000000e+00
9.150000000000000000e+01
1.680000000000000000e+02
0.000000000000000000e+00
0.000000000000000000e+00
0.000000000000000000e+00
0.000000000000000000e+00
9.150000000000000000e+01
1.085000000000000000e+02
0.000000000000000000e+00
0.000000000000000000e+00
0.000000000000000000e+00
0.000000000000000000e+00
9.150000000000000000e+01
1.553999938964843750e+02
0.000000000000000000e+00
0.000000000000000000e+00
0.000000000000000000e+00
0.000000000000000000e+00
9.150000000000000000e+01
1.140999984741210938e+02
0.000000000000000000e+00
0.000000000000000000e+00
0.000000000000000000e+00
0.000000000000000000e+00
9.150000000000000000e+01
1.603000030517578125e+02
0.000000000000000000e+00
0.000000000000000000e+00
0.000000000000000000e+00
0.000000000000000000e+00
9.150000000000000000e+01
9.729999542236328125e+01
0.000000000000000000e+00
0.000000000000000000e+00
1.890000152587890625e+01
6.929999542236328125e+01
6.630000305175781250e+01
1.728999938964843750e+02
0.000000000000000000e+00
0.000000000000000000e+00
1.890000152587890625e+01
4.759999847412109375e+01
5.910000228881835938e+01
1.610000000000000000e+02
0.000000000000000000e+00
0.000000000000000000e+00
1.890000152587890625e+01
5.250000000000000000e+01
5.700000381469726562e+01
1.603000030517578125e+02
0.000000000000000000e+00
0.000000000000000000e+00
1.890000152587890625e+01
4.970000076293945312e+01
5.430000305175781250e+01
1.400000000000000000e+02
0.000000000000000000e+00
0.000000000000000000e+00
1.890000152587890625e+01
5.389999771118164062e+01
5.130000305175781250e+01
1.441999969482421875e+02
0.000000000000000000e+00
0.000000000000000000e+00
1.890000152587890625e+01
4.339999771118164062e+01
4.770000076293945312e+01
1.196999969482421875e+02
0.000000000000000000e+00
0.000000000000000000e+00
9.600000381469726562e+00
2.729999923706054688e+01
4.830000305175781250e+01
1.336999969482421875e+02
0.000000000000000000e+00
0.000000000000000000e+00
9.600000381469726562e+00
2.450000000000000000e+01
4.590000152587890625e+01
1.169000015258789062e+02
0.000000000000000000e+00
0.000000000000000000e+00
9.600000381469726562e+00
2.519999885559082031e+01
4.140000152587890625e+01
1.085000000000000000e+02
0.000000000000000000e+00
0.000000000000000000e+00
0.000000000000000000e+00
0.000000000000000000e+00
0.000000000000000000e+00
5.070000076293945312e+01
1.323000030517578125e+02
0.000000000000000000e+00
0.000000000000000000e+00
0.000000000000000000e+00
0.000000000000000000e+00
5.070000076293945312e+01
1.393000030517578125e+02
0.000000000000000000e+00
0.000000000000000000e+00
0.000000000000000000e+00
0.000000000000000000e+00
4.080000305175781250e+01
1.015000000000000000e+02
0.000000000000000000e+00
0.000000000000000000e+00
0.000000000000000000e+00
3.000000119209289551e-01
4.109999847412109375e+01
1.029000015258789062e+02
0.000000000000000000e+00
0.000000000000000000e+00
0.000000000000000000e+00
3.000000119209289551e-01
3.960000228881835938e+01
9.450000000000000000e+01
0.000000000000000000e+00
0.000000000000000000e+00
0.000000000000000000e+00
3.000000119209289551e-01
6.999999880790710449e-01
3.960000228881835938e+01
1.000999984741210938e+02
0.000000000000000000e+00
0.000000000000000000e+00
3.000000119209289551e-01
6.999999880790710449e-01
3.960000228881835938e+01
8.400000000000000000e+01
0.000000000000000000e+00
0.000000000000000000e+00
3.000000119209289551e-01
6.999999880790710449e-01
3.960000228881835938e+01
1.042999954223632812e+02
0.000000000000000000e+00
0.000000000000000000e+00
3.000000119209289551e-01
0.000000000000000000e+00
3.960000228881835938e+01
8.609999847412109375e+01
0.000000000000000000e+00
0.000000000000000000e+00
3.000000119209289551e-01
1.399999976158142090e+00
3.990000152587890625e+01
9.309999847412109375e+01
0.000000000000000000e+00
0.000000000000000000e+00
3.000000119209289551e-01
0.000000000000000000e+00
3.990000152587890625e+01
8.329999542236328125e+01
0.000000000000000000e+00
0.000000000000000000e+00
3.000000119209289551e-01
2.099999904632568359e+00
3.960000228881835938e+01
9.800000000000000000e+01
0.000000000000000000e+00
0.000000000000000000e+00
3.000000119209289551e-01
6.999999880790710449e-01
3.960000228881835938e+01
7.629999542236328125e+01
0.000000000000000000e+00
0.000000000000000000e+00
3.000000119209289551e-01
6.999999880790710449e-01
3.960000228881835938e+01
9.309999847412109375e+01
0.000000000000000000e+00
0.000000000000000000e+00
3.000000119209289551e-01
0.000000000000000000e+00
3.990000152587890625e+01
7.979999542236328125e+01
0.000000000000000000e+00
0.000000000000000000e+00
3.000000119209289551e-01
6.999999880790710449e-01
3.990000152587890625e+01
9.379999542236328125e+01
0.000000000000000000e+00
0.000000000000000000e+00
3.000000119209289551e-01
6.999999880790710449e-01
3.990000152587890625e+01
8.540000152587890625e+01
0.000000000000000000e+00
0.000000000000000000e+00
3.000000119209289551e-01
6.999999880790710449e-01
3.870000076293945312e+01
8.469999694824218750e+01
0.000000000000000000e+00
0.000000000000000000e+00
0.000000000000000000e+00
3.000000119209289551e-01
3.970000076293945312e+01
8.190000152587890625e+01
0.000000000000000000e+00
0.000000000000000000e+00
0.000000000000000000e+00
0.000000000000000000e+00
3.930000305175781250e+01
9.169999694824218750e+01
0.000000000000000000e+00
0.000000000000000000e+00
0.000000000000000000e+00
0.000000000000000000e+00
3.960000228881835938e+01
7.209999847412109375e+01
0.000000000000000000e+00
0.000000000000000000e+00
0.000000000000000000e+00
0.000000000000000000e+00
3.960000228881835938e+01
9.450000000000000000e+01
0.000000000000000000e+00
0.000000000000000000e+00
0.000000000000000000e+00
0.000000000000000000e+00
3.960000228881835938e+01
8.119999694824218750e+01
0.000000000000000000e+00
0.000000000000000000e+00
0.000000000000000000e+00
0.000000000000000000e+00
3.960000228881835938e+01
8.819999694824218750e+01
0.000000000000000000e+00
0.000000000000000000e+00
0.000000000000000000e+00
0.000000000000000000e+00
4.020000076293945312e+01
7.979999542236328125e+01
0.000000000000000000e+00
0.000000000000000000e+00
0.000000000000000000e+00
3.000000119209289551e-01
4.020000076293945312e+01
8.540000152587890625e+01
0.000000000000000000e+00
0.000000000000000000e+00
0.000000000000000000e+00
3.000000119209289551e-01
3.970000076293945312e+01
7.559999847412109375e+01
0.000000000000000000e+00
0.000000000000000000e+00
0.000000000000000000e+00
3.000000119209289551e-01
0.000000000000000000e+00
3.780000305175781250e+01
8.750000000000000000e+01
0.000000000000000000e+00
0.000000000000000000e+00
0.000000000000000000e+00
0.000000000000000000e+00
0.000000000000000000e+00
0.000000000000000000e+00
0.000000000000000000e+00
0.000000000000000000e+00
0.000000000000000000e+00
0.000000000000000000e+00
0.000000000000000000e+00
3.810000228881835938e+01
6.089999771118164062e+01
0.000000000000000000e+00
0.000000000000000000e+00
0.000000000000000000e+00
0.000000000000000000e+00
0.000000000000000000e+00
0.000000000000000000e+00
0.000000000000000000e+00
0.000000000000000000e+00
0.000000000000000000e+00
0.000000000000000000e+00
0.000000000000000000e+00
0.000000000000000000e+00
0.000000000000000000e+00
0.000000000000000000e+00
0.000000000000000000e+00
0.000000000000000000e+00
0.000000000000000000e+00
0.000000000000000000e+00
1.104000015258789062e+02
2.463999938964843750e+02
0.000000000000000000e+00
0.000000000000000000e+00
0.000000000000000000e+00
0.000000000000000000e+00
1.104000015258789062e+02
2.386999969482421875e+02
0.000000000000000000e+00
0.000000000000000000e+00
0.000000000000000000e+00
0.000000000000000000e+00
1.104000015258789062e+02
2.358999938964843750e+02
0.000000000000000000e+00
0.000000000000000000e+00
0.000000000000000000e+00
0.000000000000000000e+00
1.011000061035156250e+02
1.763999938964843750e+02
0.000000000000000000e+00
0.000000000000000000e+00
0.000000000000000000e+00
0.000000000000000000e+00
0.000000000000000000e+00
1.011000061035156250e+02
2.198000030517578125e+02
0.000000000000000000e+00
0.000000000000000000e+00
0.000000000000000000e+00
0.000000000000000000e+00
1.011000061035156250e+02
1.693999938964843750e+02
0.000000000000000000e+00
0.000000000000000000e+00
0.000000000000000000e+00
0.000000000000000000e+00
1.011000061035156250e+02
2.128000030517578125e+02
0.000000000000000000e+00
0.000000000000000000e+00
0.000000000000000000e+00
0.000000000000000000e+00
1.011000061035156250e+02
1.575000000000000000e+02
0.000000000000000000e+00
0.000000000000000000e+00
0.000000000000000000e+00
0.000000000000000000e+00
1.011000061035156250e+02
2.030000000000000000e+02
0.000000000000000000e+00
0.000000000000000000e+00
0.000000000000000000e+00
0.000000000000000000e+00
1.011000061035156250e+02
1.540000000000000000e+02
0.000000000000000000e+00
0.000000000000000000e+00
0.000000000000000000e+00
0.000000000000000000e+00
1.011000061035156250e+02
1.980999908447265625e+02
0.000000000000000000e+00
0.000000000000000000e+00
0.000000000000000000e+00
0.000000000000000000e+00
9.150000000000000000e+01
1.280999908447265625e+02
0.000000000000000000e+00
0.000000000000000000e+00
0.000000000000000000e+00
0.000000000000000000e+00
0.000000000000000000e+00
0.000000000000000000e+00
0.000000000000000000e+00
0.000000000000000000e+00
0.000000000000000000e+00
0.000000000000000000e+00
0.000000000000000000e+00
0.000000000000000000e+00
0.000000000000000000e+00
0.000000000000000000e+00
0.000000000000000000e+00
0.000000000000000000e+00
0.000000000000000000e+00
0.000000000000000000e+00
0.000000000000000000e+00
0.000000000000000000e+00
0.000000000000000000e+00
0.000000000000000000e+00
0.000000000000000000e+00
0.000000000000000000e+00
0.000000000000000000e+00
0.000000000000000000e+00
0.000000000000000000e+00
0.000000000000000000e+00
0.000000000000000000e+00
9.150000000000000000e+01
1.665999908447265625e+02
0.000000000000000000e+00
0.000000000000000000e+00
0.000000000000000000e+00
0.000000000000000000e+00
9.150000000000000000e+01
1.330000000000000000e+02
0.000000000000000000e+00
0.000000000000000000e+00
0.000000000000000000e+00
0.000000000000000000e+00
9.150000000000000000e+01
1.693999938964843750e+02
0.000000000000000000e+00
0.000000000000000000e+00
0.000000000000000000e+00
0.000000000000000000e+00
9.150000000000000000e+01
1.196999969482421875e+02
0.000000000000000000e+00
0.000000000000000000e+00
0.000000000000000000e+00
0.000000000000000000e+00
9.150000000000000000e+01
1.651999969482421875e+02
0.000000000000000000e+00
0.000000000000000000e+00
0.000000000000000000e+00
0.000000000000000000e+00
9.150000000000000000e+01
1.147999954223632812e+02
0.000000000000000000e+00
0.000000000000000000e+00
0.000000000000000000e+00
0.000000000000000000e+00
9.150000000000000000e+01
1.588999938964843750e+02
0.000000000000000000e+00
0.000000000000000000e+00
0.000000000000000000e+00
0.000000000000000000e+00
9.150000000000000000e+01
1.134000015258789062e+02
0.000000000000000000e+00
0.000000000000000000e+00
0.000000000000000000e+00
0.000000000000000000e+00
0.000000000000000000e+00
9.150000000000000000e+01
1.540000000000000000e+02
0.000000000000000000e+00
0.000000000000000000e+00
0.000000000000000000e+00
0.000000000000000000e+00
9.150000000000000000e+01
1.042999954223632812e+02
0.000000000000000000e+00
0.000000000000000000e+00
0.000000000000000000e+00
0.000000000000000000e+00
0.000000000000000000e+00
0.000000000000000000e+00
0.000000000000000000e+00
0.000000000000000000e+00
0.000000000000000000e+00
0.000000000000000000e+00
0.000000000000000000e+00
0.000000000000000000e+00
0.000000000000000000e+00
0.000000000000000000e+00
0.000000000000000000e+00
0.000000000000000000e+00
0.000000000000000000e+00
0.000000000000000000e+00
0.000000000000000000e+00
0.000000000000000000e+00
0.000000000000000000e+00
0.000000000000000000e+00
0.000000000000000000e+00
0.000000000000000000e+00
0.000000000000000000e+00
0.000000000000000000e+00
0.000000000000000000e+00
0.000000000000000000e+00
0.000000000000000000e+00
0.000000000000000000e+00
0.000000000000000000e+00
0.000000000000000000e+00
0.000000000000000000e+00
0.000000000000000000e+00
0.000000000000000000e+00
0.000000000000000000e+00
0.000000000000000000e+00
9.150000000000000000e+01
1.350999908447265625e+02
0.000000000000000000e+00
0.000000000000000000e+00
0.000000000000000000e+00
0.000000000000000000e+00
9.150000000000000000e+01
1.266999969482421875e+02
0.000000000000000000e+00
0.000000000000000000e+00
0.000000000000000000e+00
0.000000000000000000e+00
9.150000000000000000e+01
1.350999908447265625e+02
0.000000000000000000e+00
0.000000000000000000e+00
0.000000000000000000e+00
0.000000000000000000e+00
9.150000000000000000e+01
1.169000015258789062e+02
0.000000000000000000e+00
0.000000000000000000e+00
0.000000000000000000e+00
0.000000000000000000e+00
9.150000000000000000e+01
1.441999969482421875e+02
0.000000000000000000e+00
0.000000000000000000e+00
0.000000000000000000e+00
0.000000000000000000e+00
9.150000000000000000e+01
1.105999984741210938e+02
0.000000000000000000e+00
0.000000000000000000e+00
0.000000000000000000e+00
0.000000000000000000e+00
9.150000000000000000e+01
1.428000030517578125e+02
0.000000000000000000e+00
0.000000000000000000e+00
0.000000000000000000e+00
0.000000000000000000e+00
9.150000000000000000e+01
1.155000000000000000e+02
0.000000000000000000e+00
0.000000000000000000e+00
0.000000000000000000e+00
0.000000000000000000e+00
9.150000000000000000e+01
1.371999969482421875e+02
0.000000000000000000e+00
0.000000000000000000e+00
0.000000000000000000e+00
0.000000000000000000e+00
1.104000015258789062e+02
1.435000000000000000e+02
0.000000000000000000e+00
0.000000000000000000e+00
0.000000000000000000e+00
0.000000000000000000e+00
1.011000061035156250e+02
1.400000000000000000e+02
0.000000000000000000e+00
0.000000000000000000e+00
0.000000000000000000e+00
0.000000000000000000e+00
0.000000000000000000e+00
0.000000000000000000e+00
0.000000000000000000e+00
0.000000000000000000e+00
0.000000000000000000e+00
0.000000000000000000e+00
0.000000000000000000e+00
0.000000000000000000e+00
0.000000000000000000e+00
0.000000000000000000e+00
0.000000000000000000e+00
0.000000000000000000e+00
0.000000000000000000e+00
0.000000000000000000e+00
0.000000000000000000e+00
0.000000000000000000e+00
0.000000000000000000e+00
0.000000000000000000e+00
0.000000000000000000e+00
0.000000000000000000e+00
0.000000000000000000e+00
0.000000000000000000e+00
0.000000000000000000e+00
0.000000000000000000e+00
0.000000000000000000e+00
0.000000000000000000e+00
0.000000000000000000e+00
0.000000000000000000e+00
0.000000000000000000e+00
0.000000000000000000e+00
9.150000000000000000e+01
1.007999954223632812e+02
0.000000000000000000e+00
0.000000000000000000e+00
0.000000000000000000e+00
0.000000000000000000e+00
9.150000000000000000e+01
1.525999908447265625e+02
0.000000000000000000e+00
0.000000000000000000e+00
0.000000000000000000e+00
0.000000000000000000e+00
9.150000000000000000e+01
1.035999984741210938e+02
0.000000000000000000e+00
0.000000000000000000e+00
0.000000000000000000e+00
0.000000000000000000e+00
9.150000000000000000e+01
1.365000000000000000e+02
0.000000000000000000e+00
0.000000000000000000e+00
0.000000000000000000e+00
0.000000000000000000e+00
9.150000000000000000e+01
1.147999954223632812e+02
0.000000000000000000e+00
0.000000000000000000e+00
0.000000000000000000e+00
0.000000000000000000e+00
9.150000000000000000e+01
1.406999969482421875e+02
0.000000000000000000e+00
0.000000000000000000e+00
0.000000000000000000e+00
0.000000000000000000e+00
9.150000000000000000e+01
1.042999954223632812e+02
0.000000000000000000e+00
0.000000000000000000e+00
0.000000000000000000e+00
0.000000000000000000e+00
9.150000000000000000e+01
1.455999908447265625e+02
0.000000000000000000e+00
0.000000000000000000e+00
0.000000000000000000e+00
0.000000000000000000e+00
9.150000000000000000e+01
1.064000015258789062e+02
0.000000000000000000e+00
0.000000000000000000e+00
0.000000000000000000e+00
0.000000000000000000e+00
9.150000000000000000e+01
1.336999969482421875e+02
0.000000000000000000e+00
0.000000000000000000e+00
0.000000000000000000e+00
0.000000000000000000e+00
0.000000000000000000e+00
9.150000000000000000e+01
1.169000015258789062e+02
0.000000000000000000e+00
0.000000000000000000e+00
0.000000000000000000e+00
0.000000000000000000e+00
0.000000000000000000e+00
0.000000000000000000e+00
0.000000000000000000e+00
0.000000000000000000e+00
0.000000000000000000e+00
0.000000000000000000e+00
0.000000000000000000e+00
0.000000000000000000e+00
0.000000000000000000e+00
0.000000000000000000e+00
0.000000000000000000e+00
0.000000000000000000e+00
0.000000000000000000e+00
0.000000000000000000e+00
0.000000000000000000e+00
0.000000000000000000e+00
0.000000000000000000e+00
0.000000000000000000e+00
0.000000000000000000e+00
0.000000000000000000e+00
0.000000000000000000e+00
0.000000000000000000e+00
0.000000000000000000e+00
0.000000000000000000e+00
0.000000000000000000e+00
0.000000000000000000e+00
0.000000000000000000e+00
0.000000000000000000e+00
0.000000000000000000e+00
0.000000000000000000e+00
9.150000000000000000e+01
1.112999954223632812e+02
0.000000000000000000e+00
0.000000000000000000e+00
0.000000000000000000e+00
0.000000000000000000e+00
9.150000000000000000e+01
1.245999984741210938e+02
0.000000000000000000e+00
0.000000000000000000e+00
0.000000000000000000e+00
0.000000000000000000e+00
9.150000000000000000e+01
1.280999908447265625e+02
0.000000000000000000e+00
0.000000000000000000e+00
0.000000000000000000e+00
0.000000000000000000e+00
9.150000000000000000e+01
1.175999984741210938e+02
0.000000000000000000e+00
0.000000000000000000e+00
0.000000000000000000e+00
0.000000000000000000e+00
9.150000000000000000e+01
1.204000015258789062e+02
0.000000000000000000e+00
0.000000000000000000e+00
0.000000000000000000e+00
0.000000000000000000e+00
9.150000000000000000e+01
1.231999969482421875e+02
0.000000000000000000e+00
0.000000000000000000e+00
0.000000000000000000e+00
0.000000000000000000e+00
9.150000000000000000e+01
1.210999984741210938e+02
0.000000000000000000e+00
0.000000000000000000e+00
0.000000000000000000e+00
0.000000000000000000e+00
9.150000000000000000e+01
1.169000015258789062e+02
0.000000000000000000e+00
0.000000000000000000e+00
0.000000000000000000e+00
0.000000000000000000e+00
9.150000000000000000e+01
1.288000030517578125e+02
0.000000000000000000e+00
0.000000000000000000e+00
0.000000000000000000e+00
0.000000000000000000e+00
9.150000000000000000e+01
1.126999969482421875e+02
0.000000000000000000e+00
0.000000000000000000e+00
0.000000000000000000e+00
0.000000000000000000e+00
9.150000000000000000e+01
1.245999984741210938e+02
0.000000000000000000e+00
0.000000000000000000e+00
0.000000000000000000e+00
0.000000000000000000e+00
9.150000000000000000e+01
1.182999954223632812e+02
0.000000000000000000e+00
0.000000000000000000e+00
0.000000000000000000e+00
0.000000000000000000e+00
9.150000000000000000e+01
1.210999984741210938e+02
0.000000000000000000e+00
0.000000000000000000e+00
0.000000000000000000e+00
0.000000000000000000e+00
9.150000000000000000e+01
1.105999984741210938e+02
0.000000000000000000e+00
0.000000000000000000e+00
0.000000000000000000e+00
0.000000000000000000e+00
9.150000000000000000e+01
1.315999908447265625e+02
0.000000000000000000e+00
0.000000000000000000e+00
0.000000000000000000e+00
0.000000000000000000e+00
9.150000000000000000e+01
1.085000000000000000e+02
0.000000000000000000e+00
0.000000000000000000e+00
0.000000000000000000e+00
0.000000000000000000e+00
9.150000000000000000e+01
1.245999984741210938e+02
0.000000000000000000e+00
0.000000000000000000e+00
0.000000000000000000e+00
0.000000000000000000e+00
9.150000000000000000e+01
1.155000000000000000e+02
0.000000000000000000e+00
0.000000000000000000e+00
0.000000000000000000e+00
0.000000000000000000e+00
9.150000000000000000e+01
1.217999954223632812e+02
0.000000000000000000e+00
1.890000152587890625e+01
3.429999923706054688e+01
0.000000000000000000e+00
9.150000000000000000e+01
1.105999984741210938e+02
0.000000000000000000e+00
1.890000152587890625e+01
3.500000000000000000e+00
0.000000000000000000e+00
9.150000000000000000e+01
1.239000015258789062e+02
0.000000000000000000e+00
1.890000152587890625e+01
2.100000000000000000e+01
0.000000000000000000e+00
9.150000000000000000e+01
1.231999969482421875e+02
0.000000000000000000e+00
1.890000152587890625e+01
9.099999427795410156e+00
0.000000000000000000e+00
9.150000000000000000e+01
1.161999969482421875e+02
0.000000000000000000e+00
1.890000152587890625e+01
1.889999961853027344e+01
0.000000000000000000e+00
9.150000000000000000e+01
1.266999969482421875e+02
0.000000000000000000e+00
1.890000152587890625e+01
7.000000000000000000e+00
0.000000000000000000e+00
9.150000000000000000e+01
1.196999969482421875e+02
0.000000000000000000e+00
1.890000152587890625e+01
2.029999923706054688e+01
0.000000000000000000e+00
9.150000000000000000e+01
1.196999969482421875e+02
0.000000000000000000e+00
1.890000152587890625e+01
7.699999809265136719e+00
0.000000000000000000e+00
9.150000000000000000e+01
1.204000015258789062e+02
0.000000000000000000e+00
9.600000381469726562e+00
1.259999942779541016e+01
2.400000095367431641e+00
7.450000000000000000e+01
7.490000152587890625e+01
0.000000000000000000e+00
9.600000381469726562e+00
9.099999427795410156e+00
2.400000095367431641e+00
4.900000381469726562e+01
5.320000076293945312e+01
0.000000000000000000e+00
9.600000381469726562e+00
1.259999942779541016e+01
9.000000357627868652e-01
4.830000305175781250e+01
6.370000076293945312e+01
0.000000000000000000e+00
0.000000000000000000e+00
8.700000762939453125e+00
1.050000000000000000e+01
4.050000000000000000e+01
4.059999847412109375e+01
0.000000000000000000e+00
0.000000000000000000e+00
0.000000000000000000e+00
6.000000238418579102e-01
4.720000076293945312e+01
5.389999771118164062e+01
0.000000000000000000e+00
0.000000000000000000e+00
0.000000000000000000e+00
6.000000238418579102e-01
4.000000381469726562e+01
4.829999923706054688e+01
0.000000000000000000e+00
0.000000000000000000e+00
0.000000000000000000e+00
6.000000238418579102e-01
4.000000381469726562e+01
3.429999923706054688e+01
0.000000000000000000e+00
0.000000000000000000e+00
0.000000000000000000e+00
6.000000238418579102e-01
3.930000305175781250e+01
4.759999847412109375e+01
0.000000000000000000e+00
0.000000000000000000e+00
0.000000000000000000e+00
6.000000238418579102e-01
6.999999880790710449e-01
3.930000305175781250e+01
5.039999771118164062e+01
0.000000000000000000e+00
0.000000000000000000e+00
6.000000238418579102e-01
1.399999976158142090e+00
3.930000305175781250e+01
3.429999923706054688e+01
0.000000000000000000e+00
0.000000000000000000e+00
6.000000238418579102e-01
0.000000000000000000e+00
3.930000305175781250e+01
5.109999847412109375e+01
0.000000000000000000e+00
0.000000000000000000e+00
6.000000238418579102e-01
2.099999904632568359e+00
3.930000305175781250e+01
4.900000000000000000e+01
0.000000000000000000e+00
0.000000000000000000e+00
6.000000238418579102e-01
1.000000000000000000e+00
4.000000381469726562e+01
3.639999771118164062e+01
0.000000000000000000e+00
0.000000000000000000e+00
6.000000238418579102e-01
3.000000119209289551e-01
3.930000305175781250e+01
4.620000076293945312e+01
0.000000000000000000e+00
0.000000000000000000e+00
0.000000000000000000e+00
9.000000357627868652e-01
4.109999847412109375e+01
5.039999771118164062e+01
0.000000000000000000e+00
0.000000000000000000e+00
0.000000000000000000e+00
0.000000000000000000e+00
0.000000000000000000e+00
3.960000228881835938e+01
3.079999923706054688e+01
0.000000000000000000e+00
0.000000000000000000e+00
0.000000000000000000e+00
0.000000000000000000e+00
0.000000000000000000e+00
0.000000000000000000e+00
0.000000000000000000e+00
0.000000000000000000e+00
0.000000000000000000e+00
0.000000000000000000e+00
0.000000000000000000e+00
0.000000000000000000e+00
0.000000000000000000e+00
0.000000000000000000e+00
0.000000000000000000e+00
0.000000000000000000e+00
0.000000000000000000e+00
0.000000000000000000e+00
0.000000000000000000e+00
0.000000000000000000e+00
0.000000000000000000e+00
0.000000000000000000e+00
0.000000000000000000e+00
0.000000000000000000e+00
0.000000000000000000e+00
0.000000000000000000e+00
0.000000000000000000e+00
0.000000000000000000e+00
0.000000000000000000e+00
0.000000000000000000e+00
0.000000000000000000e+00
0.000000000000000000e+00
0.000000000000000000e+00
0.000000000000000000e+00
0.000000000000000000e+00
3.900000000000000000e+01
1.610000038146972656e+01
0.000000000000000000e+00
0.000000000000000000e+00
0.000000000000000000e+00
0.000000000000000000e+00
3.900000000000000000e+01
5.250000000000000000e+01
0.000000000000000000e+00
0.000000000000000000e+00
0.000000000000000000e+00
0.000000000000000000e+00
3.900000000000000000e+01
4.479999923706054688e+01
0.000000000000000000e+00
0.000000000000000000e+00
0.000000000000000000e+00
0.000000000000000000e+00
3.900000000000000000e+01
4.550000000000000000e+01
0.000000000000000000e+00
0.000000000000000000e+00
0.000000000000000000e+00
0.000000000000000000e+00
3.900000000000000000e+01
3.779999923706054688e+01
0.000000000000000000e+00
0.000000000000000000e+00
0.000000000000000000e+00
0.000000000000000000e+00
3.900000000000000000e+01
3.639999771118164062e+01
0.000000000000000000e+00
0.000000000000000000e+00
0.000000000000000000e+00
0.000000000000000000e+00
3.900000000000000000e+01
4.689999771118164062e+01
0.000000000000000000e+00
0.000000000000000000e+00
0.000000000000000000e+00
0.000000000000000000e+00
3.900000000000000000e+01
5.250000000000000000e+01
0.000000000000000000e+00
0.000000000000000000e+00
0.000000000000000000e+00
0.000000000000000000e+00
3.900000000000000000e+01
3.220000076293945312e+01
0.000000000000000000e+00
0.000000000000000000e+00
0.000000000000000000e+00
0.000000000000000000e+00
3.900000000000000000e+01
4.270000076293945312e+01
0.000000000000000000e+00
0.000000000000000000e+00
0.000000000000000000e+00
0.000000000000000000e+00
0.000000000000000000e+00
0.000000000000000000e+00
0.000000000000000000e+00
0.000000000000000000e+00
0.000000000000000000e+00
0.000000000000000000e+00
0.000000000000000000e+00
0.000000000000000000e+00
0.000000000000000000e+00
0.000000000000000000e+00
0.000000000000000000e+00
0.000000000000000000e+00
0.000000000000000000e+00
0.000000000000000000e+00
0.000000000000000000e+00
0.000000000000000000e+00
0.000000000000000000e+00
0.000000000000000000e+00
0.000000000000000000e+00
0.000000000000000000e+00
0.000000000000000000e+00
0.000000000000000000e+00
0.000000000000000000e+00
0.000000000000000000e+00
0.000000000000000000e+00
0.000000000000000000e+00
0.000000000000000000e+00
0.000000000000000000e+00
0.000000000000000000e+00
0.000000000000000000e+00
0.000000000000000000e+00
0.000000000000000000e+00
0.000000000000000000e+00
0.000000000000000000e+00
0.000000000000000000e+00
0.000000000000000000e+00
0.000000000000000000e+00
0.000000000000000000e+00
0.000000000000000000e+00
1.077000045776367188e+02
1.064000015258789062e+02
0.000000000000000000e+00
0.000000000000000000e+00
0.000000000000000000e+00
0.000000000000000000e+00
0.000000000000000000e+00
9.930000305175781250e+01
1.428000030517578125e+02
0.000000000000000000e+00
0.000000000000000000e+00
0.000000000000000000e+00
0.000000000000000000e+00
0.000000000000000000e+00
9.930000305175781250e+01
9.240000152587890625e+01
0.000000000000000000e+00
0.000000000000000000e+00
0.000000000000000000e+00
0.000000000000000000e+00
9.150000000000000000e+01
1.204000015258789062e+02
0.000000000000000000e+00
0.000000000000000000e+00
0.000000000000000000e+00
0.000000000000000000e+00
9.150000000000000000e+01
9.519999694824218750e+01
0.000000000000000000e+00
0.000000000000000000e+00
0.000000000000000000e+00
0.000000000000000000e+00
9.150000000000000000e+01
1.056999969482421875e+02
0.000000000000000000e+00
0.000000000000000000e+00
0.000000000000000000e+00
0.000000000000000000e+00
9.150000000000000000e+01
1.056999969482421875e+02
0.000000000000000000e+00
0.000000000000000000e+00
0.000000000000000000e+00
0.000000000000000000e+00
9.150000000000000000e+01
1.112999954223632812e+02
0.000000000000000000e+00
0.000000000000000000e+00
0.000000000000000000e+00
0.000000000000000000e+00
0.000000000000000000e+00
0.000000000000000000e+00
9.150000000000000000e+01
7.979999542236328125e+01
0.000000000000000000e+00
0.000000000000000000e+00
0.000000000000000000e+00
0.000000000000000000e+00
0.000000000000000000e+00
0.000000000000000000e+00
0.000000000000000000e+00
0.000000000000000000e+00
0.000000000000000000e+00
0.000000000000000000e+00
0.000000000000000000e+00
0.000000000000000000e+00
0.000000000000000000e+00
0.000000000000000000e+00
0.000000000000000000e+00
0.000000000000000000e+00
0.000000000000000000e+00
0.000000000000000000e+00
0.000000000000000000e+00
0.000000000000000000e+00
0.000000000000000000e+00
0.000000000000000000e+00
0.000000000000000000e+00
0.000000000000000000e+00
0.000000000000000000e+00
0.000000000000000000e+00
0.000000000000000000e+00
0.000000000000000000e+00
0.000000000000000000e+00
0.000000000000000000e+00
0.000000000000000000e+00
0.000000000000000000e+00
0.000000000000000000e+00
0.000000000000000000e+00
0.000000000000000000e+00
0.000000000000000000e+00
0.000000000000000000e+00
0.000000000000000000e+00
0.000000000000000000e+00
9.150000000000000000e+01
5.459999847412109375e+01
0.000000000000000000e+00
0.000000000000000000e+00
0.000000000000000000e+00
0.000000000000000000e+00
9.150000000000000000e+01
1.525999908447265625e+02
0.000000000000000000e+00
0.000000000000000000e+00
0.000000000000000000e+00
0.000000000000000000e+00
9.150000000000000000e+01
5.950000000000000000e+01
0.000000000000000000e+00
0.000000000000000000e+00
0.000000000000000000e+00
0.000000000000000000e+00
9.150000000000000000e+01
1.260000000000000000e+02
0.000000000000000000e+00
0.000000000000000000e+00
0.000000000000000000e+00
0.000000000000000000e+00
9.150000000000000000e+01
8.190000152587890625e+01
0.000000000000000000e+00
0.000000000000000000e+00
0.000000000000000000e+00
0.000000000000000000e+00
9.150000000000000000e+01
1.175999984741210938e+02
0.000000000000000000e+00
0.000000000000000000e+00
0.000000000000000000e+00
0.000000000000000000e+00
9.150000000000000000e+01
7.279999542236328125e+01
0.000000000000000000e+00
0.000000000000000000e+00
0.000000000000000000e+00
0.000000000000000000e+00
9.150000000000000000e+01
1.266999969482421875e+02
0.000000000000000000e+00
0.000000000000000000e+00
0.000000000000000000e+00
0.000000000000000000e+00
9.150000000000000000e+01
5.950000000000000000e+01
0.000000000000000000e+00
0.000000000000000000e+00
0.000000000000000000e+00
0.000000000000000000e+00
0.000000000000000000e+00
9.150000000000000000e+01
1.175999984741210938e+02
0.000000000000000000e+00
0.000000000000000000e+00
0.000000000000000000e+00
0.000000000000000000e+00
0.000000000000000000e+00
0.000000000000000000e+00
0.000000000000000000e+00
0.000000000000000000e+00
0.000000000000000000e+00
0.000000000000000000e+00
0.000000000000000000e+00
0.000000000000000000e+00
0.000000000000000000e+00
0.000000000000000000e+00
0.000000000000000000e+00
0.000000000000000000e+00
0.000000000000000000e+00
0.000000000000000000e+00
0.000000000000000000e+00
0.000000000000000000e+00
0.000000000000000000e+00
0.000000000000000000e+00
0.000000000000000000e+00
0.000000000000000000e+00
0.000000000000000000e+00
0.000000000000000000e+00
0.000000000000000000e+00
0.000000000000000000e+00
0.000000000000000000e+00
0.000000000000000000e+00
0.000000000000000000e+00
0.000000000000000000e+00
0.000000000000000000e+00
0.000000000000000000e+00
0.000000000000000000e+00
0.000000000000000000e+00
0.000000000000000000e+00
0.000000000000000000e+00
0.000000000000000000e+00
0.000000000000000000e+00
0.000000000000000000e+00
0.000000000000000000e+00
0.000000000000000000e+00
0.000000000000000000e+00
0.000000000000000000e+00
9.150000000000000000e+01
4.689999771118164062e+01
0.000000000000000000e+00
0.000000000000000000e+00
0.000000000000000000e+00
0.000000000000000000e+00
9.150000000000000000e+01
1.280999908447265625e+02
0.000000000000000000e+00
0.000000000000000000e+00
0.000000000000000000e+00
0.000000000000000000e+00
9.150000000000000000e+01
7.559999847412109375e+01
0.000000000000000000e+00
0.000000000000000000e+00
0.000000000000000000e+00
0.000000000000000000e+00
9.150000000000000000e+01
1.042999954223632812e+02
0.000000000000000000e+00
0.000000000000000000e+00
0.000000000000000000e+00
0.000000000000000000e+00
9.150000000000000000e+01
7.279999542236328125e+01
1.680000114440917969e+01
2.519999885559082031e+01
3.000000119209289551e-01
1.399999976158142090e+00
8.910000610351562500e+01
1.085000000000000000e+02
1.110000038146972656e+01
9.800000190734863281e+00
3.000000119209289551e-01
1.800000071525573730e+00
7.970000457763671875e+01
5.179999923706054688e+01
5.700000286102294922e+00
6.599999904632568359e+00
1.600000023841857910e+00
1.500000000000000000e+00
6.140000534057617188e+01
6.300000000000000000e+01
4.500000000000000000e+00
5.900000095367431641e+00
1.900000095367431641e+00
3.200000047683715820e+00
5.990000152587890625e+01
5.600000000000000000e+01
2.700000047683715820e+00
2.799999952316284180e+00
6.000000238418579102e-01
0.000000000000000000e+00
0.000000000000000000e+00
0.000000000000000000e+00
0.000000000000000000e+00
0.000000000000000000e+00
0.000000000000000000e+00
0.000000000000000000e+00
0.000000000000000000e+00
0.000000000000000000e+00
0.000000000000000000e+00
0.000000000000000000e+00
0.000000000000000000e+00
0.000000000000000000e+00
0.000000000000000000e+00
0.000000000000000000e+00
0.000000000000000000e+00
0.000000000000000000e+00
0.000000000000000000e+00
0.000000000000000000e+00
0.000000000000000000e+00
0.000000000000000000e+00
0.000000000000000000e+00
0.000000000000000000e+00
0.000000000000000000e+00
0.000000000000000000e+00
0.000000000000000000e+00
0.000000000000000000e+00
0.000000000000000000e+00
0.000000000000000000e+00
0.000000000000000000e+00
0.000000000000000000e+00
0.000000000000000000e+00
0.000000000000000000e+00
5.850000381469726562e+01
2.100000000000000000e+01
0.000000000000000000e+00
0.000000000000000000e+00
0.000000000000000000e+00
0.000000000000000000e+00
5.790000152587890625e+01
5.809999847412109375e+01
0.000000000000000000e+00
0.000000000000000000e+00
0.000000000000000000e+00
0.000000000000000000e+00
5.790000152587890625e+01
7.629999542236328125e+01
0.000000000000000000e+00
0.000000000000000000e+00
0.000000000000000000e+00
0.000000000000000000e+00
5.790000152587890625e+01
5.670000076293945312e+01
0.000000000000000000e+00
0.000000000000000000e+00
0.000000000000000000e+00
0.000000000000000000e+00
5.790000152587890625e+01
4.409999847412109375e+01
0.000000000000000000e+00
0.000000000000000000e+00
0.000000000000000000e+00
0.000000000000000000e+00
5.790000152587890625e+01
5.950000000000000000e+01
0.000000000000000000e+00
0.000000000000000000e+00
0.000000000000000000e+00
0.000000000000000000e+00
5.790000152587890625e+01
5.879999923706054688e+01
0.000000000000000000e+00
0.000000000000000000e+00
0.000000000000000000e+00
0.000000000000000000e+00
5.790000152587890625e+01
6.440000152587890625e+01
0.000000000000000000e+00
0.000000000000000000e+00
0.000000000000000000e+00
0.000000000000000000e+00
5.790000152587890625e+01
5.739999771118164062e+01
0.000000000000000000e+00
0.000000000000000000e+00
0.000000000000000000e+00
0.000000000000000000e+00
5.790000152587890625e+01
4.200000000000000000e+01
0.000000000000000000e+00
0.000000000000000000e+00
0.000000000000000000e+00
0.000000000000000000e+00
5.790000152587890625e+01
6.089999771118164062e+01
0.000000000000000000e+00
0.000000000000000000e+00
0.000000000000000000e+00
0.000000000000000000e+00
5.790000152587890625e+01
7.279999542236328125e+01
0.000000000000000000e+00
0.000000000000000000e+00
0.000000000000000000e+00
0.000000000000000000e+00
5.640000152587890625e+01
3.709999847412109375e+01
0.000000000000000000e+00
0.000000000000000000e+00
0.000000000000000000e+00
0.000000000000000000e+00
0.000000000000000000e+00
5.640000152587890625e+01
5.879999923706054688e+01
0.000000000000000000e+00
0.000000000000000000e+00
0.000000000000000000e+00
0.000000000000000000e+00
0.000000000000000000e+00
0.000000000000000000e+00
5.640000152587890625e+01
5.670000076293945312e+01
0.000000000000000000e+00
0.000000000000000000e+00
0.000000000000000000e+00
0.000000000000000000e+00
5.640000152587890625e+01
5.109999847412109375e+01
0.000000000000000000e+00
0.000000000000000000e+00
0.000000000000000000e+00
0.000000000000000000e+00
5.640000152587890625e+01
5.529999923706054688e+01
0.000000000000000000e+00
0.000000000000000000e+00
0.000000000000000000e+00
0.000000000000000000e+00
5.640000152587890625e+01
6.089999771118164062e+01
0.000000000000000000e+00
0.000000000000000000e+00
0.000000000000000000e+00
0.000000000000000000e+00
5.640000152587890625e+01
4.550000000000000000e+01
0.000000000000000000e+00
0.000000000000000000e+00
0.000000000000000000e+00
0.000000000000000000e+00
5.640000152587890625e+01
6.370000076293945312e+01
0.000000000000000000e+00
0.000000000000000000e+00
0.000000000000000000e+00
0.000000000000000000e+00
5.640000152587890625e+01
4.620000076293945312e+01
0.000000000000000000e+00
0.000000000000000000e+00
0.000000000000000000e+00
0.000000000000000000e+00
5.640000152587890625e+01
5.320000076293945312e+01
0.000000000000000000e+00
0.000000000000000000e+00
0.000000000000000000e+00
0.000000000000000000e+00
5.640000152587890625e+01
6.159999847412109375e+01
0.000000000000000000e+00
0.000000000000000000e+00
0.000000000000000000e+00
0.000000000000000000e+00
5.640000152587890625e+01
6.790000152587890625e+01
0.000000000000000000e+00
0.000000000000000000e+00
0.000000000000000000e+00
0.000000000000000000e+00
5.640000152587890625e+01
3.010000038146972656e+01
0.000000000000000000e+00
0.000000000000000000e+00
0.000000000000000000e+00
0.000000000000000000e+00
5.640000152587890625e+01
4.759999847412109375e+01
0.000000000000000000e+00
0.000000000000000000e+00
0.000000000000000000e+00
0.000000000000000000e+00
5.640000152587890625e+01
7.209999847412109375e+01
0.000000000000000000e+00
0.000000000000000000e+00
0.000000000000000000e+00
0.000000000000000000e+00
5.640000152587890625e+01
5.670000076293945312e+01
0.000000000000000000e+00
0.000000000000000000e+00
0.000000000000000000e+00
0.000000000000000000e+00
5.640000152587890625e+01
4.200000000000000000e+01
0.000000000000000000e+00
0.000000000000000000e+00
0.000000000000000000e+00
0.000000000000000000e+00
5.640000152587890625e+01
5.950000000000000000e+01
0.000000000000000000e+00
0.000000000000000000e+00
0.000000000000000000e+00
0.000000000000000000e+00
5.640000152587890625e+01
4.409999847412109375e+01
0.000000000000000000e+00
0.000000000000000000e+00
0.000000000000000000e+00
0.000000000000000000e+00
5.640000152587890625e+01
6.579999542236328125e+01
0.000000000000000000e+00
0.000000000000000000e+00
0.000000000000000000e+00
0.000000000000000000e+00
5.640000152587890625e+01
5.320000076293945312e+01
0.000000000000000000e+00
0.000000000000000000e+00
0.000000000000000000e+00
0.000000000000000000e+00
5.640000152587890625e+01
4.339999771118164062e+01
0.000000000000000000e+00
0.000000000000000000e+00
0.000000000000000000e+00
0.000000000000000000e+00
5.640000152587890625e+01
5.320000076293945312e+01
0.000000000000000000e+00
0.000000000000000000e+00
0.000000000000000000e+00
0.000000000000000000e+00
5.640000152587890625e+01
6.089999771118164062e+01
0.000000000000000000e+00
0.000000000000000000e+00
0.000000000000000000e+00
0.000000000000000000e+00
5.640000152587890625e+01
4.270000076293945312e+01
0.000000000000000000e+00
0.000000000000000000e+00
0.000000000000000000e+00
0.000000000000000000e+00
5.640000152587890625e+01
5.529999923706054688e+01
0.000000000000000000e+00
0.000000000000000000e+00
0.000000000000000000e+00
0.000000000000000000e+00
5.640000152587890625e+01
6.300000000000000000e+01
0.000000000000000000e+00
0.000000000000000000e+00
0.000000000000000000e+00
0.000000000000000000e+00
5.640000152587890625e+01
5.320000076293945312e+01
0.000000000000000000e+00
0.000000000000000000e+00
0.000000000000000000e+00
0.000000000000000000e+00
5.640000152587890625e+01
3.359999847412109375e+01
0.000000000000000000e+00
0.000000000000000000e+00
0.000000000000000000e+00
0.000000000000000000e+00
5.640000152587890625e+01
6.509999847412109375e+01
0.000000000000000000e+00
0.000000000000000000e+00
0.000000000000000000e+00
0.000000000000000000e+00
0.000000000000000000e+00
0.000000000000000000e+00
0.000000000000000000e+00
0.000000000000000000e+00
0.000000000000000000e+00
0.000000000000000000e+00
0.000000000000000000e+00
0.000000000000000000e+00
0.000000000000000000e+00
0.000000000000000000e+00
0.000000000000000000e+00
0.000000000000000000e+00
0.000000000000000000e+00
0.000000000000000000e+00
0.000000000000000000e+00
0.000000000000000000e+00
0.000000000000000000e+00
0.000000000000000000e+00
0.000000000000000000e+00
0.000000000000000000e+00
0.000000000000000000e+00
0.000000000000000000e+00
0.000000000000000000e+00
0.000000000000000000e+00
0.000000000000000000e+00
0.000000000000000000e+00
0.000000000000000000e+00
0.000000000000000000e+00
0.000000000000000000e+00
0.000000000000000000e+00
0.000000000000000000e+00
0.000000000000000000e+00
0.000000000000000000e+00
0.000000000000000000e+00
0.000000000000000000e+00
0.000000000000000000e+00
0.000000000000000000e+00
5.640000152587890625e+01
7.000000000000000000e+00
0.000000000000000000e+00
0.000000000000000000e+00
0.000000000000000000e+00
0.000000000000000000e+00
5.640000152587890625e+01
5.459999847412109375e+01
0.000000000000000000e+00
0.000000000000000000e+00
0.000000000000000000e+00
0.000000000000000000e+00
5.640000152587890625e+01
7.209999847412109375e+01
0.000000000000000000e+00
0.000000000000000000e+00
0.000000000000000000e+00
0.000000000000000000e+00
5.640000152587890625e+01
3.500000000000000000e+01
0.000000000000000000e+00
0.000000000000000000e+00
0.000000000000000000e+00
0.000000000000000000e+00
5.640000152587890625e+01
5.879999923706054688e+01
0.000000000000000000e+00
0.000000000000000000e+00
0.000000000000000000e+00
0.000000000000000000e+00
5.640000152587890625e+01
5.529999923706054688e+01
0.000000000000000000e+00
0.000000000000000000e+00
0.000000000000000000e+00
0.000000000000000000e+00
5.640000152587890625e+01
3.709999847412109375e+01
0.000000000000000000e+00
0.000000000000000000e+00
0.000000000000000000e+00
0.000000000000000000e+00
5.640000152587890625e+01
5.529999923706054688e+01
0.000000000000000000e+00
0.000000000000000000e+00
0.000000000000000000e+00
0.000000000000000000e+00
0.000000000000000000e+00
0.000000000000000000e+00
0.000000000000000000e+00
5.640000152587890625e+01
4.550000000000000000e+01
0.000000000000000000e+00
0.000000000000000000e+00
0.000000000000000000e+00
0.000000000000000000e+00
0.000000000000000000e+00
0.000000000000000000e+00
0.000000000000000000e+00
0.000000000000000000e+00
0.000000000000000000e+00
0.000000000000000000e+00
0.000000000000000000e+00
0.000000000000000000e+00
0.000000000000000000e+00
0.000000000000000000e+00
0.000000000000000000e+00
0.000000000000000000e+00
0.000000000000000000e+00
0.000000000000000000e+00
0.000000000000000000e+00
0.000000000000000000e+00
0.000000000000000000e+00
0.000000000000000000e+00
0.000000000000000000e+00
0.000000000000000000e+00
0.000000000000000000e+00
0.000000000000000000e+00
0.000000000000000000e+00
0.000000000000000000e+00
0.000000000000000000e+00
0.000000000000000000e+00
0.000000000000000000e+00
0.000000000000000000e+00
0.000000000000000000e+00
0.000000000000000000e+00
0.000000000000000000e+00
0.000000000000000000e+00
0.000000000000000000e+00
0.000000000000000000e+00
0.000000000000000000e+00
0.000000000000000000e+00
0.000000000000000000e+00
0.000000000000000000e+00
0.000000000000000000e+00
0.000000000000000000e+00
5.640000152587890625e+01
6.299999713897705078e+00
0.000000000000000000e+00
0.000000000000000000e+00
0.000000000000000000e+00
0.000000000000000000e+00
5.640000152587890625e+01
5.739999771118164062e+01
0.000000000000000000e+00
0.000000000000000000e+00
0.000000000000000000e+00
0.000000000000000000e+00
0.000000000000000000e+00
5.640000152587890625e+01
6.440000152587890625e+01
0.000000000000000000e+00
0.000000000000000000e+00
0.000000000000000000e+00
0.000000000000000000e+00
5.640000152587890625e+01
4.759999847412109375e+01
0.000000000000000000e+00
0.000000000000000000e+00
0.000000000000000000e+00
0.000000000000000000e+00
5.640000152587890625e+01
3.989999771118164062e+01
0.000000000000000000e+00
0.000000000000000000e+00
0.000000000000000000e+00
0.000000000000000000e+00
5.640000152587890625e+01
6.719999694824218750e+01
0.000000000000000000e+00
0.000000000000000000e+00
0.000000000000000000e+00
0.000000000000000000e+00
5.640000152587890625e+01
3.989999771118164062e+01
0.000000000000000000e+00
0.000000000000000000e+00
0.000000000000000000e+00
0.000000000000000000e+00
5.640000152587890625e+01
3.709999847412109375e+01
0.000000000000000000e+00
0.000000000000000000e+00
0.000000000000000000e+00
0.000000000000000000e+00
0.000000000000000000e+00
5.640000152587890625e+01
6.020000076293945312e+01
0.000000000000000000e+00
0.000000000000000000e+00
0.000000000000000000e+00
0.000000000000000000e+00
5.640000152587890625e+01
5.670000076293945312e+01
0.000000000000000000e+00
0.000000000000000000e+00
0.000000000000000000e+00
0.000000000000000000e+00
0.000000000000000000e+00
0.000000000000000000e+00
0.000000000000000000e+00
0.000000000000000000e+00
0.000000000000000000e+00
0.000000000000000000e+00
0.000000000000000000e+00
0.000000000000000000e+00
0.000000000000000000e+00
0.000000000000000000e+00
0.000000000000000000e+00
0.000000000000000000e+00
0.000000000000000000e+00
0.000000000000000000e+00
0.000000000000000000e+00
0.000000000000000000e+00
0.000000000000000000e+00
0.000000000000000000e+00
0.000000000000000000e+00
0.000000000000000000e+00
0.000000000000000000e+00
0.000000000000000000e+00
0.000000000000000000e+00
0.000000000000000000e+00
0.000000000000000000e+00
0.000000000000000000e+00
0.000000000000000000e+00
0.000000000000000000e+00
0.000000000000000000e+00
0.000000000000000000e+00
0.000000000000000000e+00
0.000000000000000000e+00
0.000000000000000000e+00
5.640000152587890625e+01
5.599999904632568359e+00
0.000000000000000000e+00
0.000000000000000000e+00
0.000000000000000000e+00
0.000000000000000000e+00
5.640000152587890625e+01
4.759999847412109375e+01
0.000000000000000000e+00
0.000000000000000000e+00
0.000000000000000000e+00
0.000000000000000000e+00
5.640000152587890625e+01
6.370000076293945312e+01
0.000000000000000000e+00
0.000000000000000000e+00
0.000000000000000000e+00
0.000000000000000000e+00
5.640000152587890625e+01
5.459999847412109375e+01
0.000000000000000000e+00
0.000000000000000000e+00
0.000000000000000000e+00
0.000000000000000000e+00
5.640000152587890625e+01
4.550000000000000000e+01
0.000000000000000000e+00
0.000000000000000000e+00
0.000000000000000000e+00
0.000000000000000000e+00
5.640000152587890625e+01
5.389999771118164062e+01
0.000000000000000000e+00
0.000000000000000000e+00
0.000000000000000000e+00
0.000000000000000000e+00
5.640000152587890625e+01
2.589999961853027344e+01
0.000000000000000000e+00
0.000000000000000000e+00
0.000000000000000000e+00
0.000000000000000000e+00
5.640000152587890625e+01
6.929999542236328125e+01
0.000000000000000000e+00
0.000000000000000000e+00
0.000000000000000000e+00
0.000000000000000000e+00
5.640000152587890625e+01
4.900000000000000000e+01
0.000000000000000000e+00
0.000000000000000000e+00
0.000000000000000000e+00
0.000000000000000000e+00
5.640000152587890625e+01
4.409999847412109375e+01
0.000000000000000000e+00
0.000000000000000000e+00
0.000000000000000000e+00
0.000000000000000000e+00
0.000000000000000000e+00
0.000000000000000000e+00
0.000000000000000000e+00
0.000000000000000000e+00
0.000000000000000000e+00
0.000000000000000000e+00
0.000000000000000000e+00
0.000000000000000000e+00
0.000000000000000000e+00
0.000000000000000000e+00
0.000000000000000000e+00
0.000000000000000000e+00
0.000000000000000000e+00
0.000000000000000000e+00
0.000000000000000000e+00
0.000000000000000000e+00
0.000000000000000000e+00
0.000000000000000000e+00
0.000000000000000000e+00
0.000000000000000000e+00
0.000000000000000000e+00
0.000000000000000000e+00
0.000000000000000000e+00
0.000000000000000000e+00
0.000000000000000000e+00
0.000000000000000000e+00
0.000000000000000000e+00
0.000000000000000000e+00
0.000000000000000000e+00
0.000000000000000000e+00
0.000000000000000000e+00
0.000000000000000000e+00
0.000000000000000000e+00
0.000000000000000000e+00
5.640000152587890625e+01
5.599999904632568359e+00
0.000000000000000000e+00
0.000000000000000000e+00
0.000000000000000000e+00
0.000000000000000000e+00
5.640000152587890625e+01
5.109999847412109375e+01
0.000000000000000000e+00
0.000000000000000000e+00
0.000000000000000000e+00
0.000000000000000000e+00
5.640000152587890625e+01
6.159999847412109375e+01
0.000000000000000000e+00
0.000000000000000000e+00
0.000000000000000000e+00
0.000000000000000000e+00
5.640000152587890625e+01
4.550000000000000000e+01
0.000000000000000000e+00
0.000000000000000000e+00
0.000000000000000000e+00
0.000000000000000000e+00
5.640000152587890625e+01
5.250000000000000000e+01
0.000000000000000000e+00
0.000000000000000000e+00
0.000000000000000000e+00
0.000000000000000000e+00
5.640000152587890625e+01
4.270000076293945312e+01
0.000000000000000000e+00
0.000000000000000000e+00
0.000000000000000000e+00
0.000000000000000000e+00
5.640000152587890625e+01
3.429999923706054688e+01
0.000000000000000000e+00
0.000000000000000000e+00
0.000000000000000000e+00
0.000000000000000000e+00
5.640000152587890625e+01
6.509999847412109375e+01
0.000000000000000000e+00
0.000000000000000000e+00
0.000000000000000000e+00
0.000000000000000000e+00
5.640000152587890625e+01
4.900000000000000000e+01
0.000000000000000000e+00
0.000000000000000000e+00
0.000000000000000000e+00
0.000000000000000000e+00
5.640000152587890625e+01
4.200000000000000000e+01
0.000000000000000000e+00
0.000000000000000000e+00
0.000000000000000000e+00
0.000000000000000000e+00
0.000000000000000000e+00
0.000000000000000000e+00
0.000000000000000000e+00
0.000000000000000000e+00
0.000000000000000000e+00
0.000000000000000000e+00
0.000000000000000000e+00
0.000000000000000000e+00
0.000000000000000000e+00
0.000000000000000000e+00
0.000000000000000000e+00
0.000000000000000000e+00
0.000000000000000000e+00
0.000000000000000000e+00
0.000000000000000000e+00
0.000000000000000000e+00
0.000000000000000000e+00
0.000000000000000000e+00
0.000000000000000000e+00
0.000000000000000000e+00
0.000000000000000000e+00
0.000000000000000000e+00
0.000000000000000000e+00
0.000000000000000000e+00
0.000000000000000000e+00
0.000000000000000000e+00
0.000000000000000000e+00
0.000000000000000000e+00
0.000000000000000000e+00
0.000000000000000000e+00
0.000000000000000000e+00
0.000000000000000000e+00
0.000000000000000000e+00
0.000000000000000000e+00
0.000000000000000000e+00
0.000000000000000000e+00
5.640000152587890625e+01
6.299999713897705078e+00
0.000000000000000000e+00
0.000000000000000000e+00
0.000000000000000000e+00
0.000000000000000000e+00
5.640000152587890625e+01
4.829999923706054688e+01
0.000000000000000000e+00
0.000000000000000000e+00
0.000000000000000000e+00
0.000000000000000000e+00
5.640000152587890625e+01
5.250000000000000000e+01
0.000000000000000000e+00
0.000000000000000000e+00
5.400000381469726562e+01
8.329999542236328125e+01
4.080000305175781250e+01
4.550000000000000000e+01
0.000000000000000000e+00
0.000000000000000000e+00
5.400000381469726562e+01
3.639999771118164062e+01
3.480000305175781250e+01
1.889999961853027344e+01
0.000000000000000000e+00
0.000000000000000000e+00
5.400000381469726562e+01
2.869999885559082031e+01
3.300000000000000000e+01
2.869999885559082031e+01
0.000000000000000000e+00
0.000000000000000000e+00
5.400000381469726562e+01
6.370000076293945312e+01
2.730000114440917969e+01
2.310000038146972656e+01
0.000000000000000000e+00
0.000000000000000000e+00
5.430000305175781250e+01
5.389999771118164062e+01
2.400000000000000000e+01
1.819999885559082031e+01
0.000000000000000000e+00
0.000000000000000000e+00
5.490000152587890625e+01
4.129999923706054688e+01
2.250000000000000000e+01
1.679999923706054688e+01
0.000000000000000000e+00
0.000000000000000000e+00
5.520000076293945312e+01
5.879999923706054688e+01
2.100000000000000000e+01
2.100000000000000000e+01
0.000000000000000000e+00
0.000000000000000000e+00
5.550000381469726562e+01
4.200000000000000000e+01
2.070000076293945312e+01
1.679999923706054688e+01
0.000000000000000000e+00
0.000000000000000000e+00
5.580000305175781250e+01
4.409999847412109375e+01
1.920000076293945312e+01
1.259999942779541016e+01
0.000000000000000000e+00
0.000000000000000000e+00
5.610000228881835938e+01
7.000000000000000000e+01
1.740000152587890625e+01
1.819999885559082031e+01
0.000000000000000000e+00
3.000000119209289551e-01
5.340000152587890625e+01
4.479999923706054688e+01
1.560000038146972656e+01
1.050000000000000000e+01
0.000000000000000000e+00
3.000000119209289551e-01
5.430000305175781250e+01
3.570000076293945312e+01
1.530000019073486328e+01
8.399999618530273438e+00
0.000000000000000000e+00
6.000000238418579102e-01
5.220000076293945312e+01
5.950000000000000000e+01
1.470000076293945312e+01
1.469999980926513672e+01
0.000000000000000000e+00
6.000000238418579102e-01
5.250000381469726562e+01
4.759999847412109375e+01
1.350000095367431641e+01
1.330000019073486328e+01
0.000000000000000000e+00
6.000000238418579102e-01
5.380000305175781250e+01
4.339999771118164062e+01
1.290000057220458984e+01
7.699999809265136719e+00
3.000000119209289551e-01
9.000000357627868652e-01
5.070000076293945312e+01
4.479999923706054688e+01
1.260000038146972656e+01
9.800000190734863281e+00
3.000000119209289551e-01
1.200000047683715820e+00
4.900000381469726562e+01
4.689999771118164062e+01
1.230000019073486328e+01
9.099999427795410156e+00
6.000000238418579102e-01
1.900000095367431641e+00
4.600000381469726562e+01
4.200000000000000000e+01
1.110000038146972656e+01
9.099999427795410156e+00
9.000000357627868652e-01
1.500000000000000000e+00
4.550000381469726562e+01
3.920000076293945312e+01
1.110000038146972656e+01
6.299999713897705078e+00
9.000000357627868652e-01
2.200000047683715820e+00
4.400000381469726562e+01
3.779999923706054688e+01
1.020000076293945312e+01
7.699999809265136719e+00
1.200000047683715820e+00
2.100000143051147461e+00
3.900000000000000000e+01
2.519999885559082031e+01
9.900000572204589844e+00
3.500000000000000000e+00
1.500000000000000000e+00
2.100000143051147461e+00
4.179999923706054688e+01
4.339999771118164062e+01
9.300000190734863281e+00
8.399999618530273438e+00
1.800000071525573730e+00
4.900000095367431641e+00
3.610000228881835938e+01
3.079999923706054688e+01
9.000000000000000000e+00
9.800000190734863281e+00
1.800000071525573730e+00
3.100000143051147461e+00
3.390000152587890625e+01
2.589999961853027344e+01
8.700000762939453125e+00
9.800000190734863281e+00
1.500000000000000000e+00
4.400000095367431641e+00
3.200000000000000000e+01
2.939999961853027344e+01
8.400000572204589844e+00
6.299999713897705078e+00
1.500000000000000000e+00
3.000000000000000000e+00
3.080000114440917969e+01
2.029999923706054688e+01
8.400000572204589844e+00
8.399999618530273438e+00
1.500000000000000000e+00
3.700000047683715820e+00
3.189999961853027344e+01
1.889999961853027344e+01
7.200000286102294922e+00
4.900000095367431641e+00
2.100000143051147461e+00
2.800000190734863281e+00
3.450000000000000000e+01
2.589999961853027344e+01
7.200000286102294922e+00
9.099999427795410156e+00
2.100000143051147461e+00
6.999999880790710449e-01
3.240000152587890625e+01
2.100000000000000000e+01
7.200000286102294922e+00
4.199999809265136719e+00
2.100000143051147461e+00
4.900000095367431641e+00
3.240000152587890625e+01
3.850000000000000000e+01
6.900000095367431641e+00
4.900000095367431641e+00
2.100000143051147461e+00
1.399999976158142090e+00
3.270000076293945312e+01
3.079999923706054688e+01
6.900000095367431641e+00
4.199999809265136719e+00
2.100000143051147461e+00
1.399999976158142090e+00
3.270000076293945312e+01
1.889999961853027344e+01
6.900000095367431641e+00
7.699999809265136719e+00
2.100000143051147461e+00
6.999999880790710449e-01
3.270000076293945312e+01
1.960000038146972656e+01
6.900000095367431641e+00
5.599999904632568359e+00
2.100000143051147461e+00
1.399999976158142090e+00
3.270000076293945312e+01
3.079999923706054688e+01
6.900000095367431641e+00
7.000000000000000000e+00
2.100000143051147461e+00
0.000000000000000000e+00
3.270000076293945312e+01
2.869999885559082031e+01
6.300000190734863281e+00
4.199999809265136719e+00
2.700000047683715820e+00
6.999999880790710449e-01
3.270000076293945312e+01
2.800000000000000000e+01
6.000000000000000000e+00
8.000000000000000000e+00
2.700000047683715820e+00
4.199999809265136719e+00
3.270000076293945312e+01
2.450000000000000000e+01
6.000000000000000000e+00
5.599999904632568359e+00
3.000000000000000000e+00
2.799999952316284180e+00
3.270000076293945312e+01
2.169999885559082031e+01
6.000000000000000000e+00
4.900000095367431641e+00
3.000000000000000000e+00
2.099999904632568359e+00
1.350000095367431641e+01
1.330000019073486328e+01
6.900000095367431641e+00
2.099999904632568359e+00
4.200000286102294922e+00
2.299999952316284180e+00
1.110000038146972656e+01
7.000000000000000000e+00
4.200000286102294922e+00
4.400000095367431641e+00
6.999999880790710449e-01
6.000000238418579102e-01
1.399999976158142090e+00
2.100000143051147461e+00
2.099999904632568359e+00
6.000000238418579102e-01
0.000000000000000000e+00
0.000000000000000000e+00
0.000000000000000000e+00
0.000000000000000000e+00
0.000000000000000000e+00
0.000000000000000000e+00
0.000000000000000000e+00
0.000000000000000000e+00
0.000000000000000000e+00
0.000000000000000000e+00
0.000000000000000000e+00
0.000000000000000000e+00
0.000000000000000000e+00
0.000000000000000000e+00
0.000000000000000000e+00
0.000000000000000000e+00
0.000000000000000000e+00
0.000000000000000000e+00
0.000000000000000000e+00
0.000000000000000000e+00
0.000000000000000000e+00
0.000000000000000000e+00
0.000000000000000000e+00
0.000000000000000000e+00
0.000000000000000000e+00
0.000000000000000000e+00
0.000000000000000000e+00
0.000000000000000000e+00
0.000000000000000000e+00
0.000000000000000000e+00
1.104000015258789062e+02
4.970000076293945312e+01
0.000000000000000000e+00
0.000000000000000000e+00
0.000000000000000000e+00
0.000000000000000000e+00
1.104000015258789062e+02
1.413999938964843750e+02
0.000000000000000000e+00
0.000000000000000000e+00
0.000000000000000000e+00
0.000000000000000000e+00
1.104000015258789062e+02
8.819999694824218750e+01
0.000000000000000000e+00
0.000000000000000000e+00
0.000000000000000000e+00
0.000000000000000000e+00
1.104000015258789062e+02
6.089999771118164062e+01
0.000000000000000000e+00
0.000000000000000000e+00
0.000000000000000000e+00
0.000000000000000000e+00
1.104000015258789062e+02
1.260000000000000000e+02
0.000000000000000000e+00
0.000000000000000000e+00
0.000000000000000000e+00
0.000000000000000000e+00
1.104000015258789062e+02
8.609999847412109375e+01
0.000000000000000000e+00
0.000000000000000000e+00
0.000000000000000000e+00
0.000000000000000000e+00
1.104000015258789062e+02
6.650000000000000000e+01
0.000000000000000000e+00
0.000000000000000000e+00
0.000000000000000000e+00
0.000000000000000000e+00
1.011000061035156250e+02
1.196999969482421875e+02
0.000000000000000000e+00
0.000000000000000000e+00
0.000000000000000000e+00
0.000000000000000000e+00
9.150000000000000000e+01
6.579999542236328125e+01
0.000000000000000000e+00
0.000000000000000000e+00
0.000000000000000000e+00
0.000000000000000000e+00
9.150000000000000000e+01
4.689999771118164062e+01
0.000000000000000000e+00
0.000000000000000000e+00
0.000000000000000000e+00
0.000000000000000000e+00
0.000000000000000000e+00
0.000000000000000000e+00
0.000000000000000000e+00
0.000000000000000000e+00
0.000000000000000000e+00
0.000000000000000000e+00
0.000000000000000000e+00
0.000000000000000000e+00
0.000000000000000000e+00
0.000000000000000000e+00
0.000000000000000000e+00
0.000000000000000000e+00
0.000000000000000000e+00
0.000000000000000000e+00
0.000000000000000000e+00
0.000000000000000000e+00
0.000000000000000000e+00
0.000000000000000000e+00
0.000000000000000000e+00
0.000000000000000000e+00
0.000000000000000000e+00
0.000000000000000000e+00
0.000000000000000000e+00
0.000000000000000000e+00
0.000000000000000000e+00
0.000000000000000000e+00
0.000000000000000000e+00
0.000000000000000000e+00
0.000000000000000000e+00
0.000000000000000000e+00
0.000000000000000000e+00
0.000000000000000000e+00
0.000000000000000000e+00
0.000000000000000000e+00
9.150000000000000000e+01
2.729999923706054688e+01
0.000000000000000000e+00
0.000000000000000000e+00
0.000000000000000000e+00
0.000000000000000000e+00
9.150000000000000000e+01
1.161999969482421875e+02
0.000000000000000000e+00
0.000000000000000000e+00
0.000000000000000000e+00
0.000000000000000000e+00
9.150000000000000000e+01
7.490000152587890625e+01
0.000000000000000000e+00
0.000000000000000000e+00
0.000000000000000000e+00
0.000000000000000000e+00
9.150000000000000000e+01
5.320000076293945312e+01
0.000000000000000000e+00
0.000000000000000000e+00
0.000000000000000000e+00
0.000000000000000000e+00
9.150000000000000000e+01
9.169999694824218750e+01
0.000000000000000000e+00
0.000000000000000000e+00
0.000000000000000000e+00
0.000000000000000000e+00
9.150000000000000000e+01
7.700000000000000000e+01
0.000000000000000000e+00
0.000000000000000000e+00
0.000000000000000000e+00
0.000000000000000000e+00
9.150000000000000000e+01
5.179999923706054688e+01
0.000000000000000000e+00
0.000000000000000000e+00
0.000000000000000000e+00
0.000000000000000000e+00
9.150000000000000000e+01
1.035999984741210938e+02
0.000000000000000000e+00
0.000000000000000000e+00
0.000000000000000000e+00
0.000000000000000000e+00
9.150000000000000000e+01
5.950000000000000000e+01
0.000000000000000000e+00
0.000000000000000000e+00
0.000000000000000000e+00
0.000000000000000000e+00
9.150000000000000000e+01
6.719999694824218750e+01
0.000000000000000000e+00
0.000000000000000000e+00
0.000000000000000000e+00
0.000000000000000000e+00
0.000000000000000000e+00
9.150000000000000000e+01
8.679999542236328125e+01
0.000000000000000000e+00
0.000000000000000000e+00
0.000000000000000000e+00
0.000000000000000000e+00
0.000000000000000000e+00
0.000000000000000000e+00
0.000000000000000000e+00
0.000000000000000000e+00
0.000000000000000000e+00
0.000000000000000000e+00
0.000000000000000000e+00
0.000000000000000000e+00
0.000000000000000000e+00
0.000000000000000000e+00
0.000000000000000000e+00
0.000000000000000000e+00
0.000000000000000000e+00
0.000000000000000000e+00
0.000000000000000000e+00
0.000000000000000000e+00
0.000000000000000000e+00
0.000000000000000000e+00
0.000000000000000000e+00
0.000000000000000000e+00
0.000000000000000000e+00
0.000000000000000000e+00
0.000000000000000000e+00
0.000000000000000000e+00
0.000000000000000000e+00
0.000000000000000000e+00
0.000000000000000000e+00
0.000000000000000000e+00
0.000000000000000000e+00
0.000000000000000000e+00
0.000000000000000000e+00
0.000000000000000000e+00
0.000000000000000000e+00
9.150000000000000000e+01
1.330000019073486328e+01
0.000000000000000000e+00
0.000000000000000000e+00
0.000000000000000000e+00
0.000000000000000000e+00
9.150000000000000000e+01
9.029999542236328125e+01
0.000000000000000000e+00
0.000000000000000000e+00
0.000000000000000000e+00
0.000000000000000000e+00
9.150000000000000000e+01
1.155000000000000000e+02
0.000000000000000000e+00
0.000000000000000000e+00
0.000000000000000000e+00
0.000000000000000000e+00
9.150000000000000000e+01
4.620000076293945312e+01
0.000000000000000000e+00
0.000000000000000000e+00
0.000000000000000000e+00
0.000000000000000000e+00
9.150000000000000000e+01
5.950000000000000000e+01
0.000000000000000000e+00
0.000000000000000000e+00
0.000000000000000000e+00
0.000000000000000000e+00
9.150000000000000000e+01
9.240000152587890625e+01
1.530000019073486328e+01
1.819999885559082031e+01
0.000000000000000000e+00
0.000000000000000000e+00
9.240000152587890625e+01
6.370000076293945312e+01
9.000000000000000000e+00
1.050000000000000000e+01
6.000000238418579102e-01
1.200000047683715820e+00
7.800000000000000000e+01
5.250000000000000000e+01
7.200000286102294922e+00
2.799999952316284180e+00
1.200000047683715820e+00
1.500000000000000000e+00
6.759999847412109375e+01
4.759999847412109375e+01
4.800000190734863281e+00
5.099999904632568359e+00
6.000000238418579102e-01
1.800000071525573730e+00
6.999999880790710449e-01
6.240000152587890625e+01
4.339999771118164062e+01
6.000000238418579102e-01
6.999999880790710449e-01
9.000000357627868652e-01
1.399999976158142090e+00
2.430000114440917969e+01
1.330000019073486328e+01
3.000000119209289551e-01
6.999999880790710449e-01
0.000000000000000000e+00
0.000000000000000000e+00
0.000000000000000000e+00
0.000000000000000000e+00
0.000000000000000000e+00
0.000000000000000000e+00
0.000000000000000000e+00
0.000000000000000000e+00
0.000000000000000000e+00
0.000000000000000000e+00
0.000000000000000000e+00
0.000000000000000000e+00
0.000000000000000000e+00
0.000000000000000000e+00
0.000000000000000000e+00
0.000000000000000000e+00
0.000000000000000000e+00
0.000000000000000000e+00
0.000000000000000000e+00
0.000000000000000000e+00
0.000000000000000000e+00
0.000000000000000000e+00
0.000000000000000000e+00
0.000000000000000000e+00
0.000000000000000000e+00
0.000000000000000000e+00
0.000000000000000000e+00
0.000000000000000000e+00
0.000000000000000000e+00
2.430000114440917969e+01
1.399999976158142090e+00
0.000000000000000000e+00
0.000000000000000000e+00
0.000000000000000000e+00
0.000000000000000000e+00
2.580000114440917969e+01
1.610000038146972656e+01
0.000000000000000000e+00
0.000000000000000000e+00
0.000000000000000000e+00
3.000000119209289551e-01
2.700000190734863281e+01
1.610000038146972656e+01
0.000000000000000000e+00
0.000000000000000000e+00
0.000000000000000000e+00
1.200000047683715820e+00
3.010000228881835938e+01
2.169999885559082031e+01
0.000000000000000000e+00
0.000000000000000000e+00
0.000000000000000000e+00
1.200000047683715820e+00
3.070000267028808594e+01
1.889999961853027344e+01
0.000000000000000000e+00
0.000000000000000000e+00
0.000000000000000000e+00
1.200000047683715820e+00
3.120000076293945312e+01
2.379999923706054688e+01
0.000000000000000000e+00
0.000000000000000000e+00
6.000000238418579102e-01
1.200000047683715820e+00
3.220000076293945312e+01
1.960000038146972656e+01
0.000000000000000000e+00
0.000000000000000000e+00
6.000000238418579102e-01
2.200000047683715820e+00
3.150000190734863281e+01
2.589999961853027344e+01
0.000000000000000000e+00
0.000000000000000000e+00
6.000000238418579102e-01
1.500000000000000000e+00
3.450000000000000000e+01
1.960000038146972656e+01
0.000000000000000000e+00
0.000000000000000000e+00
6.000000238418579102e-01
0.000000000000000000e+00
0.000000000000000000e+00
3.330000305175781250e+01
2.169999885559082031e+01
0.000000000000000000e+00
0.000000000000000000e+00
0.000000000000000000e+00
0.000000000000000000e+00
0.000000000000000000e+00
0.000000000000000000e+00
0.000000000000000000e+00
0.000000000000000000e+00
0.000000000000000000e+00
0.000000000000000000e+00
0.000000000000000000e+00
0.000000000000000000e+00
0.000000000000000000e+00
0.000000000000000000e+00
0.000000000000000000e+00
0.000000000000000000e+00
0.000000000000000000e+00
0.000000000000000000e+00
0.000000000000000000e+00
0.000000000000000000e+00
0.000000000000000000e+00
0.000000000000000000e+00
0.000000000000000000e+00
0.000000000000000000e+00
0.000000000000000000e+00
0.000000000000000000e+00
0.000000000000000000e+00
0.000000000000000000e+00
0.000000000000000000e+00
0.000000000000000000e+00
0.000000000000000000e+00
0.000000000000000000e+00
0.000000000000000000e+00
0.000000000000000000e+00
0.000000000000000000e+00
3.390000152587890625e+01
0.000000000000000000e+00
0.000000000000000000e+00
0.000000000000000000e+00
0.000000000000000000e+00
0.000000000000000000e+00
3.390000152587890625e+01
1.679999923706054688e+01
0.000000000000000000e+00
0.000000000000000000e+00
0.000000000000000000e+00
0.000000000000000000e+00
3.390000152587890625e+01
2.589999961853027344e+01
0.000000000000000000e+00
0.000000000000000000e+00
0.000000000000000000e+00
0.000000000000000000e+00
3.390000152587890625e+01
3.429999923706054688e+01
0.000000000000000000e+00
0.000000000000000000e+00
0.000000000000000000e+00
0.000000000000000000e+00
3.390000152587890625e+01
1.889999961853027344e+01
0.000000000000000000e+00
0.000000000000000000e+00
0.000000000000000000e+00
6.000000238418579102e-01
3.390000152587890625e+01
2.519999885559082031e+01
0.000000000000000000e+00
0.000000000000000000e+00
0.000000000000000000e+00
6.000000238418579102e-01
3.390000152587890625e+01
2.589999961853027344e+01
0.000000000000000000e+00
0.000000000000000000e+00
0.000000000000000000e+00
6.000000238418579102e-01
3.520000076293945312e+01
2.379999923706054688e+01
0.000000000000000000e+00
0.000000000000000000e+00
0.000000000000000000e+00
6.000000238418579102e-01
3.480000305175781250e+01
1.610000038146972656e+01
0.000000000000000000e+00
0.000000000000000000e+00
0.000000000000000000e+00
9.000000357627868652e-01
3.610000228881835938e+01
2.589999961853027344e+01
0.000000000000000000e+00
0.000000000000000000e+00
0.000000000000000000e+00
9.000000357627868652e-01
3.540000152587890625e+01
2.800000000000000000e+01
0.000000000000000000e+00
0.000000000000000000e+00
0.000000000000000000e+00
9.000000357627868652e-01
3.570000076293945312e+01
3.010000038146972656e+01
0.000000000000000000e+00
0.000000000000000000e+00
0.000000000000000000e+00
9.000000357627868652e-01
3.670000076293945312e+01
2.029999923706054688e+01
0.000000000000000000e+00
0.000000000000000000e+00
0.000000000000000000e+00
9.000000357627868652e-01
3.670000076293945312e+01
2.029999923706054688e+01
0.000000000000000000e+00
0.000000000000000000e+00
0.000000000000000000e+00
6.000000238418579102e-01
3.700000381469726562e+01
2.589999961853027344e+01
0.000000000000000000e+00
0.000000000000000000e+00
0.000000000000000000e+00
6.000000238418579102e-01
3.630000305175781250e+01
2.450000000000000000e+01
0.000000000000000000e+00
0.000000000000000000e+00
0.000000000000000000e+00
0.000000000000000000e+00
1.104000015258789062e+02
9.029999542236328125e+01
0.000000000000000000e+00
0.000000000000000000e+00
0.000000000000000000e+00
0.000000000000000000e+00
1.104000015258789062e+02
9.450000000000000000e+01
0.000000000000000000e+00
0.000000000000000000e+00
0.000000000000000000e+00
0.000000000000000000e+00
1.104000015258789062e+02
7.909999847412109375e+01
0.000000000000000000e+00
0.000000000000000000e+00
0.000000000000000000e+00
0.000000000000000000e+00
1.104000015258789062e+02
8.959999847412109375e+01
0.000000000000000000e+00
0.000000000000000000e+00
0.000000000000000000e+00
0.000000000000000000e+00
1.104000015258789062e+02
9.029999542236328125e+01
0.000000000000000000e+00
0.000000000000000000e+00
0.000000000000000000e+00
0.000000000000000000e+00
1.104000015258789062e+02
8.119999694824218750e+01
0.000000000000000000e+00
0.000000000000000000e+00
0.000000000000000000e+00
0.000000000000000000e+00
1.104000015258789062e+02
9.029999542236328125e+01
0.000000000000000000e+00
0.000000000000000000e+00
0.000000000000000000e+00
0.000000000000000000e+00
1.104000015258789062e+02
8.750000000000000000e+01
0.000000000000000000e+00
0.000000000000000000e+00
0.000000000000000000e+00
0.000000000000000000e+00
1.104000015258789062e+02
7.769999694824218750e+01
0.000000000000000000e+00
0.000000000000000000e+00
0.000000000000000000e+00
0.000000000000000000e+00
0.000000000000000000e+00
1.011000061035156250e+02
7.840000152587890625e+01
0.000000000000000000e+00
0.000000000000000000e+00
0.000000000000000000e+00
0.000000000000000000e+00
1.011000061035156250e+02
7.700000000000000000e+01
0.000000000000000000e+00
0.000000000000000000e+00
0.000000000000000000e+00
0.000000000000000000e+00
1.011000061035156250e+02
7.490000152587890625e+01
0.000000000000000000e+00
0.000000000000000000e+00
0.000000000000000000e+00
0.000000000000000000e+00
1.011000061035156250e+02
8.050000000000000000e+01
0.000000000000000000e+00
0.000000000000000000e+00
0.000000000000000000e+00
0.000000000000000000e+00
1.011000061035156250e+02
7.700000000000000000e+01
0.000000000000000000e+00
0.000000000000000000e+00
0.000000000000000000e+00
0.000000000000000000e+00
1.011000061035156250e+02
7.000000000000000000e+01
0.000000000000000000e+00
0.000000000000000000e+00
0.000000000000000000e+00
0.000000000000000000e+00
0.000000000000000000e+00
1.011000061035156250e+02
7.559999847412109375e+01
0.000000000000000000e+00
0.000000000000000000e+00
0.000000000000000000e+00
0.000000000000000000e+00
1.011000061035156250e+02
8.329999542236328125e+01
0.000000000000000000e+00
0.000000000000000000e+00
0.000000000000000000e+00
0.000000000000000000e+00
1.011000061035156250e+02
6.859999847412109375e+01
0.000000000000000000e+00
0.000000000000000000e+00
0.000000000000000000e+00
0.000000000000000000e+00
0.000000000000000000e+00
1.011000061035156250e+02
8.540000152587890625e+01
0.000000000000000000e+00
0.000000000000000000e+00
0.000000000000000000e+00
0.000000000000000000e+00
1.011000061035156250e+02
6.859999847412109375e+01
0.000000000000000000e+00
0.000000000000000000e+00
0.000000000000000000e+00
0.000000000000000000e+00
1.011000061035156250e+02
7.350000000000000000e+01
0.000000000000000000e+00
0.000000000000000000e+00
0.000000000000000000e+00
0.000000000000000000e+00
1.011000061035156250e+02
8.329999542236328125e+01
0.000000000000000000e+00
0.000000000000000000e+00
0.000000000000000000e+00
0.000000000000000000e+00
1.011000061035156250e+02
6.929999542236328125e+01
0.000000000000000000e+00
0.000000000000000000e+00
0.000000000000000000e+00
0.000000000000000000e+00
1.011000061035156250e+02
6.370000076293945312e+01
0.000000000000000000e+00
0.000000000000000000e+00
0.000000000000000000e+00
0.000000000000000000e+00
1.011000061035156250e+02
9.100000000000000000e+01
0.000000000000000000e+00
0.000000000000000000e+00
0.000000000000000000e+00
0.000000000000000000e+00
1.011000061035156250e+02
7.209999847412109375e+01
0.000000000000000000e+00
0.000000000000000000e+00
0.000000000000000000e+00
0.000000000000000000e+00
1.011000061035156250e+02
6.859999847412109375e+01
0.000000000000000000e+00
0.000000000000000000e+00
0.000000000000000000e+00
0.000000000000000000e+00
0.000000000000000000e+00
0.000000000000000000e+00
0.000000000000000000e+00
0.000000000000000000e+00
0.000000000000000000e+00
0.000000000000000000e+00
0.000000000000000000e+00
0.000000000000000000e+00
0.000000000000000000e+00
0.000000000000000000e+00
0.000000000000000000e+00
0.000000000000000000e+00
0.000000000000000000e+00
0.000000000000000000e+00
0.000000000000000000e+00
0.000000000000000000e+00
0.000000000000000000e+00
0.000000000000000000e+00
0.000000000000000000e+00
0.000000000000000000e+00
0.000000000000000000e+00
0.000000000000000000e+00
0.000000000000000000e+00
0.000000000000000000e+00
0.000000000000000000e+00
0.000000000000000000e+00
0.000000000000000000e+00
0.000000000000000000e+00
0.000000000000000000e+00
0.000000000000000000e+00
9.150000000000000000e+01
1.610000038146972656e+01
0.000000000000000000e+00
0.000000000000000000e+00
0.000000000000000000e+00
0.000000000000000000e+00
9.150000000000000000e+01
8.609999847412109375e+01
0.000000000000000000e+00
0.000000000000000000e+00
0.000000000000000000e+00
0.000000000000000000e+00
9.150000000000000000e+01
8.190000152587890625e+01
0.000000000000000000e+00
0.000000000000000000e+00
0.000000000000000000e+00
0.000000000000000000e+00
9.150000000000000000e+01
6.020000076293945312e+01
0.000000000000000000e+00
0.000000000000000000e+00
0.000000000000000000e+00
0.000000000000000000e+00
9.150000000000000000e+01
5.459999847412109375e+01
0.000000000000000000e+00
0.000000000000000000e+00
0.000000000000000000e+00
0.000000000000000000e+00
9.150000000000000000e+01
7.559999847412109375e+01
0.000000000000000000e+00
0.000000000000000000e+00
0.000000000000000000e+00
0.000000000000000000e+00
9.150000000000000000e+01
5.529999923706054688e+01
0.000000000000000000e+00
0.000000000000000000e+00
0.000000000000000000e+00
0.000000000000000000e+00
9.150000000000000000e+01
6.790000152587890625e+01
0.000000000000000000e+00
0.000000000000000000e+00
0.000000000000000000e+00
0.000000000000000000e+00
9.150000000000000000e+01
5.670000076293945312e+01
0.000000000000000000e+00
0.000000000000000000e+00
0.000000000000000000e+00
0.000000000000000000e+00
0.000000000000000000e+00
0.000000000000000000e+00
1.104000015258789062e+02
9.309999847412109375e+01
0.000000000000000000e+00
0.000000000000000000e+00
0.000000000000000000e+00
0.000000000000000000e+00
9.960000610351562500e+01
7.419999694824218750e+01
0.000000000000000000e+00
0.000000000000000000e+00
0.000000000000000000e+00
0.000000000000000000e+00
0.000000000000000000e+00
0.000000000000000000e+00
0.000000000000000000e+00
0.000000000000000000e+00
0.000000000000000000e+00
0.000000000000000000e+00
0.000000000000000000e+00
0.000000000000000000e+00
0.000000000000000000e+00
0.000000000000000000e+00
0.000000000000000000e+00
0.000000000000000000e+00
0.000000000000000000e+00
0.000000000000000000e+00
0.000000000000000000e+00
0.000000000000000000e+00
0.000000000000000000e+00
0.000000000000000000e+00
0.000000000000000000e+00
0.000000000000000000e+00
0.000000000000000000e+00
0.000000000000000000e+00
0.000000000000000000e+00
0.000000000000000000e+00
0.000000000000000000e+00
0.000000000000000000e+00
0.000000000000000000e+00
9.150000000000000000e+01
2.100000000000000000e+01
0.000000000000000000e+00
0.000000000000000000e+00
0.000000000000000000e+00
0.000000000000000000e+00
9.150000000000000000e+01
6.159999847412109375e+01
0.000000000000000000e+00
0.000000000000000000e+00
0.000000000000000000e+00
0.000000000000000000e+00
9.150000000000000000e+01
8.959999847412109375e+01
0.000000000000000000e+00
0.000000000000000000e+00
0.000000000000000000e+00
0.000000000000000000e+00
9.150000000000000000e+01
6.650000000000000000e+01
0.000000000000000000e+00
0.000000000000000000e+00
0.000000000000000000e+00
0.000000000000000000e+00
9.150000000000000000e+01
5.320000076293945312e+01
0.000000000000000000e+00
0.000000000000000000e+00
0.000000000000000000e+00
0.000000000000000000e+00
9.150000000000000000e+01
5.459999847412109375e+01
0.000000000000000000e+00
0.000000000000000000e+00
0.000000000000000000e+00
0.000000000000000000e+00
9.150000000000000000e+01
7.000000000000000000e+01
0.000000000000000000e+00
0.000000000000000000e+00
0.000000000000000000e+00
0.000000000000000000e+00
9.150000000000000000e+01
7.000000000000000000e+01
0.000000000000000000e+00
0.000000000000000000e+00
0.000000000000000000e+00
0.000000000000000000e+00
9.150000000000000000e+01
5.459999847412109375e+01
0.000000000000000000e+00
0.000000000000000000e+00
0.000000000000000000e+00
0.000000000000000000e+00
0.000000000000000000e+00
9.150000000000000000e+01
5.250000000000000000e+01
0.000000000000000000e+00
0.000000000000000000e+00
0.000000000000000000e+00
0.000000000000000000e+00
0.000000000000000000e+00
0.000000000000000000e+00
0.000000000000000000e+00
0.000000000000000000e+00
0.000000000000000000e+00
0.000000000000000000e+00
0.000000000000000000e+00
0.000000000000000000e+00
0.000000000000000000e+00
0.000000000000000000e+00
0.000000000000000000e+00
0.000000000000000000e+00
0.000000000000000000e+00
0.000000000000000000e+00
0.000000000000000000e+00
0.000000000000000000e+00
0.000000000000000000e+00
0.000000000000000000e+00
0.000000000000000000e+00
0.000000000000000000e+00
0.000000000000000000e+00
0.000000000000000000e+00
0.000000000000000000e+00
0.000000000000000000e+00
0.000000000000000000e+00
0.000000000000000000e+00
0.000000000000000000e+00
0.000000000000000000e+00
9.150000000000000000e+01
3.079999923706054688e+01
0.000000000000000000e+00
0.000000000000000000e+00
0.000000000000000000e+00
0.000000000000000000e+00
0.000000000000000000e+00
0.000000000000000000e+00
0.000000000000000000e+00
0.000000000000000000e+00
0.000000000000000000e+00
9.150000000000000000e+01
7.840000152587890625e+01
0.000000000000000000e+00
0.000000000000000000e+00
0.000000000000000000e+00
0.000000000000000000e+00
9.150000000000000000e+01
6.650000000000000000e+01
0.000000000000000000e+00
0.000000000000000000e+00
0.000000000000000000e+00
0.000000000000000000e+00
9.150000000000000000e+01
5.529999923706054688e+01
0.000000000000000000e+00
0.000000000000000000e+00
0.000000000000000000e+00
0.000000000000000000e+00
9.150000000000000000e+01
6.229999923706054688e+01
0.000000000000000000e+00
0.000000000000000000e+00
0.000000000000000000e+00
0.000000000000000000e+00
9.150000000000000000e+01
7.909999847412109375e+01
0.000000000000000000e+00
0.000000000000000000e+00
0.000000000000000000e+00
0.000000000000000000e+00
9.150000000000000000e+01
4.270000076293945312e+01
0.000000000000000000e+00
0.000000000000000000e+00
0.000000000000000000e+00
0.000000000000000000e+00
9.150000000000000000e+01
6.650000000000000000e+01
0.000000000000000000e+00
0.000000000000000000e+00
0.000000000000000000e+00
0.000000000000000000e+00
9.150000000000000000e+01
6.509999847412109375e+01
0.000000000000000000e+00
0.000000000000000000e+00
0.000000000000000000e+00
0.000000000000000000e+00
9.150000000000000000e+01
7.350000000000000000e+01
0.000000000000000000e+00
0.000000000000000000e+00
0.000000000000000000e+00
0.000000000000000000e+00
0.000000000000000000e+00
0.000000000000000000e+00
0.000000000000000000e+00
0.000000000000000000e+00
0.000000000000000000e+00
0.000000000000000000e+00
0.000000000000000000e+00
0.000000000000000000e+00
0.000000000000000000e+00
0.000000000000000000e+00
0.000000000000000000e+00
0.000000000000000000e+00
0.000000000000000000e+00
0.000000000000000000e+00
0.000000000000000000e+00
0.000000000000000000e+00
0.000000000000000000e+00
0.000000000000000000e+00
0.000000000000000000e+00
0.000000000000000000e+00
0.000000000000000000e+00
0.000000000000000000e+00
0.000000000000000000e+00
0.000000000000000000e+00
0.000000000000000000e+00
0.000000000000000000e+00
0.000000000000000000e+00
0.000000000000000000e+00
0.000000000000000000e+00
0.000000000000000000e+00
0.000000000000000000e+00
0.000000000000000000e+00
0.000000000000000000e+00
0.000000000000000000e+00
0.000000000000000000e+00
0.000000000000000000e+00
0.000000000000000000e+00
0.000000000000000000e+00
9.150000000000000000e+01
5.599999904632568359e+00
0.000000000000000000e+00
0.000000000000000000e+00
0.000000000000000000e+00
0.000000000000000000e+00
9.150000000000000000e+01
6.229999923706054688e+01
0.000000000000000000e+00
0.000000000000000000e+00
0.000000000000000000e+00
0.000000000000000000e+00
9.150000000000000000e+01
7.559999847412109375e+01
0.000000000000000000e+00
0.000000000000000000e+00
0.000000000000000000e+00
0.000000000000000000e+00
1.104000015258789062e+02
1.120000000000000000e+02
0.000000000000000000e+00
0.000000000000000000e+00
0.000000000000000000e+00
0.000000000000000000e+00
1.104000015258789062e+02
3.779999923706054688e+01
0.000000000000000000e+00
0.000000000000000000e+00
0.000000000000000000e+00
0.000000000000000000e+00
1.104000015258789062e+02
7.979999542236328125e+01
0.000000000000000000e+00
0.000000000000000000e+00
0.000000000000000000e+00
0.000000000000000000e+00
1.104000015258789062e+02
8.469999694824218750e+01
0.000000000000000000e+00
0.000000000000000000e+00
0.000000000000000000e+00
0.000000000000000000e+00
1.104000015258789062e+02
8.959999847412109375e+01
0.000000000000000000e+00
0.000000000000000000e+00
0.000000000000000000e+00
0.000000000000000000e+00
1.011000061035156250e+02
3.850000000000000000e+01
0.000000000000000000e+00
0.000000000000000000e+00
0.000000000000000000e+00
0.000000000000000000e+00
9.150000000000000000e+01
6.650000000000000000e+01
0.000000000000000000e+00
0.000000000000000000e+00
0.000000000000000000e+00
0.000000000000000000e+00
0.000000000000000000e+00
0.000000000000000000e+00
0.000000000000000000e+00
0.000000000000000000e+00
0.000000000000000000e+00
0.000000000000000000e+00
0.000000000000000000e+00
0.000000000000000000e+00
0.000000000000000000e+00
0.000000000000000000e+00
0.000000000000000000e+00
0.000000000000000000e+00
0.000000000000000000e+00
0.000000000000000000e+00
0.000000000000000000e+00
0.000000000000000000e+00
0.000000000000000000e+00
0.000000000000000000e+00
0.000000000000000000e+00
0.000000000000000000e+00
0.000000000000000000e+00
0.000000000000000000e+00
0.000000000000000000e+00
0.000000000000000000e+00
0.000000000000000000e+00
0.000000000000000000e+00
0.000000000000000000e+00
0.000000000000000000e+00
0.000000000000000000e+00
0.000000000000000000e+00
0.000000000000000000e+00
0.000000000000000000e+00
0.000000000000000000e+00
0.000000000000000000e+00
0.000000000000000000e+00
0.000000000000000000e+00
9.150000000000000000e+01
9.099999427795410156e+00
0.000000000000000000e+00
0.000000000000000000e+00
0.000000000000000000e+00
0.000000000000000000e+00
9.150000000000000000e+01
8.190000152587890625e+01
0.000000000000000000e+00
0.000000000000000000e+00
0.000000000000000000e+00
0.000000000000000000e+00
9.150000000000000000e+01
7.279999542236328125e+01
0.000000000000000000e+00
0.000000000000000000e+00
0.000000000000000000e+00
0.000000000000000000e+00
9.150000000000000000e+01
6.370000076293945312e+01
0.000000000000000000e+00
0.000000000000000000e+00
0.000000000000000000e+00
0.000000000000000000e+00
9.150000000000000000e+01
3.709999847412109375e+01
0.000000000000000000e+00
0.000000000000000000e+00
0.000000000000000000e+00
0.000000000000000000e+00
9.150000000000000000e+01
7.769999694824218750e+01
0.000000000000000000e+00
0.000000000000000000e+00
0.000000000000000000e+00
0.000000000000000000e+00
9.150000000000000000e+01
5.459999847412109375e+01
0.000000000000000000e+00
0.000000000000000000e+00
0.000000000000000000e+00
0.000000000000000000e+00
9.150000000000000000e+01
6.929999542236328125e+01
0.000000000000000000e+00
0.000000000000000000e+00
0.000000000000000000e+00
0.000000000000000000e+00
9.150000000000000000e+01
4.200000000000000000e+01
0.000000000000000000e+00
0.000000000000000000e+00
0.000000000000000000e+00
0.000000000000000000e+00
9.150000000000000000e+01
7.979999542236328125e+01
0.000000000000000000e+00
0.000000000000000000e+00
0.000000000000000000e+00
0.000000000000000000e+00
9.150000000000000000e+01
5.389999771118164062e+01
0.000000000000000000e+00
0.000000000000000000e+00
0.000000000000000000e+00
0.000000000000000000e+00
9.150000000000000000e+01
6.859999847412109375e+01
0.000000000000000000e+00
0.000000000000000000e+00
0.000000000000000000e+00
0.000000000000000000e+00
9.150000000000000000e+01
3.150000000000000000e+01
0.000000000000000000e+00
0.000000000000000000e+00
0.000000000000000000e+00
0.000000000000000000e+00
9.150000000000000000e+01
8.259999847412109375e+01
0.000000000000000000e+00
0.000000000000000000e+00
0.000000000000000000e+00
0.000000000000000000e+00
9.150000000000000000e+01
6.440000152587890625e+01
0.000000000000000000e+00
0.000000000000000000e+00
0.000000000000000000e+00
0.000000000000000000e+00
9.150000000000000000e+01
5.250000000000000000e+01
0.000000000000000000e+00
0.000000000000000000e+00
0.000000000000000000e+00
0.000000000000000000e+00
9.150000000000000000e+01
4.270000076293945312e+01
0.000000000000000000e+00
0.000000000000000000e+00
0.000000000000000000e+00
0.000000000000000000e+00
9.150000000000000000e+01
7.769999694824218750e+01
0.000000000000000000e+00
0.000000000000000000e+00
0.000000000000000000e+00
0.000000000000000000e+00
9.150000000000000000e+01
5.459999847412109375e+01
0.000000000000000000e+00
0.000000000000000000e+00
0.000000000000000000e+00
0.000000000000000000e+00
9.150000000000000000e+01
7.350000000000000000e+01
0.000000000000000000e+00
0.000000000000000000e+00
0.000000000000000000e+00
0.000000000000000000e+00
9.150000000000000000e+01
3.010000038146972656e+01
0.000000000000000000e+00
0.000000000000000000e+00
0.000000000000000000e+00
0.000000000000000000e+00
9.150000000000000000e+01
7.700000000000000000e+01
0.000000000000000000e+00
0.000000000000000000e+00
0.000000000000000000e+00
0.000000000000000000e+00
9.150000000000000000e+01
6.300000000000000000e+01
0.000000000000000000e+00
0.000000000000000000e+00
0.000000000000000000e+00
0.000000000000000000e+00
9.150000000000000000e+01
7.000000000000000000e+01
0.000000000000000000e+00
0.000000000000000000e+00
0.000000000000000000e+00
0.000000000000000000e+00
9.150000000000000000e+01
2.800000000000000000e+01
0.000000000000000000e+00
0.000000000000000000e+00
0.000000000000000000e+00
0.000000000000000000e+00
9.150000000000000000e+01
6.719999694824218750e+01
0.000000000000000000e+00
0.000000000000000000e+00
0.000000000000000000e+00
0.000000000000000000e+00
9.150000000000000000e+01
7.140000152587890625e+01
0.000000000000000000e+00
0.000000000000000000e+00
0.000000000000000000e+00
0.000000000000000000e+00
9.150000000000000000e+01
6.650000000000000000e+01
0.000000000000000000e+00
0.000000000000000000e+00
0.000000000000000000e+00
0.000000000000000000e+00
9.150000000000000000e+01
3.850000000000000000e+01
0.000000000000000000e+00
0.000000000000000000e+00
1.890000152587890625e+01
1.400000000000000000e+01
8.070000457763671875e+01
6.440000152587890625e+01
0.000000000000000000e+00
0.000000000000000000e+00
1.890000152587890625e+01
1.119999980926513672e+01
7.110000610351562500e+01
4.689999771118164062e+01
0.000000000000000000e+00
0.000000000000000000e+00
1.890000152587890625e+01
1.189999961853027344e+01
6.420000457763671875e+01
4.200000000000000000e+01
0.000000000000000000e+00
0.000000000000000000e+00
1.890000152587890625e+01
1.119999980926513672e+01
6.210000228881835938e+01
3.079999923706054688e+01
0.000000000000000000e+00
0.000000000000000000e+00
1.890000152587890625e+01
1.679999923706054688e+01
5.700000381469726562e+01
3.570000076293945312e+01
0.000000000000000000e+00
0.000000000000000000e+00
7.800000190734863281e+00
2.799999952316284180e+00
2.580000114440917969e+01
1.259999942779541016e+01
0.000000000000000000e+00
0.000000000000000000e+00
0.000000000000000000e+00
7.800000190734863281e+00
4.000000000000000000e+00
1.119999980926513672e+01
5.599999904632568359e+00
5.100000381469726562e+00
2.699999809265136719e+00
1.540000057220458984e+01
5.599999904632568359e+00
1.110000038146972656e+01
7.000000000000000000e+00
5.400000095367431641e+00
2.299999952316284180e+00
1.600000000000000000e+01
1.330000019073486328e+01
1.080000019073486328e+01
3.500000000000000000e+00
5.400000095367431641e+00
4.699999809265136719e+00
1.660000038146972656e+01
1.050000000000000000e+01
1.080000019073486328e+01
5.599999904632568359e+00
5.400000095367431641e+00
5.399999618530273438e+00
1.680000114440917969e+01
4.900000095367431641e+00
1.080000019073486328e+01
4.900000095367431641e+00
5.400000095367431641e+00
4.699999809265136719e+00
8.400000572204589844e+00
1.399999976158142090e+00
2.700000047683715820e+00
1.020000076293945312e+01
6.299999713897705078e+00
6.000000238418579102e-01
9.000000000000000000e+00
4.900000095367431641e+00
3.000000000000000000e+00
2.099999904632568359e+00
0.000000000000000000e+00
0.000000000000000000e+00
1.770000076293945312e+01
1.610000038146972656e+01
3.000000000000000000e+00
2.799999952316284180e+00
0.000000000000000000e+00
0.000000000000000000e+00
0.000000000000000000e+00
0.000000000000000000e+00
0.000000000000000000e+00
0.000000000000000000e+00
0.000000000000000000e+00
0.000000000000000000e+00
0.000000000000000000e+00
0.000000000000000000e+00
0.000000000000000000e+00
0.000000000000000000e+00
0.000000000000000000e+00
0.000000000000000000e+00
0.000000000000000000e+00
0.000000000000000000e+00
0.000000000000000000e+00
0.000000000000000000e+00
0.000000000000000000e+00
0.000000000000000000e+00
0.000000000000000000e+00
0.000000000000000000e+00
0.000000000000000000e+00
0.000000000000000000e+00
0.000000000000000000e+00
0.000000000000000000e+00
0.000000000000000000e+00
0.000000000000000000e+00
0.000000000000000000e+00
0.000000000000000000e+00
0.000000000000000000e+00
0.000000000000000000e+00
0.000000000000000000e+00
0.000000000000000000e+00
0.000000000000000000e+00
0.000000000000000000e+00
0.000000000000000000e+00
0.000000000000000000e+00
0.000000000000000000e+00
0.000000000000000000e+00
0.000000000000000000e+00
0.000000000000000000e+00
0.000000000000000000e+00
0.000000000000000000e+00
0.000000000000000000e+00
1.980000114440917969e+01
0.000000000000000000e+00
0.000000000000000000e+00
0.000000000000000000e+00
0.000000000000000000e+00
3.000000119209289551e-01
2.190000152587890625e+01
1.399999976158142090e+00
0.000000000000000000e+00
0.000000000000000000e+00
0.000000000000000000e+00
6.000000238418579102e-01
2.500000190734863281e+01
7.000000000000000000e+00
0.000000000000000000e+00
0.000000000000000000e+00
0.000000000000000000e+00
6.000000238418579102e-01
2.560000228881835938e+01
1.189999961853027344e+01
0.000000000000000000e+00
0.000000000000000000e+00
1.200000047683715820e+00
9.000000357627868652e-01
2.670000076293945312e+01
1.330000019073486328e+01
0.000000000000000000e+00
0.000000000000000000e+00
1.200000047683715820e+00
2.299999952316284180e+00
2.730000114440917969e+01
2.169999885559082031e+01
0.000000000000000000e+00
0.000000000000000000e+00
1.200000047683715820e+00
9.000000357627868652e-01
2.730000114440917969e+01
1.610000038146972656e+01
0.000000000000000000e+00
0.000000000000000000e+00
1.200000047683715820e+00
9.000000357627868652e-01
2.760000038146972656e+01
1.259999942779541016e+01
0.000000000000000000e+00
0.000000000000000000e+00
1.200000047683715820e+00
6.999999880790710449e-01
1.170000076293945312e+01
2.799999952316284180e+00
0.000000000000000000e+00
0.000000000000000000e+00
0.000000000000000000e+00
0.000000000000000000e+00
0.000000000000000000e+00
0.000000000000000000e+00
0.000000000000000000e+00
0.000000000000000000e+00
0.000000000000000000e+00
0.000000000000000000e+00
0.000000000000000000e+00
0.000000000000000000e+00
0.000000000000000000e+00
0.000000000000000000e+00
0.000000000000000000e+00
0.000000000000000000e+00
0.000000000000000000e+00
0.000000000000000000e+00
0.000000000000000000e+00
0.000000000000000000e+00
0.000000000000000000e+00
0.000000000000000000e+00
0.000000000000000000e+00
0.000000000000000000e+00
0.000000000000000000e+00
0.000000000000000000e+00
0.000000000000000000e+00
0.000000000000000000e+00
0.000000000000000000e+00
0.000000000000000000e+00
0.000000000000000000e+00
0.000000000000000000e+00
0.000000000000000000e+00
0.000000000000000000e+00
0.000000000000000000e+00
0.000000000000000000e+00
2.040000152587890625e+01
0.000000000000000000e+00
0.000000000000000000e+00
0.000000000000000000e+00
0.000000000000000000e+00
0.000000000000000000e+00
1.890000152587890625e+01
3.500000000000000000e+00
0.000000000000000000e+00
0.000000000000000000e+00
9.000000357627868652e-01
4.300000190734863281e+00
2.020000076293945312e+01
9.099999427795410156e+00
0.000000000000000000e+00
0.000000000000000000e+00
1.200000047683715820e+00
3.300000190734863281e+00
2.040000152587890625e+01
1.539999961853027344e+01
0.000000000000000000e+00
0.000000000000000000e+00
2.100000143051147461e+00
0.000000000000000000e+00
2.460000038146972656e+01
1.539999961853027344e+01
0.000000000000000000e+00
0.000000000000000000e+00
2.400000095367431641e+00
1.299999952316284180e+00
2.490000152587890625e+01
1.400000000000000000e+01
0.000000000000000000e+00
0.000000000000000000e+00
2.400000095367431641e+00
2.699999809265136719e+00
1.011000061035156250e+02
4.270000076293945312e+01
0.000000000000000000e+00
0.000000000000000000e+00
2.400000095367431641e+00
2.000000000000000000e+00
9.510000610351562500e+01
5.739999771118164062e+01
0.000000000000000000e+00
0.000000000000000000e+00
2.400000095367431641e+00
1.299999952316284180e+00
9.519999694824218750e+01
7.350000000000000000e+01
0.000000000000000000e+00
0.000000000000000000e+00
2.400000095367431641e+00
6.000000238418579102e-01
8.109999847412109375e+01
6.020000076293945312e+01
0.000000000000000000e+00
0.000000000000000000e+00
0.000000000000000000e+00
3.000000000000000000e+00
0.000000000000000000e+00
0.000000000000000000e+00
0.000000000000000000e+00
0.000000000000000000e+00
0.000000000000000000e+00
0.000000000000000000e+00
0.000000000000000000e+00
0.000000000000000000e+00
0.000000000000000000e+00
0.000000000000000000e+00
0.000000000000000000e+00
0.000000000000000000e+00
0.000000000000000000e+00
0.000000000000000000e+00
0.000000000000000000e+00
0.000000000000000000e+00
0.000000000000000000e+00
0.000000000000000000e+00
0.000000000000000000e+00
0.000000000000000000e+00
0.000000000000000000e+00
0.000000000000000000e+00
0.000000000000000000e+00
0.000000000000000000e+00
0.000000000000000000e+00
0.000000000000000000e+00
0.000000000000000000e+00
0.000000000000000000e+00
0.000000000000000000e+00
0.000000000000000000e+00
0.000000000000000000e+00
0.000000000000000000e+00
0.000000000000000000e+00
0.000000000000000000e+00
6.240000152587890625e+01
1.399999976158142090e+00
0.000000000000000000e+00
0.000000000000000000e+00
0.000000000000000000e+00
0.000000000000000000e+00
6.240000152587890625e+01
2.450000000000000000e+01
0.000000000000000000e+00
0.000000000000000000e+00
0.000000000000000000e+00
0.000000000000000000e+00
6.240000152587890625e+01
4.479999923706054688e+01
0.000000000000000000e+00
0.000000000000000000e+00
0.000000000000000000e+00
0.000000000000000000e+00
6.240000152587890625e+01
4.620000076293945312e+01
0.000000000000000000e+00
0.000000000000000000e+00
0.000000000000000000e+00
0.000000000000000000e+00
6.240000152587890625e+01
3.989999771118164062e+01
0.000000000000000000e+00
0.000000000000000000e+00
0.000000000000000000e+00
0.000000000000000000e+00
6.240000152587890625e+01
3.150000000000000000e+01
0.000000000000000000e+00
0.000000000000000000e+00
0.000000000000000000e+00
0.000000000000000000e+00
6.240000152587890625e+01
3.639999771118164062e+01
0.000000000000000000e+00
0.000000000000000000e+00
0.000000000000000000e+00
0.000000000000000000e+00
6.240000152587890625e+01
4.620000076293945312e+01
0.000000000000000000e+00
0.000000000000000000e+00
0.000000000000000000e+00
0.000000000000000000e+00
6.240000152587890625e+01
3.079999923706054688e+01
0.000000000000000000e+00
0.000000000000000000e+00
0.000000000000000000e+00
0.000000000000000000e+00
5.700000381469726562e+01
3.850000000000000000e+01
0.000000000000000000e+00
0.000000000000000000e+00
0.000000000000000000e+00
0.000000000000000000e+00
0.000000000000000000e+00
5.700000381469726562e+01
2.729999923706054688e+01
0.000000000000000000e+00
0.000000000000000000e+00
0.000000000000000000e+00
0.000000000000000000e+00
0.000000000000000000e+00
0.000000000000000000e+00
0.000000000000000000e+00
0.000000000000000000e+00
0.000000000000000000e+00
0.000000000000000000e+00
0.000000000000000000e+00
0.000000000000000000e+00
0.000000000000000000e+00
0.000000000000000000e+00
0.000000000000000000e+00
0.000000000000000000e+00
0.000000000000000000e+00
0.000000000000000000e+00
0.000000000000000000e+00
0.000000000000000000e+00
0.000000000000000000e+00
0.000000000000000000e+00
0.000000000000000000e+00
0.000000000000000000e+00
0.000000000000000000e+00
0.000000000000000000e+00
0.000000000000000000e+00
0.000000000000000000e+00
0.000000000000000000e+00
0.000000000000000000e+00
0.000000000000000000e+00
0.000000000000000000e+00
0.000000000000000000e+00
5.700000381469726562e+01
6.999999880790710449e-01
0.000000000000000000e+00
0.000000000000000000e+00
0.000000000000000000e+00
0.000000000000000000e+00
5.700000381469726562e+01
3.220000076293945312e+01
0.000000000000000000e+00
0.000000000000000000e+00
0.000000000000000000e+00
0.000000000000000000e+00
5.700000381469726562e+01
3.359999847412109375e+01
0.000000000000000000e+00
0.000000000000000000e+00
0.000000000000000000e+00
0.000000000000000000e+00
5.700000381469726562e+01
5.389999771118164062e+01
0.000000000000000000e+00
0.000000000000000000e+00
0.000000000000000000e+00
0.000000000000000000e+00
5.700000381469726562e+01
2.239999961853027344e+01
0.000000000000000000e+00
0.000000000000000000e+00
0.000000000000000000e+00
0.000000000000000000e+00
5.700000381469726562e+01
2.869999885559082031e+01
0.000000000000000000e+00
0.000000000000000000e+00
0.000000000000000000e+00
0.000000000000000000e+00
5.700000381469726562e+01
2.939999961853027344e+01
0.000000000000000000e+00
0.000000000000000000e+00
0.000000000000000000e+00
0.000000000000000000e+00
5.700000381469726562e+01
4.479999923706054688e+01
0.000000000000000000e+00
0.000000000000000000e+00
0.000000000000000000e+00
0.000000000000000000e+00
5.700000381469726562e+01
3.429999923706054688e+01
0.000000000000000000e+00
0.000000000000000000e+00
0.000000000000000000e+00
0.000000000000000000e+00
5.700000381469726562e+01
2.310000038146972656e+01
0.000000000000000000e+00
0.000000000000000000e+00
0.000000000000000000e+00
0.000000000000000000e+00
0.000000000000000000e+00
0.000000000000000000e+00
0.000000000000000000e+00
0.000000000000000000e+00
0.000000000000000000e+00
0.000000000000000000e+00
0.000000000000000000e+00
0.000000000000000000e+00
0.000000000000000000e+00
0.000000000000000000e+00
0.000000000000000000e+00
0.000000000000000000e+00
0.000000000000000000e+00
0.000000000000000000e+00
0.000000000000000000e+00
0.000000000000000000e+00
0.000000000000000000e+00
0.000000000000000000e+00
0.000000000000000000e+00
0.000000000000000000e+00
0.000000000000000000e+00
0.000000000000000000e+00
0.000000000000000000e+00
0.000000000000000000e+00
0.000000000000000000e+00
0.000000000000000000e+00
0.000000000000000000e+00
0.000000000000000000e+00
0.000000000000000000e+00
0.000000000000000000e+00
0.000000000000000000e+00
0.000000000000000000e+00
0.000000000000000000e+00
0.000000000000000000e+00
5.700000381469726562e+01
0.000000000000000000e+00
5.340000152587890625e+01
1.819999885559082031e+01
0.000000000000000000e+00
0.000000000000000000e+00
5.700000381469726562e+01
4.200000000000000000e+01
3.690000152587890625e+01
4.129999923706054688e+01
0.000000000000000000e+00
0.000000000000000000e+00
5.700000381469726562e+01
5.320000076293945312e+01
2.670000076293945312e+01
2.800000000000000000e+01
0.000000000000000000e+00
0.000000000000000000e+00
5.700000381469726562e+01
4.620000076293945312e+01
1.860000038146972656e+01
8.399999618530273438e+00
0.000000000000000000e+00
0.000000000000000000e+00
5.700000381469726562e+01
9.099999427795410156e+00
1.830000114440917969e+01
5.599999904632568359e+00
0.000000000000000000e+00
0.000000000000000000e+00
5.700000381469726562e+01
1.469999980926513672e+01
1.740000152587890625e+01
1.400000000000000000e+01
0.000000000000000000e+00
0.000000000000000000e+00
5.700000381469726562e+01
3.150000000000000000e+01
1.620000076293945312e+01
1.189999961853027344e+01
0.000000000000000000e+00
3.000000119209289551e-01
5.700000381469726562e+01
4.689999771118164062e+01
1.530000019073486328e+01
9.800000190734863281e+00
0.000000000000000000e+00
3.000000119209289551e-01
5.790000152587890625e+01
3.709999847412109375e+01
1.290000057220458984e+01
7.699999809265136719e+00
0.000000000000000000e+00
9.000000357627868652e-01
5.830000305175781250e+01
2.939999961853027344e+01
1.200000000000000000e+01
6.299999713897705078e+00
0.000000000000000000e+00
9.000000357627868652e-01
5.860000228881835938e+01
3.289999771118164062e+01
1.020000076293945312e+01
7.000000000000000000e+00
3.000000119209289551e-01
1.500000000000000000e+00
5.800000381469726562e+01
3.359999847412109375e+01
9.600000381469726562e+00
5.599999904632568359e+00
3.000000119209289551e-01
1.500000000000000000e+00
5.930000305175781250e+01
3.429999923706054688e+01
9.000000000000000000e+00
2.799999952316284180e+00
3.000000119209289551e-01
2.800000190734863281e+00
5.460000228881835938e+01
3.010000038146972656e+01
8.400000572204589844e+00
6.299999713897705078e+00
3.000000119209289551e-01
1.800000071525573730e+00
5.460000228881835938e+01
2.029999923706054688e+01
7.800000190734863281e+00
7.000000000000000000e+00
3.000000119209289551e-01
0.000000000000000000e+00
5.670000076293945312e+01
3.429999923706054688e+01
7.200000286102294922e+00
2.799999952316284180e+00
3.000000119209289551e-01
0.000000000000000000e+00
5.730000305175781250e+01
3.150000000000000000e+01
7.200000286102294922e+00
7.699999809265136719e+00
3.000000119209289551e-01
0.000000000000000000e+00
5.730000305175781250e+01
3.850000000000000000e+01
6.900000095367431641e+00
2.799999952316284180e+00
6.000000238418579102e-01
6.999999880790710449e-01
5.730000305175781250e+01
3.359999847412109375e+01
6.000000000000000000e+00
5.599999904632568359e+00
1.500000000000000000e+00
0.000000000000000000e+00
5.730000305175781250e+01
2.869999885559082031e+01
5.100000381469726562e+00
3.500000000000000000e+00
1.800000071525573730e+00
3.400000095367431641e+00
5.730000305175781250e+01
2.100000000000000000e+01
5.100000381469726562e+00
2.799999952316284180e+00
1.800000071525573730e+00
1.299999952316284180e+00
5.800000381469726562e+01
3.220000076293945312e+01
4.500000000000000000e+00
2.099999904632568359e+00
2.100000143051147461e+00
2.000000000000000000e+00
5.770000457763671875e+01
4.479999923706054688e+01
3.600000143051147461e+00
2.000000000000000000e+00
2.400000095367431641e+00
1.299999952316284180e+00
5.700000381469726562e+01
4.059999847412109375e+01
3.600000143051147461e+00
2.099999904632568359e+00
3.000000000000000000e+00
2.000000000000000000e+00
5.770000457763671875e+01
2.169999885559082031e+01
3.000000000000000000e+00
1.700000047683715820e+00
3.300000190734863281e+00
3.400000095367431641e+00
5.640000152587890625e+01
2.100000000000000000e+01
3.000000000000000000e+00
2.399999856948852539e+00
3.300000190734863281e+00
2.000000000000000000e+00
5.640000152587890625e+01
3.079999923706054688e+01
2.700000047683715820e+00
2.699999809265136719e+00
4.000000000000000000e+00
3.400000095367431641e+00
5.750000381469726562e+01
4.479999923706054688e+01
2.700000047683715820e+00
1.700000047683715820e+00
3.600000143051147461e+00
1.700000047683715820e+00
5.640000152587890625e+01
2.869999885559082031e+01
2.700000047683715820e+00
3.099999904632568359e+00
3.600000143051147461e+00
3.000000119209289551e-01
5.640000152587890625e+01
3.500000000000000000e+01
2.700000047683715820e+00
2.399999856948852539e+00
3.600000143051147461e+00
3.099999904632568359e+00
5.580000305175781250e+01
2.239999961853027344e+01
2.700000047683715820e+00
2.399999856948852539e+00
5.000000000000000000e+00
1.000000000000000000e+00
5.580000305175781250e+01
3.079999923706054688e+01
2.700000047683715820e+00
6.999999880790710449e-01
3.900000095367431641e+00
2.399999856948852539e+00
5.580000305175781250e+01
4.059999847412109375e+01
2.700000047683715820e+00
2.099999904632568359e+00
3.900000095367431641e+00
2.399999856948852539e+00
5.650000381469726562e+01
2.939999961853027344e+01
2.400000095367431641e+00
1.399999976158142090e+00
3.900000095367431641e+00
2.799999952316284180e+00
5.430000305175781250e+01
2.729999923706054688e+01
2.400000095367431641e+00
2.799999952316284180e+00
3.900000095367431641e+00
1.399999976158142090e+00
5.430000305175781250e+01
2.310000038146972656e+01
2.400000095367431641e+00
6.999999880790710449e-01
3.900000095367431641e+00
1.399999976158142090e+00
5.430000305175781250e+01
2.939999961853027344e+01
2.400000095367431641e+00
1.399999976158142090e+00
3.900000095367431641e+00
1.399999976158142090e+00
5.430000305175781250e+01
4.270000076293945312e+01
2.100000143051147461e+00
2.399999856948852539e+00
3.900000095367431641e+00
2.799999952316284180e+00
5.430000305175781250e+01
3.289999771118164062e+01
2.100000143051147461e+00
1.000000000000000000e+00
3.900000095367431641e+00
2.799999952316284180e+00
5.430000305175781250e+01
2.660000038146972656e+01
2.100000143051147461e+00
1.000000000000000000e+00
4.599999904632568359e+00
2.799999952316284180e+00
5.430000305175781250e+01
2.029999923706054688e+01
2.100000143051147461e+00
2.399999856948852539e+00
3.900000095367431641e+00
6.999999880790710449e-01
5.430000305175781250e+01
2.169999885559082031e+01
1.800000071525573730e+00
1.700000047683715820e+00
1.900000095367431641e+00
1.299999952316284180e+00
1.008000030517578125e+02
9.450000000000000000e+01
1.500000000000000000e+00
3.000000119209289551e-01
0.000000000000000000e+00
1.500000000000000000e+00
1.399999976158142090e+00
7.200000000000000000e+01
4.200000000000000000e+01
0.000000000000000000e+00
0.000000000000000000e+00
0.000000000000000000e+00
0.000000000000000000e+00
0.000000000000000000e+00
0.000000000000000000e+00
0.000000000000000000e+00
0.000000000000000000e+00
0.000000000000000000e+00
0.000000000000000000e+00
0.000000000000000000e+00
0.000000000000000000e+00
0.000000000000000000e+00
0.000000000000000000e+00
0.000000000000000000e+00
0.000000000000000000e+00
0.000000000000000000e+00
0.000000000000000000e+00
0.000000000000000000e+00
0.000000000000000000e+00
0.000000000000000000e+00
0.000000000000000000e+00
0.000000000000000000e+00
0.000000000000000000e+00
0.000000000000000000e+00
0.000000000000000000e+00
0.000000000000000000e+00
0.000000000000000000e+00
0.000000000000000000e+00
0.000000000000000000e+00
0.000000000000000000e+00
0.000000000000000000e+00
0.000000000000000000e+00
7.380000305175781250e+01
7.699999809265136719e+00
0.000000000000000000e+00
0.000000000000000000e+00
0.000000000000000000e+00
0.000000000000000000e+00
6.810000610351562500e+01
3.220000076293945312e+01
0.000000000000000000e+00
0.000000000000000000e+00
0.000000000000000000e+00
0.000000000000000000e+00
6.810000610351562500e+01
3.150000000000000000e+01
0.000000000000000000e+00
0.000000000000000000e+00
0.000000000000000000e+00
0.000000000000000000e+00
6.810000610351562500e+01
5.459999847412109375e+01
0.000000000000000000e+00
0.000000000000000000e+00
0.000000000000000000e+00
0.000000000000000000e+00
6.690000152587890625e+01
4.200000000000000000e+01
0.000000000000000000e+00
0.000000000000000000e+00
0.000000000000000000e+00
0.000000000000000000e+00
6.690000152587890625e+01
3.220000076293945312e+01
0.000000000000000000e+00
0.000000000000000000e+00
0.000000000000000000e+00
0.000000000000000000e+00
6.690000152587890625e+01
3.639999771118164062e+01
0.000000000000000000e+00
0.000000000000000000e+00
0.000000000000000000e+00
0.000000000000000000e+00
6.690000152587890625e+01
3.639999771118164062e+01
0.000000000000000000e+00
0.000000000000000000e+00
0.000000000000000000e+00
0.000000000000000000e+00
6.690000152587890625e+01
4.129999923706054688e+01
0.000000000000000000e+00
0.000000000000000000e+00
0.000000000000000000e+00
0.000000000000000000e+00
6.690000152587890625e+01
4.059999847412109375e+01
0.000000000000000000e+00
0.000000000000000000e+00
0.000000000000000000e+00
0.000000000000000000e+00
0.000000000000000000e+00
0.000000000000000000e+00
0.000000000000000000e+00
0.000000000000000000e+00
0.000000000000000000e+00
0.000000000000000000e+00
0.000000000000000000e+00
0.000000000000000000e+00
0.000000000000000000e+00
0.000000000000000000e+00
0.000000000000000000e+00
0.000000000000000000e+00
0.000000000000000000e+00
0.000000000000000000e+00
0.000000000000000000e+00
0.000000000000000000e+00
0.000000000000000000e+00
0.000000000000000000e+00
0.000000000000000000e+00
0.000000000000000000e+00
0.000000000000000000e+00
0.000000000000000000e+00
0.000000000000000000e+00
0.000000000000000000e+00
0.000000000000000000e+00
0.000000000000000000e+00
0.000000000000000000e+00
0.000000000000000000e+00
0.000000000000000000e+00
0.000000000000000000e+00
0.000000000000000000e+00
0.000000000000000000e+00
0.000000000000000000e+00
0.000000000000000000e+00
0.000000000000000000e+00
0.000000000000000000e+00
0.000000000000000000e+00
0.000000000000000000e+00
0.000000000000000000e+00
0.000000000000000000e+00
0.000000000000000000e+00
0.000000000000000000e+00
0.000000000000000000e+00
0.000000000000000000e+00
0.000000000000000000e+00
0.000000000000000000e+00
0.000000000000000000e+00
0.000000000000000000e+00
0.000000000000000000e+00
0.000000000000000000e+00
0.000000000000000000e+00
0.000000000000000000e+00
0.000000000000000000e+00
0.000000000000000000e+00
6.690000152587890625e+01
0.000000000000000000e+00
0.000000000000000000e+00
0.000000000000000000e+00
0.000000000000000000e+00
0.000000000000000000e+00
6.690000152587890625e+01
9.099999427795410156e+00
0.000000000000000000e+00
0.000000000000000000e+00
0.000000000000000000e+00
0.000000000000000000e+00
6.690000152587890625e+01
4.339999771118164062e+01
0.000000000000000000e+00
0.000000000000000000e+00
0.000000000000000000e+00
0.000000000000000000e+00
6.690000152587890625e+01
5.320000076293945312e+01
0.000000000000000000e+00
0.000000000000000000e+00
0.000000000000000000e+00
0.000000000000000000e+00
6.690000152587890625e+01
4.829999923706054688e+01
0.000000000000000000e+00
0.000000000000000000e+00
0.000000000000000000e+00
0.000000000000000000e+00
6.690000152587890625e+01
3.639999771118164062e+01
0.000000000000000000e+00
0.000000000000000000e+00
0.000000000000000000e+00
0.000000000000000000e+00
0.000000000000000000e+00
0.000000000000000000e+00
0.000000000000000000e+00
6.690000152587890625e+01
1.960000038146972656e+01
0.000000000000000000e+00
0.000000000000000000e+00
0.000000000000000000e+00
0.000000000000000000e+00
0.000000000000000000e+00
0.000000000000000000e+00
0.000000000000000000e+00
0.000000000000000000e+00
0.000000000000000000e+00
0.000000000000000000e+00
0.000000000000000000e+00
0.000000000000000000e+00
0.000000000000000000e+00
0.000000000000000000e+00
0.000000000000000000e+00
0.000000000000000000e+00
0.000000000000000000e+00
0.000000000000000000e+00
0.000000000000000000e+00
0.000000000000000000e+00
0.000000000000000000e+00
0.000000000000000000e+00
0.000000000000000000e+00
0.000000000000000000e+00
0.000000000000000000e+00
0.000000000000000000e+00
0.000000000000000000e+00
0.000000000000000000e+00
0.000000000000000000e+00
0.000000000000000000e+00
0.000000000000000000e+00
0.000000000000000000e+00
0.000000000000000000e+00
0.000000000000000000e+00
0.000000000000000000e+00
6.690000152587890625e+01
2.799999952316284180e+00
0.000000000000000000e+00
0.000000000000000000e+00
0.000000000000000000e+00
0.000000000000000000e+00
6.690000152587890625e+01
3.359999847412109375e+01
0.000000000000000000e+00
0.000000000000000000e+00
0.000000000000000000e+00
0.000000000000000000e+00
6.690000152587890625e+01
5.179999923706054688e+01
0.000000000000000000e+00
0.000000000000000000e+00
0.000000000000000000e+00
0.000000000000000000e+00
1.104000015258789062e+02
8.400000000000000000e+01
0.000000000000000000e+00
0.000000000000000000e+00
0.000000000000000000e+00
0.000000000000000000e+00
1.104000015258789062e+02
8.050000000000000000e+01
0.000000000000000000e+00
0.000000000000000000e+00
0.000000000000000000e+00
0.000000000000000000e+00
1.104000015258789062e+02
4.689999771118164062e+01
0.000000000000000000e+00
0.000000000000000000e+00
0.000000000000000000e+00
0.000000000000000000e+00
1.104000015258789062e+02
5.529999923706054688e+01
0.000000000000000000e+00
0.000000000000000000e+00
0.000000000000000000e+00
0.000000000000000000e+00
1.104000015258789062e+02
8.259999847412109375e+01
0.000000000000000000e+00
0.000000000000000000e+00
0.000000000000000000e+00
0.000000000000000000e+00
1.011000061035156250e+02
7.629999542236328125e+01
0.000000000000000000e+00
0.000000000000000000e+00
0.000000000000000000e+00
0.000000000000000000e+00
1.011000061035156250e+02
5.179999923706054688e+01
0.000000000000000000e+00
0.000000000000000000e+00
0.000000000000000000e+00
0.000000000000000000e+00
0.000000000000000000e+00
1.011000061035156250e+02
3.850000000000000000e+01
0.000000000000000000e+00
0.000000000000000000e+00
0.000000000000000000e+00
0.000000000000000000e+00
0.000000000000000000e+00
0.000000000000000000e+00
0.000000000000000000e+00
0.000000000000000000e+00
0.000000000000000000e+00
0.000000000000000000e+00
0.000000000000000000e+00
0.000000000000000000e+00
0.000000000000000000e+00
0.000000000000000000e+00
0.000000000000000000e+00
0.000000000000000000e+00
0.000000000000000000e+00
0.000000000000000000e+00
0.000000000000000000e+00
0.000000000000000000e+00
0.000000000000000000e+00
0.000000000000000000e+00
0.000000000000000000e+00
0.000000000000000000e+00
0.000000000000000000e+00
0.000000000000000000e+00
0.000000000000000000e+00
0.000000000000000000e+00
0.000000000000000000e+00
0.000000000000000000e+00
0.000000000000000000e+00
0.000000000000000000e+00
0.000000000000000000e+00
0.000000000000000000e+00
0.000000000000000000e+00
1.011000061035156250e+02
9.099999427795410156e+00
0.000000000000000000e+00
0.000000000000000000e+00
0.000000000000000000e+00
0.000000000000000000e+00
1.011000061035156250e+02
7.979999542236328125e+01
0.000000000000000000e+00
0.000000000000000000e+00
0.000000000000000000e+00
0.000000000000000000e+00
1.011000061035156250e+02
9.169999694824218750e+01
0.000000000000000000e+00
0.000000000000000000e+00
0.000000000000000000e+00
0.000000000000000000e+00
1.011000061035156250e+02
6.719999694824218750e+01
0.000000000000000000e+00
0.000000000000000000e+00
0.000000000000000000e+00
0.000000000000000000e+00
1.011000061035156250e+02
2.519999885559082031e+01
0.000000000000000000e+00
0.000000000000000000e+00
0.000000000000000000e+00
0.000000000000000000e+00
1.011000061035156250e+02
5.809999847412109375e+01
0.000000000000000000e+00
0.000000000000000000e+00
0.000000000000000000e+00
0.000000000000000000e+00
1.011000061035156250e+02
7.140000152587890625e+01
0.000000000000000000e+00
0.000000000000000000e+00
0.000000000000000000e+00
0.000000000000000000e+00
1.011000061035156250e+02
6.929999542236328125e+01
0.000000000000000000e+00
0.000000000000000000e+00
0.000000000000000000e+00
0.000000000000000000e+00
9.150000000000000000e+01
3.570000076293945312e+01
0.000000000000000000e+00
0.000000000000000000e+00
0.000000000000000000e+00
0.000000000000000000e+00
0.000000000000000000e+00
9.150000000000000000e+01
4.970000076293945312e+01
0.000000000000000000e+00
0.000000000000000000e+00
0.000000000000000000e+00
0.000000000000000000e+00
0.000000000000000000e+00
0.000000000000000000e+00
0.000000000000000000e+00
0.000000000000000000e+00
0.000000000000000000e+00
0.000000000000000000e+00
0.000000000000000000e+00
0.000000000000000000e+00
0.000000000000000000e+00
0.000000000000000000e+00
0.000000000000000000e+00
0.000000000000000000e+00
0.000000000000000000e+00
0.000000000000000000e+00
0.000000000000000000e+00
0.000000000000000000e+00
0.000000000000000000e+00
0.000000000000000000e+00
0.000000000000000000e+00
0.000000000000000000e+00
0.000000000000000000e+00
0.000000000000000000e+00
0.000000000000000000e+00
0.000000000000000000e+00
0.000000000000000000e+00
0.000000000000000000e+00
0.000000000000000000e+00
0.000000000000000000e+00
0.000000000000000000e+00
0.000000000000000000e+00
0.000000000000000000e+00
9.150000000000000000e+01
4.900000095367431641e+00
0.000000000000000000e+00
0.000000000000000000e+00
0.000000000000000000e+00
0.000000000000000000e+00
9.150000000000000000e+01
7.000000000000000000e+01
0.000000000000000000e+00
0.000000000000000000e+00
0.000000000000000000e+00
0.000000000000000000e+00
9.150000000000000000e+01
6.929999542236328125e+01
0.000000000000000000e+00
0.000000000000000000e+00
0.000000000000000000e+00
0.000000000000000000e+00
9.150000000000000000e+01
6.229999923706054688e+01
0.000000000000000000e+00
0.000000000000000000e+00
0.000000000000000000e+00
0.000000000000000000e+00
9.150000000000000000e+01
2.800000000000000000e+01
0.000000000000000000e+00
0.000000000000000000e+00
0.000000000000000000e+00
0.000000000000000000e+00
9.150000000000000000e+01
4.900000000000000000e+01
0.000000000000000000e+00
0.000000000000000000e+00
0.000000000000000000e+00
0.000000000000000000e+00
9.150000000000000000e+01
5.320000076293945312e+01
0.000000000000000000e+00
0.000000000000000000e+00
0.000000000000000000e+00
0.000000000000000000e+00
9.150000000000000000e+01
7.350000000000000000e+01
0.000000000000000000e+00
0.000000000000000000e+00
0.000000000000000000e+00
0.000000000000000000e+00
9.150000000000000000e+01
3.920000076293945312e+01
0.000000000000000000e+00
0.000000000000000000e+00
0.000000000000000000e+00
0.000000000000000000e+00
9.150000000000000000e+01
5.320000076293945312e+01
0.000000000000000000e+00
0.000000000000000000e+00
0.000000000000000000e+00
0.000000000000000000e+00
9.150000000000000000e+01
3.639999771118164062e+01
0.000000000000000000e+00
0.000000000000000000e+00
0.000000000000000000e+00
0.000000000000000000e+00
9.150000000000000000e+01
7.140000152587890625e+01
0.000000000000000000e+00
0.000000000000000000e+00
0.000000000000000000e+00
0.000000000000000000e+00
9.150000000000000000e+01
4.759999847412109375e+01
0.000000000000000000e+00
0.000000000000000000e+00
0.000000000000000000e+00
0.000000000000000000e+00
1.104000015258789062e+02
8.119999694824218750e+01
0.000000000000000000e+00
0.000000000000000000e+00
0.000000000000000000e+00
0.000000000000000000e+00
1.104000015258789062e+02
5.109999847412109375e+01
0.000000000000000000e+00
0.000000000000000000e+00
0.000000000000000000e+00
0.000000000000000000e+00
9.930000305175781250e+01
5.250000000000000000e+01
0.000000000000000000e+00
0.000000000000000000e+00
0.000000000000000000e+00
0.000000000000000000e+00
9.930000305175781250e+01
4.900000000000000000e+01
0.000000000000000000e+00
0.000000000000000000e+00
0.000000000000000000e+00
0.000000000000000000e+00
9.930000305175781250e+01
7.490000152587890625e+01
0.000000000000000000e+00
0.000000000000000000e+00
0.000000000000000000e+00
0.000000000000000000e+00
9.930000305175781250e+01
5.600000000000000000e+01
0.000000000000000000e+00
0.000000000000000000e+00
0.000000000000000000e+00
0.000000000000000000e+00
9.930000305175781250e+01
5.320000076293945312e+01
0.000000000000000000e+00
0.000000000000000000e+00
0.000000000000000000e+00
0.000000000000000000e+00
0.000000000000000000e+00
0.000000000000000000e+00
0.000000000000000000e+00
0.000000000000000000e+00
0.000000000000000000e+00
0.000000000000000000e+00
0.000000000000000000e+00
0.000000000000000000e+00
0.000000000000000000e+00
0.000000000000000000e+00
0.000000000000000000e+00
0.000000000000000000e+00
0.000000000000000000e+00
0.000000000000000000e+00
0.000000000000000000e+00
0.000000000000000000e+00
0.000000000000000000e+00
0.000000000000000000e+00
0.000000000000000000e+00
0.000000000000000000e+00
0.000000000000000000e+00
0.000000000000000000e+00
0.000000000000000000e+00
0.000000000000000000e+00
0.000000000000000000e+00
0.000000000000000000e+00
0.000000000000000000e+00
0.000000000000000000e+00
0.000000000000000000e+00
0.000000000000000000e+00
0.000000000000000000e+00
0.000000000000000000e+00
0.000000000000000000e+00
0.000000000000000000e+00
0.000000000000000000e+00
0.000000000000000000e+00
0.000000000000000000e+00
0.000000000000000000e+00
0.000000000000000000e+00
0.000000000000000000e+00
0.000000000000000000e+00
0.000000000000000000e+00
0.000000000000000000e+00
0.000000000000000000e+00
0.000000000000000000e+00
0.000000000000000000e+00
0.000000000000000000e+00
0.000000000000000000e+00
0.000000000000000000e+00
0.000000000000000000e+00
0.000000000000000000e+00
0.000000000000000000e+00
0.000000000000000000e+00
0.000000000000000000e+00
0.000000000000000000e+00
0.000000000000000000e+00
0.000000000000000000e+00
0.000000000000000000e+00
0.000000000000000000e+00
0.000000000000000000e+00
0.000000000000000000e+00
0.000000000000000000e+00
0.000000000000000000e+00
0.000000000000000000e+00
0.000000000000000000e+00
0.000000000000000000e+00
0.000000000000000000e+00
0.000000000000000000e+00
0.000000000000000000e+00
0.000000000000000000e+00
0.000000000000000000e+00
0.000000000000000000e+00
0.000000000000000000e+00
0.000000000000000000e+00
0.000000000000000000e+00
0.000000000000000000e+00
0.000000000000000000e+00
0.000000000000000000e+00
0.000000000000000000e+00
0.000000000000000000e+00
0.000000000000000000e+00
0.000000000000000000e+00
0.000000000000000000e+00
0.000000000000000000e+00
0.000000000000000000e+00
0.000000000000000000e+00
0.000000000000000000e+00
0.000000000000000000e+00
0.000000000000000000e+00
0.000000000000000000e+00
0.000000000000000000e+00
0.000000000000000000e+00
0.000000000000000000e+00
0.000000000000000000e+00
0.000000000000000000e+00
0.000000000000000000e+00
0.000000000000000000e+00
0.000000000000000000e+00
0.000000000000000000e+00
0.000000000000000000e+00
0.000000000000000000e+00
0.000000000000000000e+00
0.000000000000000000e+00
0.000000000000000000e+00
0.000000000000000000e+00
0.000000000000000000e+00
0.000000000000000000e+00
0.000000000000000000e+00
0.000000000000000000e+00
0.000000000000000000e+00
0.000000000000000000e+00
0.000000000000000000e+00
0.000000000000000000e+00
0.000000000000000000e+00
0.000000000000000000e+00
0.000000000000000000e+00
0.000000000000000000e+00
0.000000000000000000e+00
0.000000000000000000e+00
0.000000000000000000e+00
0.000000000000000000e+00
0.000000000000000000e+00
0.000000000000000000e+00
0.000000000000000000e+00
0.000000000000000000e+00
0.000000000000000000e+00
0.000000000000000000e+00
0.000000000000000000e+00
0.000000000000000000e+00
0.000000000000000000e+00
0.000000000000000000e+00
0.000000000000000000e+00
0.000000000000000000e+00
0.000000000000000000e+00
0.000000000000000000e+00
0.000000000000000000e+00
0.000000000000000000e+00
0.000000000000000000e+00
0.000000000000000000e+00
0.000000000000000000e+00
0.000000000000000000e+00
0.000000000000000000e+00
0.000000000000000000e+00
0.000000000000000000e+00
0.000000000000000000e+00
0.000000000000000000e+00
0.000000000000000000e+00
0.000000000000000000e+00
0.000000000000000000e+00
0.000000000000000000e+00
0.000000000000000000e+00
0.000000000000000000e+00
0.000000000000000000e+00
0.000000000000000000e+00
0.000000000000000000e+00
0.000000000000000000e+00
0.000000000000000000e+00
0.000000000000000000e+00
0.000000000000000000e+00
0.000000000000000000e+00
0.000000000000000000e+00
0.000000000000000000e+00
0.000000000000000000e+00
0.000000000000000000e+00
0.000000000000000000e+00
0.000000000000000000e+00
0.000000000000000000e+00
0.000000000000000000e+00
0.000000000000000000e+00
0.000000000000000000e+00
0.000000000000000000e+00
0.000000000000000000e+00
0.000000000000000000e+00
0.000000000000000000e+00
0.000000000000000000e+00
0.000000000000000000e+00
0.000000000000000000e+00
0.000000000000000000e+00
0.000000000000000000e+00
0.000000000000000000e+00
0.000000000000000000e+00
0.000000000000000000e+00
0.000000000000000000e+00
0.000000000000000000e+00
0.000000000000000000e+00
0.000000000000000000e+00
0.000000000000000000e+00
0.000000000000000000e+00
0.000000000000000000e+00
0.000000000000000000e+00
0.000000000000000000e+00
0.000000000000000000e+00
0.000000000000000000e+00
0.000000000000000000e+00
0.000000000000000000e+00
0.000000000000000000e+00
0.000000000000000000e+00
0.000000000000000000e+00
0.000000000000000000e+00
0.000000000000000000e+00
0.000000000000000000e+00
0.000000000000000000e+00
0.000000000000000000e+00
0.000000000000000000e+00
0.000000000000000000e+00
0.000000000000000000e+00
0.000000000000000000e+00
0.000000000000000000e+00
