0.000000000000000000e+00
0.000000000000000000e+00
0.000000000000000000e+00
0.000000000000000000e+00
0.000000000000000000e+00
0.000000000000000000e+00
0.000000000000000000e+00
0.000000000000000000e+00
0.000000000000000000e+00
0.000000000000000000e+00
0.000000000000000000e+00
0.000000000000000000e+00
0.000000000000000000e+00
0.000000000000000000e+00
0.000000000000000000e+00
0.000000000000000000e+00
0.000000000000000000e+00
0.000000000000000000e+00
0.000000000000000000e+00
0.000000000000000000e+00
0.000000000000000000e+00
0.000000000000000000e+00
2.280000114440917969e+01
7.000000000000000000e+01
0.000000000000000000e+00
0.000000000000000000e+00
0.000000000000000000e+00
0.000000000000000000e+00
1.920000076293945312e+01
7.000000000000000000e+01
0.000000000000000000e+00
0.000000000000000000e+00
0.000000000000000000e+00
0.000000000000000000e+00
1.440000057220458984e+01
6.719999694824218750e+01
1.500000000000000000e+00
1.299999952316284180e+00
1.399999976158142090e+00
6.000000238418579102e-01
1.330000019073486328e+01
4.900000000000000000e+01
2.100000143051147461e+00
9.399999618530273438e+00
9.000000357627868652e-01
4.699999809265136719e+00
1.500000000000000000e+01
3.709999847412109375e+01
2.700000047683715820e+00
1.150000000000000000e+01
1.500000000000000000e+00
5.099999904632568359e+00
1.310000038146972656e+01
3.989999771118164062e+01
2.700000047683715820e+00
7.699999809265136719e+00
1.800000071525573730e+00
5.099999904632568359e+00
1.670000076293945312e+01
3.079999923706054688e+01
2.400000095367431641e+00
1.010000038146972656e+01
2.100000143051147461e+00
6.100000381469726562e+00
1.260000038146972656e+01
3.289999771118164062e+01
2.700000047683715820e+00
8.399999618530273438e+00
2.400000095367431641e+00
7.599999904632568359e+00
1.270000076293945312e+01
1.960000038146972656e+01
3.900000095367431641e+00
1.469999980926513672e+01
3.300000190734863281e+00
9.399999618530273438e+00
1.039999961853027344e+01
1.750000000000000000e+01
3.300000190734863281e+00
8.300000190734863281e+00
4.699999809265136719e+00
3.900000095367431641e+00
5.900000095367431641e+00
6.800000190734863281e+00
9.800000190734863281e+00
2.700000047683715820e+00
7.000000000000000000e+00
5.100000381469726562e+00
1.259999942779541016e+01
1.800000071525573730e+00
5.599999904632568359e+00
9.000000357627868652e-01
2.799999952316284180e+00
9.000000357627868652e-01
1.399999976158142090e+00
0.000000000000000000e+00
0.000000000000000000e+00
0.000000000000000000e+00
0.000000000000000000e+00
0.000000000000000000e+00
0.000000000000000000e+00
0.000000000000000000e+00
0.000000000000000000e+00
7.800000190734863281e+00
2.239999961853027344e+01
0.000000000000000000e+00
0.000000000000000000e+00
0.000000000000000000e+00
0.000000000000000000e+00
0.000000000000000000e+00
0.000000000000000000e+00
0.000000000000000000e+00
0.000000000000000000e+00
0.000000000000000000e+00
0.000000000000000000e+00
0.000000000000000000e+00
0.000000000000000000e+00
0.000000000000000000e+00
0.000000000000000000e+00
0.000000000000000000e+00
0.000000000000000000e+00
0.000000000000000000e+00
8.700000762939453125e+00
2.450000000000000000e+01
3.000000119209289551e-01
6.999999880790710449e-01
2.100000143051147461e+00
7.900000095367431641e+00
1.160000038146972656e+01
2.100000000000000000e+01
1.200000047683715820e+00
2.699999809265136719e+00
6.199999809265136719e+00
8.599999427795410156e+00
6.599999904632568359e+00
8.100000381469726562e+00
9.000000000000000000e+00
7.699999809265136719e+00
4.500000000000000000e+00
1.119999980926513672e+01
5.900000095367431641e+00
1.079999923706054688e+01
1.019999980926513672e+01
5.099999904632568359e+00
1.200000000000000000e+01
5.500000000000000000e+00
6.300000190734863281e+00
5.699999809265136719e+00
1.050000000000000000e+01
7.900000095367431641e+00
8.399999618530273438e+00
1.469999980926513672e+01
4.500000000000000000e+00
8.599999427795410156e+00
6.200000286102294922e+00
5.599999904632568359e+00
5.700000286102294922e+00
1.469999980926513672e+01
5.100000381469726562e+00
1.169999980926513672e+01
7.500000000000000000e+00
1.189999961853027344e+01
6.000000000000000000e+00
1.610000038146972656e+01
5.400000095367431641e+00
5.099999904632568359e+00
6.800000190734863281e+00
1.259999942779541016e+01
5.100000381469726562e+00
1.010000038146972656e+01
5.700000286102294922e+00
1.010000038146972656e+01
6.000000000000000000e+00
1.469999980926513672e+01
4.500000000000000000e+00
9.599999427795410156e+00
7.200000286102294922e+00
9.000000000000000000e+00
7.300000190734863281e+00
1.119999980926513672e+01
1.500000000000000000e+00
3.500000000000000000e+00
9.000000357627868652e-01
6.999999880790710449e-01
0.000000000000000000e+00
0.000000000000000000e+00
0.000000000000000000e+00
0.000000000000000000e+00
0.000000000000000000e+00
0.000000000000000000e+00
0.000000000000000000e+00
0.000000000000000000e+00
0.000000000000000000e+00
0.000000000000000000e+00
0.000000000000000000e+00
0.000000000000000000e+00
0.000000000000000000e+00
0.000000000000000000e+00
0.000000000000000000e+00
0.000000000000000000e+00
0.000000000000000000e+00
0.000000000000000000e+00
0.000000000000000000e+00
0.000000000000000000e+00
0.000000000000000000e+00
0.000000000000000000e+00
0.000000000000000000e+00
0.000000000000000000e+00
0.000000000000000000e+00
0.000000000000000000e+00
1.230000019073486328e+01
1.960000038146972656e+01
0.000000000000000000e+00
0.000000000000000000e+00
0.000000000000000000e+00
0.000000000000000000e+00
1.260000038146972656e+01
3.010000038146972656e+01
0.000000000000000000e+00
0.000000000000000000e+00
0.000000000000000000e+00
0.000000000000000000e+00
1.320000076293945312e+01
2.519999885559082031e+01
3.000000119209289551e-01
1.700000047683715820e+00
3.000000119209289551e-01
6.000000238418579102e-01
1.560000038146972656e+01
2.519999885559082031e+01
6.000000238418579102e-01
2.399999856948852539e+00
0.000000000000000000e+00
1.500000000000000000e+00
1.170000076293945312e+01
2.239999961853027344e+01
6.000000238418579102e-01
2.000000000000000000e+00
2.500000000000000000e+00
2.500000000000000000e+00
1.360000038146972656e+01
1.889999961853027344e+01
2.700000047683715820e+00
4.799999713897705078e+00
2.700000047683715820e+00
6.100000381469726562e+00
1.360000038146972656e+01
1.750000000000000000e+01
2.700000047683715820e+00
4.900000095367431641e+00
9.300000190734863281e+00
1.189999961853027344e+01
1.140000057220458984e+01
2.379999923706054688e+01
2.700000047683715820e+00
2.099999904632568359e+00
7.500000476837158203e+00
7.000000000000000000e+00
1.110000038146972656e+01
1.679999923706054688e+01
2.700000047683715820e+00
3.500000000000000000e+00
7.800000190734863281e+00
1.119999980926513672e+01
9.900000572204589844e+00
1.889999961853027344e+01
3.000000000000000000e+00
4.199999809265136719e+00
7.200000286102294922e+00
8.399999618530273438e+00
9.600000381469726562e+00
1.750000000000000000e+01
3.000000000000000000e+00
3.500000000000000000e+00
6.600000381469726562e+00
7.000000000000000000e+00
9.600000381469726562e+00
2.310000038146972656e+01
3.000000000000000000e+00
4.199999809265136719e+00
6.000000000000000000e+00
4.900000095367431641e+00
1.020000076293945312e+01
1.610000038146972656e+01
3.000000000000000000e+00
3.500000000000000000e+00
4.200000286102294922e+00
7.900000095367431641e+00
1.060000038146972656e+01
1.750000000000000000e+01
3.000000000000000000e+00
5.200000286102294922e+00
4.900000095367431641e+00
3.700000047683715820e+00
1.240000057220458984e+01
1.679999923706054688e+01
3.000000000000000000e+00
6.599999904632568359e+00
4.500000000000000000e+00
5.900000095367431641e+00
8.400000572204589844e+00
1.189999961853027344e+01
3.900000095367431641e+00
7.000000000000000000e+00
9.000000357627868652e-01
2.500000000000000000e+00
2.099999904632568359e+00
9.300000190734863281e+00
1.259999942779541016e+01
1.200000047683715820e+00
6.999999880790710449e-01
0.000000000000000000e+00
5.400000095367431641e+00
1.190000057220458984e+01
6.900000095367431641e+00
5.900000095367431641e+00
3.000000000000000000e+00
6.800000190734863281e+00
6.100000381469726562e+00
7.699999809265136719e+00
1.039999961853027344e+01
8.199999809265136719e+00
5.500000000000000000e+00
6.199999809265136719e+00
4.500000000000000000e+00
8.599999427795410156e+00
7.800000190734863281e+00
8.000000000000000000e+00
6.400000095367431641e+00
1.219999980926513672e+01
5.100000381469726562e+00
5.599999904632568359e+00
6.900000095367431641e+00
7.699999809265136719e+00
9.000000357627868652e-01
5.199999809265136719e+00
5.800000190734863281e+00
1.299999952316284180e+00
9.300000190734863281e+00
1.819999885559082031e+01
1.200000047683715820e+00
5.700000286102294922e+00
1.119999980926513672e+01
1.200000047683715820e+00
9.100000381469726562e+00
1.050000000000000000e+01
9.000000357627868652e-01
7.300000190734863281e+00
8.399999618530273438e+00
1.500000000000000000e+00
1.000000000000000000e+01
9.099999427795410156e+00
1.800000071525573730e+00
7.100000381469726562e+00
1.330000019073486328e+01
3.300000190734863281e+00
6.500000000000000000e+00
5.900000095367431641e+00
2.500000000000000000e+00
1.000000000000000000e+01
1.259999942779541016e+01
3.000000000000000000e+00
7.900000095367431641e+00
5.699999809265136719e+00
2.200000047683715820e+00
1.030000019073486328e+01
7.699999809265136719e+00
3.900000095367431641e+00
4.599999904632568359e+00
5.500000000000000000e+00
5.300000190734863281e+00
7.300000190734863281e+00
1.050000000000000000e+01
4.500000000000000000e+00
9.299999237060546875e+00
5.500000000000000000e+00
8.000000000000000000e+00
8.500000000000000000e+00
1.050000000000000000e+01
4.200000286102294922e+00
7.900000095367431641e+00
8.600000381469726562e+00
4.900000095367431641e+00
7.500000476837158203e+00
6.299999713897705078e+00
3.600000143051147461e+00
4.699999809265136719e+00
4.200000286102294922e+00
4.900000095367431641e+00
9.300000190734863281e+00
1.330000019073486328e+01
3.600000143051147461e+00
4.699999809265136719e+00
4.300000190734863281e+00
5.599999904632568359e+00
8.400000572204589844e+00
1.330000019073486328e+01
3.600000143051147461e+00
9.199999809265136719e+00
8.899999618530273438e+00
4.699999809265136719e+00
6.400000095367431641e+00
4.199999809265136719e+00
6.300000190734863281e+00
7.300000190734863281e+00
4.500000000000000000e+00
5.599999904632568359e+00
4.800000190734863281e+00
5.800000190734863281e+00
4.900000095367431641e+00
5.000000000000000000e+00
5.099999904632568359e+00
5.199999809265136719e+00
7.100000381469726562e+00
6.500000000000000000e+00
7.300000190734863281e+00
9.800000190734863281e+00
3.900000095367431641e+00
4.300000190734863281e+00
5.300000190734863281e+00
5.200000286102294922e+00
7.000000000000000000e+00
1.219999980926513672e+01
6.300000190734863281e+00
7.000000000000000000e+00
4.500000000000000000e+00
9.399999618530273438e+00
6.300000190734863281e+00
6.199999809265136719e+00
5.700000286102294922e+00
6.299999713897705078e+00
4.500000000000000000e+00
4.500000000000000000e+00
5.700000286102294922e+00
4.799999713897705078e+00
5.800000190734863281e+00
7.000000000000000000e+00
6.000000000000000000e+00
8.000000000000000000e+00
6.099999904632568359e+00
8.699999809265136719e+00
6.300000190734863281e+00
7.000000000000000000e+00
5.100000381469726562e+00
8.699999809265136719e+00
6.099999904632568359e+00
9.399999618530273438e+00
8.000000000000000000e+00
4.900000095367431641e+00
4.800000190734863281e+00
4.500000000000000000e+00
4.800000190734863281e+00
3.799999952316284180e+00
6.900000095367431641e+00
9.800000190734863281e+00
4.800000190734863281e+00
3.799999952316284180e+00
4.900000095367431641e+00
3.099999904632568359e+00
6.300000190734863281e+00
9.800000190734863281e+00
5.400000095367431641e+00
8.399999618530273438e+00
6.000000000000000000e+00
7.000000000000000000e+00
6.600000381469726562e+00
7.699999809265136719e+00
5.700000286102294922e+00
8.399999618530273438e+00
5.700000286102294922e+00
7.699999809265136719e+00
5.700000286102294922e+00
5.599999904632568359e+00
1.200000047683715820e+00
0.000000000000000000e+00
0.000000000000000000e+00
0.000000000000000000e+00
0.000000000000000000e+00
0.000000000000000000e+00
0.000000000000000000e+00
0.000000000000000000e+00
0.000000000000000000e+00
0.000000000000000000e+00
0.000000000000000000e+00
1.260000038146972656e+01
9.099999427795410156e+00
0.000000000000000000e+00
0.000000000000000000e+00
0.000000000000000000e+00
0.000000000000000000e+00
0.000000000000000000e+00
0.000000000000000000e+00
0.000000000000000000e+00
0.000000000000000000e+00
0.000000000000000000e+00
0.000000000000000000e+00
0.000000000000000000e+00
0.000000000000000000e+00
0.000000000000000000e+00
0.000000000000000000e+00
0.000000000000000000e+00
0.000000000000000000e+00
0.000000000000000000e+00
0.000000000000000000e+00
2.220000076293945312e+01
2.800000000000000000e+01
0.000000000000000000e+00
0.000000000000000000e+00
0.000000000000000000e+00
0.000000000000000000e+00
2.220000076293945312e+01
3.010000038146972656e+01
0.000000000000000000e+00
0.000000000000000000e+00
0.000000000000000000e+00
0.000000000000000000e+00
2.220000076293945312e+01
2.450000000000000000e+01
0.000000000000000000e+00
0.000000000000000000e+00
0.000000000000000000e+00
0.000000000000000000e+00
1.800000000000000000e+01
2.519999885559082031e+01
0.000000000000000000e+00
0.000000000000000000e+00
0.000000000000000000e+00
6.000000238418579102e-01
6.999999880790710449e-01
1.530000019073486328e+01
1.119999980926513672e+01
0.000000000000000000e+00
0.000000000000000000e+00
1.200000047683715820e+00
2.299999952316284180e+00
1.530000114440917969e+01
2.029999923706054688e+01
0.000000000000000000e+00
3.000000119209289551e-01
1.800000071525573730e+00
1.000000000000000000e+00
1.480000019073486328e+01
1.750000000000000000e+01
0.000000000000000000e+00
3.000000119209289551e-01
2.400000095367431641e+00
3.799999952316284180e+00
1.420000076293945312e+01
9.099999427795410156e+00
0.000000000000000000e+00
6.000000238418579102e-01
1.900000095367431641e+00
2.800000190734863281e+00
1.180000019073486328e+01
1.679999923706054688e+01
6.000000238418579102e-01
1.900000095367431641e+00
4.199999809265136719e+00
2.599999904632568359e+00
1.180000019073486328e+01
1.539999961853027344e+01
6.000000238418579102e-01
2.800000190734863281e+00
3.000000000000000000e+00
6.999999880790710449e-01
1.170000076293945312e+01
1.259999942779541016e+01
6.000000238418579102e-01
6.999999880790710449e-01
0.000000000000000000e+00
0.000000000000000000e+00
1.140000057220458984e+01
1.259999942779541016e+01
3.000000119209289551e-01
0.000000000000000000e+00
0.000000000000000000e+00
0.000000000000000000e+00
0.000000000000000000e+00
0.000000000000000000e+00
0.000000000000000000e+00
0.000000000000000000e+00
0.000000000000000000e+00
0.000000000000000000e+00
0.000000000000000000e+00
0.000000000000000000e+00
0.000000000000000000e+00
0.000000000000000000e+00
0.000000000000000000e+00
0.000000000000000000e+00
0.000000000000000000e+00
0.000000000000000000e+00
0.000000000000000000e+00
0.000000000000000000e+00
0.000000000000000000e+00
0.000000000000000000e+00
0.000000000000000000e+00
0.000000000000000000e+00
0.000000000000000000e+00
0.000000000000000000e+00
0.000000000000000000e+00
0.000000000000000000e+00
0.000000000000000000e+00
1.200000000000000000e+01
5.599999904632568359e+00
0.000000000000000000e+00
0.000000000000000000e+00
0.000000000000000000e+00
0.000000000000000000e+00
1.260000038146972656e+01
1.400000000000000000e+01
0.000000000000000000e+00
0.000000000000000000e+00
6.000000238418579102e-01
1.200000047683715820e+00
1.280000019073486328e+01
1.189999961853027344e+01
1.800000071525573730e+00
3.500000000000000000e+00
1.800000071525573730e+00
4.000000000000000000e+00
1.119999980926513672e+01
1.330000019073486328e+01
2.400000095367431641e+00
3.000000000000000000e+00
1.299999952316284180e+00
0.000000000000000000e+00
1.230000019073486328e+01
1.330000019073486328e+01
1.800000071525573730e+00
3.599999904632568359e+00
2.699999809265136719e+00
1.500000000000000000e+00
1.230000114440917969e+01
9.800000190734863281e+00
1.800000071525573730e+00
2.599999904632568359e+00
3.400000095367431641e+00
3.400000095367431641e+00
1.180000019073486328e+01
1.400000000000000000e+01
1.500000000000000000e+00
3.500000000000000000e+00
2.599999904632568359e+00
3.900000095367431641e+00
1.380000019073486328e+01
9.099999427795410156e+00
1.500000000000000000e+00
3.900000095367431641e+00
5.199999809265136719e+00
2.099999904632568359e+00
6.000000238418579102e-01
9.300000190734863281e+00
5.599999904632568359e+00
2.400000095367431641e+00
2.299999952316284180e+00
1.700000047683715820e+00
6.999999880790710449e-01
1.110000038146972656e+01
1.469999980926513672e+01
1.200000047683715820e+00
0.000000000000000000e+00
0.000000000000000000e+00
0.000000000000000000e+00
0.000000000000000000e+00
0.000000000000000000e+00
0.000000000000000000e+00
0.000000000000000000e+00
0.000000000000000000e+00
0.000000000000000000e+00
0.000000000000000000e+00
0.000000000000000000e+00
0.000000000000000000e+00
0.000000000000000000e+00
0.000000000000000000e+00
0.000000000000000000e+00
0.000000000000000000e+00
0.000000000000000000e+00
0.000000000000000000e+00
0.000000000000000000e+00
0.000000000000000000e+00
0.000000000000000000e+00
0.000000000000000000e+00
0.000000000000000000e+00
0.000000000000000000e+00
0.000000000000000000e+00
0.000000000000000000e+00
0.000000000000000000e+00
0.000000000000000000e+00
0.000000000000000000e+00
0.000000000000000000e+00
0.000000000000000000e+00
0.000000000000000000e+00
0.000000000000000000e+00
0.000000000000000000e+00
0.000000000000000000e+00
0.000000000000000000e+00
1.260000038146972656e+01
6.999999880790710449e-01
0.000000000000000000e+00
0.000000000000000000e+00
0.000000000000000000e+00
0.000000000000000000e+00
1.290000057220458984e+01
1.469999980926513672e+01
0.000000000000000000e+00
0.000000000000000000e+00
0.000000000000000000e+00
6.000000238418579102e-01
1.380000019073486328e+01
1.539999961853027344e+01
0.000000000000000000e+00
3.000000119209289551e-01
6.999999880790710449e-01
0.000000000000000000e+00
1.500000095367431641e+01
2.029999923706054688e+01
0.000000000000000000e+00
6.000000238418579102e-01
1.399999976158142090e+00
1.200000047683715820e+00
1.570000076293945312e+01
1.469999980926513672e+01
0.000000000000000000e+00
9.000000357627868652e-01
6.999999880790710449e-01
1.200000047683715820e+00
1.200000000000000000e+01
1.189999961853027344e+01
3.000000000000000000e+00
4.699999809265136719e+00
3.599999904632568359e+00
2.500000000000000000e+00
1.010000038146972656e+01
4.900000095367431641e+00
4.500000000000000000e+00
2.799999952316284180e+00
2.400000095367431641e+00
2.900000095367431641e+00
1.069999980926513672e+01
1.189999961853027344e+01
4.200000286102294922e+00
6.299999713897705078e+00
3.300000190734863281e+00
5.099999904632568359e+00
1.020000076293945312e+01
6.299999713897705078e+00
4.800000190734863281e+00
4.500000000000000000e+00
2.700000047683715820e+00
3.299999952316284180e+00
1.030000019073486328e+01
1.119999980926513672e+01
4.800000190734863281e+00
4.199999809265136719e+00
9.000000357627868652e-01
3.000000000000000000e+00
8.100000381469726562e+00
2.799999952316284180e+00
6.000000238418579102e-01
3.000000000000000000e+00
1.399999976158142090e+00
0.000000000000000000e+00
0.000000000000000000e+00
0.000000000000000000e+00
0.000000000000000000e+00
0.000000000000000000e+00
0.000000000000000000e+00
0.000000000000000000e+00
0.000000000000000000e+00
0.000000000000000000e+00
0.000000000000000000e+00
0.000000000000000000e+00
0.000000000000000000e+00
0.000000000000000000e+00
0.000000000000000000e+00
0.000000000000000000e+00
0.000000000000000000e+00
0.000000000000000000e+00
0.000000000000000000e+00
0.000000000000000000e+00
0.000000000000000000e+00
0.000000000000000000e+00
0.000000000000000000e+00
0.000000000000000000e+00
0.000000000000000000e+00
0.000000000000000000e+00
0.000000000000000000e+00
0.000000000000000000e+00
0.000000000000000000e+00
0.000000000000000000e+00
0.000000000000000000e+00
0.000000000000000000e+00
1.200000000000000000e+01
2.799999952316284180e+00
0.000000000000000000e+00
0.000000000000000000e+00
1.200000047683715820e+00
1.500000000000000000e+00
1.230000114440917969e+01
8.399999618530273438e+00
0.000000000000000000e+00
3.000000119209289551e-01
2.500000000000000000e+00
4.300000190734863281e+00
6.699999809265136719e+00
8.899999618530273438e+00
5.000000000000000000e+00
1.700000047683715820e+00
3.100000143051147461e+00
4.199999809265136719e+00
5.700000286102294922e+00
9.299999237060546875e+00
7.500000000000000000e+00
1.200000000000000000e+01
4.099999904632568359e+00
2.599999904632568359e+00
7.100000381469726562e+00
5.099999904632568359e+00
5.700000286102294922e+00
3.099999904632568359e+00
4.000000000000000000e+00
4.699999809265136719e+00
8.600000381469726562e+00
5.599999904632568359e+00
5.400000095367431641e+00
4.799999713897705078e+00
3.000000000000000000e+00
3.799999952316284180e+00
7.900000095367431641e+00
2.799999952316284180e+00
5.400000095367431641e+00
7.000000000000000000e+00
3.900000095367431641e+00
2.799999952316284180e+00
7.800000190734863281e+00
1.189999961853027344e+01
5.100000381469726562e+00
4.199999809265136719e+00
3.900000095367431641e+00
1.700000047683715820e+00
8.200000762939453125e+00
7.699999809265136719e+00
2.100000143051147461e+00
6.000000000000000000e+00
4.900000095367431641e+00
1.000000000000000000e+00
9.699999809265136719e+00
9.099999427795410156e+00
2.100000143051147461e+00
3.200000047683715820e+00
5.300000190734863281e+00
2.799999952316284180e+00
9.000000357627868652e-01
5.400000095367431641e+00
4.900000095367431641e+00
3.000000119209289551e-01
0.000000000000000000e+00
0.000000000000000000e+00
0.000000000000000000e+00
0.000000000000000000e+00
0.000000000000000000e+00
0.000000000000000000e+00
0.000000000000000000e+00
0.000000000000000000e+00
0.000000000000000000e+00
0.000000000000000000e+00
0.000000000000000000e+00
0.000000000000000000e+00
0.000000000000000000e+00
0.000000000000000000e+00
0.000000000000000000e+00
0.000000000000000000e+00
0.000000000000000000e+00
0.000000000000000000e+00
0.000000000000000000e+00
0.000000000000000000e+00
0.000000000000000000e+00
0.000000000000000000e+00
0.000000000000000000e+00
0.000000000000000000e+00
0.000000000000000000e+00
0.000000000000000000e+00
0.000000000000000000e+00
0.000000000000000000e+00
0.000000000000000000e+00
0.000000000000000000e+00
0.000000000000000000e+00
0.000000000000000000e+00
0.000000000000000000e+00
1.080000019073486328e+01
0.000000000000000000e+00
0.000000000000000000e+00
0.000000000000000000e+00
0.000000000000000000e+00
0.000000000000000000e+00
1.050000000000000000e+01
1.050000000000000000e+01
0.000000000000000000e+00
6.000000238418579102e-01
0.000000000000000000e+00
6.000000238418579102e-01
1.050000000000000000e+01
1.259999942779541016e+01
9.000000357627868652e-01
1.600000023841857910e+00
2.800000190734863281e+00
2.099999904632568359e+00
1.200000000000000000e+01
1.610000038146972656e+01
9.000000357627868652e-01
3.000000000000000000e+00
3.400000095367431641e+00
4.799999713897705078e+00
1.090000057220458984e+01
7.699999809265136719e+00
3.000000119209289551e-01
2.100000143051147461e+00
3.700000047683715820e+00
2.299999952316284180e+00
9.600000381469726562e+00
7.699999809265136719e+00
1.800000071525573730e+00
7.500000000000000000e+00
2.500000000000000000e+00
2.800000190734863281e+00
7.400000095367431641e+00
2.799999952316284180e+00
4.200000286102294922e+00
4.699999809265136719e+00
7.800000190734863281e+00
5.800000190734863281e+00
7.200000286102294922e+00
9.099999427795410156e+00
3.000000000000000000e+00
4.199999809265136719e+00
6.100000381469726562e+00
4.000000000000000000e+00
8.600000381469726562e+00
4.900000095367431641e+00
3.000000000000000000e+00
1.200000047683715820e+00
7.500000000000000000e+00
4.900000095367431641e+00
8.400000572204589844e+00
1.050000000000000000e+01
3.000000000000000000e+00
2.200000047683715820e+00
2.400000095367431641e+00
3.800000190734863281e+00
8.700000762939453125e+00
5.599999904632568359e+00
4.200000286102294922e+00
5.399999618530273438e+00
5.099999904632568359e+00
3.900000095367431641e+00
7.599999904632568359e+00
8.699999809265136719e+00
6.000000238418579102e-01
0.000000000000000000e+00
6.600000381469726562e+00
3.500000000000000000e+00
6.000000000000000000e+00
5.900000095367431641e+00
3.000000000000000000e+00
4.000000000000000000e+00
2.099999904632568359e+00
4.800000190734863281e+00
2.699999809265136719e+00
1.000000000000000000e+00
7.599999904632568359e+00
3.500000000000000000e+00
3.000000119209289551e-01
7.500000476837158203e+00
5.599999904632568359e+00
2.100000143051147461e+00
1.399999976158142090e+00
5.400000095367431641e+00
6.599999904632568359e+00
8.600000381469726562e+00
7.000000000000000000e+00
3.300000190734863281e+00
3.099999904632568359e+00
6.699999809265136719e+00
6.299999713897705078e+00
6.900000095367431641e+00
7.699999809265136719e+00
3.900000095367431641e+00
4.799999713897705078e+00
6.400000095367431641e+00
6.299999713897705078e+00
7.800000190734863281e+00
7.699999809265136719e+00
4.500000000000000000e+00
2.399999856948852539e+00
6.699999809265136719e+00
2.799999952316284180e+00
7.800000190734863281e+00
4.199999809265136719e+00
4.500000000000000000e+00
3.099999904632568359e+00
9.900000572204589844e+00
5.599999904632568359e+00
7.200000286102294922e+00
8.399999618530273438e+00
4.800000190734863281e+00
2.799999952316284180e+00
7.800000190734863281e+00
9.800000190734863281e+00
6.900000095367431641e+00
5.599999904632568359e+00
5.100000381469726562e+00
8.300000190734863281e+00
8.399999618530273438e+00
5.900000095367431641e+00
6.600000381469726562e+00
3.500000000000000000e+00
5.100000381469726562e+00
2.799999952316284180e+00
6.300000190734863281e+00
4.900000095367431641e+00
7.500000476837158203e+00
5.599999904632568359e+00
5.100000381469726562e+00
1.399999976158142090e+00
6.300000190734863281e+00
4.199999809265136719e+00
6.900000095367431641e+00
7.000000000000000000e+00
4.800000190734863281e+00
3.500000000000000000e+00
6.900000095367431641e+00
4.900000095367431641e+00
6.600000381469726562e+00
4.900000095367431641e+00
5.100000381469726562e+00
7.000000000000000000e+00
6.900000095367431641e+00
9.099999427795410156e+00
6.600000381469726562e+00
3.500000000000000000e+00
5.100000381469726562e+00
2.099999904632568359e+00
6.600000381469726562e+00
7.699999809265136719e+00
6.900000095367431641e+00
2.099999904632568359e+00
5.100000381469726562e+00
4.199999809265136719e+00
5.100000381469726562e+00
2.000000000000000000e+00
9.600000381469726562e+00
1.050000000000000000e+01
3.300000190734863281e+00
2.000000000000000000e+00
6.300000190734863281e+00
7.300000190734863281e+00
8.200000762939453125e+00
2.099999904632568359e+00
3.300000190734863281e+00
3.500000000000000000e+00
7.200000286102294922e+00
8.000000000000000000e+00
5.100000381469726562e+00
4.199999809265136719e+00
3.000000000000000000e+00
2.399999856948852539e+00
5.700000286102294922e+00
3.500000000000000000e+00
5.100000381469726562e+00
6.299999713897705078e+00
4.200000286102294922e+00
2.099999904632568359e+00
6.300000190734863281e+00
3.500000000000000000e+00
6.300000190734863281e+00
5.200000286102294922e+00
4.500000000000000000e+00
2.799999952316284180e+00
6.600000381469726562e+00
5.599999904632568359e+00
6.300000190734863281e+00
5.599999904632568359e+00
5.400000095367431641e+00
4.900000095367431641e+00
6.300000190734863281e+00
4.199999809265136719e+00
6.300000190734863281e+00
7.000000000000000000e+00
4.200000286102294922e+00
3.099999904632568359e+00
6.900000095367431641e+00
7.699999809265136719e+00
5.400000095367431641e+00
4.199999809265136719e+00
6.300000190734863281e+00
4.500000000000000000e+00
6.300000190734863281e+00
5.200000286102294922e+00
5.400000095367431641e+00
3.500000000000000000e+00
6.000000000000000000e+00
5.900000095367431641e+00
5.100000381469726562e+00
1.399999976158142090e+00
5.700000286102294922e+00
2.799999952316284180e+00
7.500000476837158203e+00
9.099999427795410156e+00
4.200000286102294922e+00
1.000000000000000000e+00
6.600000381469726562e+00
3.500000000000000000e+00
7.800000190734863281e+00
4.199999809265136719e+00
3.900000095367431641e+00
2.799999952316284180e+00
6.300000190734863281e+00
9.099999427795410156e+00
7.500000476837158203e+00
9.099999427795410156e+00
3.900000095367431641e+00
4.199999809265136719e+00
6.900000095367431641e+00
6.299999713897705078e+00
6.900000095367431641e+00
3.500000000000000000e+00
4.200000286102294922e+00
6.299999713897705078e+00
6.000000000000000000e+00
4.199999809265136719e+00
7.800000190734863281e+00
7.000000000000000000e+00
3.900000095367431641e+00
0.000000000000000000e+00
0.000000000000000000e+00
6.300000190734863281e+00
3.799999952316284180e+00
3.000000000000000000e+00
2.099999904632568359e+00
4.500000000000000000e+00
6.999999880790710449e-01
5.100000381469726562e+00
1.399999976158142090e+00
3.000000000000000000e+00
0.000000000000000000e+00
0.000000000000000000e+00
0.000000000000000000e+00
0.000000000000000000e+00
0.000000000000000000e+00
0.000000000000000000e+00
0.000000000000000000e+00
0.000000000000000000e+00
0.000000000000000000e+00
0.000000000000000000e+00
0.000000000000000000e+00
0.000000000000000000e+00
0.000000000000000000e+00
0.000000000000000000e+00
0.000000000000000000e+00
0.000000000000000000e+00
0.000000000000000000e+00
0.000000000000000000e+00
0.000000000000000000e+00
0.000000000000000000e+00
0.000000000000000000e+00
0.000000000000000000e+00
0.000000000000000000e+00
0.000000000000000000e+00
0.000000000000000000e+00
0.000000000000000000e+00
0.000000000000000000e+00
0.000000000000000000e+00
0.000000000000000000e+00
0.000000000000000000e+00
0.000000000000000000e+00
0.000000000000000000e+00
0.000000000000000000e+00
0.000000000000000000e+00
0.000000000000000000e+00
0.000000000000000000e+00
1.410000038146972656e+01
1.399999976158142090e+00
0.000000000000000000e+00
0.000000000000000000e+00
6.000000238418579102e-01
0.000000000000000000e+00
1.500000095367431641e+01
1.469999980926513672e+01
0.000000000000000000e+00
0.000000000000000000e+00
0.000000000000000000e+00
1.200000047683715820e+00
1.320000076293945312e+01
1.330000019073486328e+01
3.000000119209289551e-01
3.000000119209289551e-01
9.000000357627868652e-01
2.299999952316284180e+00
1.210000038146972656e+01
1.400000000000000000e+01
3.000000119209289551e-01
2.400000095367431641e+00
6.800000190734863281e+00
1.800000071525573730e+00
1.010000038146972656e+01
5.200000286102294922e+00
2.599999904632568359e+00
4.800000190734863281e+00
2.500000000000000000e+00
3.500000000000000000e+00
7.500000476837158203e+00
3.500000000000000000e+00
1.800000071525573730e+00
6.100000381469726562e+00
2.900000095367431641e+00
4.800000190734863281e+00
7.000000000000000000e+00
4.199999809265136719e+00
2.400000095367431641e+00
4.900000095367431641e+00
2.700000047683715820e+00
4.900000095367431641e+00
8.600000381469726562e+00
3.799999952316284180e+00
3.400000095367431641e+00
4.199999809265136719e+00
2.500000000000000000e+00
4.400000095367431641e+00
6.699999809265136719e+00
6.899999618530273438e+00
1.600000023841857910e+00
3.600000143051147461e+00
5.300000190734863281e+00
4.099999904632568359e+00
6.200000286102294922e+00
8.800000190734863281e+00
1.399999976158142090e+00
5.100000381469726562e+00
5.599999904632568359e+00
0.000000000000000000e+00
0.000000000000000000e+00
0.000000000000000000e+00
0.000000000000000000e+00
0.000000000000000000e+00
0.000000000000000000e+00
0.000000000000000000e+00
0.000000000000000000e+00
0.000000000000000000e+00
0.000000000000000000e+00
0.000000000000000000e+00
0.000000000000000000e+00
0.000000000000000000e+00
0.000000000000000000e+00
0.000000000000000000e+00
0.000000000000000000e+00
0.000000000000000000e+00
0.000000000000000000e+00
0.000000000000000000e+00
0.000000000000000000e+00
0.000000000000000000e+00
0.000000000000000000e+00
0.000000000000000000e+00
0.000000000000000000e+00
0.000000000000000000e+00
0.000000000000000000e+00
0.000000000000000000e+00
0.000000000000000000e+00
0.000000000000000000e+00
0.000000000000000000e+00
0.000000000000000000e+00
0.000000000000000000e+00
0.000000000000000000e+00
0.000000000000000000e+00
0.000000000000000000e+00
0.000000000000000000e+00
0.000000000000000000e+00
0.000000000000000000e+00
0.000000000000000000e+00
0.000000000000000000e+00
2.280000114440917969e+01
5.599999904632568359e+00
0.000000000000000000e+00
0.000000000000000000e+00
0.000000000000000000e+00
0.000000000000000000e+00
0.000000000000000000e+00
1.890000152587890625e+01
1.539999961853027344e+01
0.000000000000000000e+00
0.000000000000000000e+00
9.000000357627868652e-01
6.999999880790710449e-01
3.000000119209289551e-01
1.860000038146972656e+01
1.610000038146972656e+01
0.000000000000000000e+00
6.000000238418579102e-01
2.000000000000000000e+00
0.000000000000000000e+00
1.620000076293945312e+01
1.819999885559082031e+01
0.000000000000000000e+00
1.500000000000000000e+00
1.399999976158142090e+00
1.800000071525573730e+00
1.030000019073486328e+01
5.599999904632568359e+00
1.500000000000000000e+00
4.000000000000000000e+00
3.099999904632568359e+00
2.400000095367431641e+00
9.800000190734863281e+00
6.299999713897705078e+00
1.200000047683715820e+00
5.000000000000000000e+00
4.199999809265136719e+00
3.600000143051147461e+00
3.100000143051147461e+00
6.000000000000000000e+00
3.599999904632568359e+00
6.099999904632568359e+00
0.000000000000000000e+00
5.100000381469726562e+00
3.700000047683715820e+00
5.900000095367431641e+00
3.000000000000000000e+00
0.000000000000000000e+00
0.000000000000000000e+00
9.900000572204589844e+00
8.399999618530273438e+00
1.200000047683715820e+00
6.300000190734863281e+00
3.500000000000000000e+00
6.000000238418579102e-01
6.999999880790710449e-01
0.000000000000000000e+00
0.000000000000000000e+00
0.000000000000000000e+00
0.000000000000000000e+00
0.000000000000000000e+00
0.000000000000000000e+00
0.000000000000000000e+00
0.000000000000000000e+00
0.000000000000000000e+00
0.000000000000000000e+00
0.000000000000000000e+00
0.000000000000000000e+00
0.000000000000000000e+00
0.000000000000000000e+00
0.000000000000000000e+00
0.000000000000000000e+00
0.000000000000000000e+00
0.000000000000000000e+00
0.000000000000000000e+00
0.000000000000000000e+00
0.000000000000000000e+00
0.000000000000000000e+00
0.000000000000000000e+00
0.000000000000000000e+00
0.000000000000000000e+00
0.000000000000000000e+00
0.000000000000000000e+00
0.000000000000000000e+00
0.000000000000000000e+00
0.000000000000000000e+00
0.000000000000000000e+00
0.000000000000000000e+00
0.000000000000000000e+00
0.000000000000000000e+00
0.000000000000000000e+00
0.000000000000000000e+00
0.000000000000000000e+00
1.500000095367431641e+01
0.000000000000000000e+00
0.000000000000000000e+00
6.000000238418579102e-01
0.000000000000000000e+00
1.200000047683715820e+00
1.350000095367431641e+01
9.800000190734863281e+00
3.000000119209289551e-01
1.800000071525573730e+00
3.900000095367431641e+00
4.900000095367431641e+00
1.070000076293945312e+01
5.599999904632568359e+00
3.000000000000000000e+00
3.599999904632568359e+00
3.800000190734863281e+00
6.400000095367431641e+00
8.000000000000000000e+00
5.200000286102294922e+00
4.200000286102294922e+00
4.400000095367431641e+00
4.700000286102294922e+00
4.500000000000000000e+00
5.800000190734863281e+00
7.000000000000000000e+00
5.700000286102294922e+00
6.599999904632568359e+00
3.000000000000000000e+00
4.099999904632568359e+00
6.500000476837158203e+00
4.199999809265136719e+00
6.000000000000000000e+00
2.399999856948852539e+00
3.300000190734863281e+00
1.800000071525573730e+00
6.600000381469726562e+00
1.399999976158142090e+00
5.700000286102294922e+00
3.799999952316284180e+00
3.300000190734863281e+00
3.900000095367431641e+00
7.100000381469726562e+00
4.900000095367431641e+00
6.300000190734863281e+00
3.799999952316284180e+00
3.700000047683715820e+00
4.599999904632568359e+00
7.400000095367431641e+00
4.199999809265136719e+00
6.600000381469726562e+00
8.699999809265136719e+00
4.000000000000000000e+00
3.500000000000000000e+00
3.000000119209289551e-01
5.400000095367431641e+00
2.799999952316284180e+00
3.000000119209289551e-01
0.000000000000000000e+00
0.000000000000000000e+00
0.000000000000000000e+00
0.000000000000000000e+00
0.000000000000000000e+00
0.000000000000000000e+00
0.000000000000000000e+00
0.000000000000000000e+00
0.000000000000000000e+00
0.000000000000000000e+00
0.000000000000000000e+00
0.000000000000000000e+00
0.000000000000000000e+00
0.000000000000000000e+00
0.000000000000000000e+00
0.000000000000000000e+00
0.000000000000000000e+00
0.000000000000000000e+00
0.000000000000000000e+00
0.000000000000000000e+00
0.000000000000000000e+00
0.000000000000000000e+00
0.000000000000000000e+00
0.000000000000000000e+00
0.000000000000000000e+00
0.000000000000000000e+00
0.000000000000000000e+00
0.000000000000000000e+00
0.000000000000000000e+00
0.000000000000000000e+00
0.000000000000000000e+00
0.000000000000000000e+00
0.000000000000000000e+00
0.000000000000000000e+00
0.000000000000000000e+00
0.000000000000000000e+00
0.000000000000000000e+00
0.000000000000000000e+00
0.000000000000000000e+00
0.000000000000000000e+00
0.000000000000000000e+00
0.000000000000000000e+00
0.000000000000000000e+00
0.000000000000000000e+00
1.050000000000000000e+01
0.000000000000000000e+00
6.000000238418579102e-01
2.400000095367431641e+00
1.500000000000000000e+00
1.800000071525573730e+00
8.700000762939453125e+00
2.099999904632568359e+00
1.500000000000000000e+00
2.100000143051147461e+00
2.100000143051147461e+00
3.700000047683715820e+00
1.110000038146972656e+01
1.189999961853027344e+01
1.800000071525573730e+00
0.000000000000000000e+00
3.600000143051147461e+00
4.799999713897705078e+00
1.080000019073486328e+01
1.330000019073486328e+01
1.200000047683715820e+00
1.900000095367431641e+00
4.000000000000000000e+00
4.099999904632568359e+00
1.210000038146972656e+01
1.259999942779541016e+01
7.500000476837158203e+00
7.000000000000000000e+00
3.000000000000000000e+00
3.000000000000000000e+00
1.230000019073486328e+01
5.599999904632568359e+00
3.900000095367431641e+00
6.999999880790710449e-01
4.200000286102294922e+00
6.999999880790710449e-01
1.320000076293945312e+01
7.000000000000000000e+00
1.200000047683715820e+00
2.599999904632568359e+00
4.200000286102294922e+00
3.799999952316284180e+00
1.000000000000000000e+01
1.010000038146972656e+01
3.700000047683715820e+00
4.599999904632568359e+00
5.400000095367431641e+00
1.299999952316284180e+00
9.000000000000000000e+00
4.199999809265136719e+00
3.000000119209289551e-01
0.000000000000000000e+00
0.000000000000000000e+00
0.000000000000000000e+00
0.000000000000000000e+00
0.000000000000000000e+00
0.000000000000000000e+00
0.000000000000000000e+00
0.000000000000000000e+00
0.000000000000000000e+00
0.000000000000000000e+00
0.000000000000000000e+00
0.000000000000000000e+00
0.000000000000000000e+00
0.000000000000000000e+00
0.000000000000000000e+00
0.000000000000000000e+00
0.000000000000000000e+00
0.000000000000000000e+00
0.000000000000000000e+00
0.000000000000000000e+00
0.000000000000000000e+00
0.000000000000000000e+00
0.000000000000000000e+00
0.000000000000000000e+00
0.000000000000000000e+00
0.000000000000000000e+00
0.000000000000000000e+00
0.000000000000000000e+00
0.000000000000000000e+00
0.000000000000000000e+00
0.000000000000000000e+00
0.000000000000000000e+00
0.000000000000000000e+00
0.000000000000000000e+00
0.000000000000000000e+00
1.410000038146972656e+01
0.000000000000000000e+00
0.000000000000000000e+00
0.000000000000000000e+00
0.000000000000000000e+00
0.000000000000000000e+00
1.410000038146972656e+01
7.000000000000000000e+00
0.000000000000000000e+00
0.000000000000000000e+00
1.800000071525573730e+00
6.000000238418579102e-01
1.350000095367431641e+01
7.000000000000000000e+00
0.000000000000000000e+00
3.000000119209289551e-01
3.100000143051147461e+00
2.099999904632568359e+00
1.380000019073486328e+01
1.679999923706054688e+01
0.000000000000000000e+00
6.000000238418579102e-01
3.000000000000000000e+00
2.699999809265136719e+00
1.290000057220458984e+01
1.469999980926513672e+01
0.000000000000000000e+00
6.000000238418579102e-01
4.000000000000000000e+00
3.400000095367431641e+00
1.369999980926513672e+01
7.699999809265136719e+00
0.000000000000000000e+00
6.000000238418579102e-01
3.300000190734863281e+00
2.299999952316284180e+00
1.339999961853027344e+01
5.599999904632568359e+00
0.000000000000000000e+00
6.000000238418579102e-01
4.900000095367431641e+00
2.000000000000000000e+00
1.170000076293945312e+01
2.099999904632568359e+00
0.000000000000000000e+00
6.000000238418579102e-01
4.200000286102294922e+00
3.400000095367431641e+00
1.280000019073486328e+01
1.119999980926513672e+01
0.000000000000000000e+00
9.000000357627868652e-01
4.200000286102294922e+00
2.000000000000000000e+00
1.269999980926513672e+01
1.119999980926513672e+01
0.000000000000000000e+00
1.200000047683715820e+00
4.900000095367431641e+00
3.500000000000000000e+00
1.230000019073486328e+01
1.119999980926513672e+01
0.000000000000000000e+00
1.200000047683715820e+00
3.300000190734863281e+00
3.099999904632568359e+00
1.360000038146972656e+01
7.699999809265136719e+00
0.000000000000000000e+00
0.000000000000000000e+00
0.000000000000000000e+00
4.200000286102294922e+00
3.800000190734863281e+00
7.500000000000000000e+00
2.799999952316284180e+00
6.000000238418579102e-01
1.800000071525573730e+00
1.399999976158142090e+00
0.000000000000000000e+00
8.700000762939453125e+00
5.599999904632568359e+00
3.000000119209289551e-01
0.000000000000000000e+00
0.000000000000000000e+00
0.000000000000000000e+00
0.000000000000000000e+00
0.000000000000000000e+00
1.140000057220458984e+01
4.199999809265136719e+00
0.000000000000000000e+00
0.000000000000000000e+00
0.000000000000000000e+00
0.000000000000000000e+00
1.080000019073486328e+01
4.199999809265136719e+00
0.000000000000000000e+00
9.000000357627868652e-01
1.800000071525573730e+00
6.000000238418579102e-01
1.110000038146972656e+01
9.099999427795410156e+00
3.000000119209289551e-01
2.200000047683715820e+00
2.400000095367431641e+00
2.699999809265136719e+00
1.170000076293945312e+01
9.800000190734863281e+00
3.000000119209289551e-01
1.800000071525573730e+00
4.099999904632568359e+00
3.400000095367431641e+00
1.120000076293945312e+01
8.399999618530273438e+00
1.200000047683715820e+00
5.400000095367431641e+00
1.299999952316284180e+00
4.200000286102294922e+00
6.500000000000000000e+00
5.600000381469726562e+00
3.700000047683715820e+00
3.600000143051147461e+00
3.000000000000000000e+00
4.599999904632568359e+00
4.400000095367431641e+00
5.000000000000000000e+00
4.199999809265136719e+00
5.199999809265136719e+00
3.900000095367431641e+00
4.599999904632568359e+00
3.300000190734863281e+00
5.000000000000000000e+00
4.400000095367431641e+00
4.000000000000000000e+00
2.399999856948852539e+00
5.400000095367431641e+00
6.000000000000000000e+00
5.199999809265136719e+00
4.199999809265136719e+00
5.100000381469726562e+00
3.000000119209289551e-01
6.600000381469726562e+00
6.599999904632568359e+00
7.000000000000000000e+00
4.199999809265136719e+00
5.400000095367431641e+00
4.900000095367431641e+00
5.700000286102294922e+00
3.099999904632568359e+00
6.900000095367431641e+00
4.199999809265136719e+00
5.400000095367431641e+00
6.299999713897705078e+00
5.100000381469726562e+00
2.399999856948852539e+00
7.500000476837158203e+00
3.500000000000000000e+00
5.400000095367431641e+00
2.099999904632568359e+00
3.900000095367431641e+00
4.599999904632568359e+00
9.600000381469726562e+00
4.199999809265136719e+00
5.100000381469726562e+00
5.599999904632568359e+00
3.900000095367431641e+00
1.900000095367431641e+00
6.099999904632568359e+00
5.200000286102294922e+00
7.800000190734863281e+00
2.099999904632568359e+00
3.900000095367431641e+00
3.299999952316284180e+00
6.500000476837158203e+00
5.900000095367431641e+00
4.800000190734863281e+00
2.699999809265136719e+00
1.000000000000000000e+00
6.400000095367431641e+00
1.600000023841857910e+00
6.200000286102294922e+00
4.400000095367431641e+00
3.700000047683715820e+00
3.599999904632568359e+00
7.100000381469726562e+00
2.399999856948852539e+00
6.600000381469726562e+00
4.900000095367431641e+00
2.700000047683715820e+00
6.999999880790710449e-01
4.800000190734863281e+00
3.000000000000000000e+00
9.699999809265136719e+00
7.699999809265136719e+00
3.900000095367431641e+00
3.799999952316284180e+00
3.600000143051147461e+00
4.699999809265136719e+00
1.030000019073486328e+01
7.699999809265136719e+00
3.300000190734863281e+00
9.000000357627868652e-01
3.600000143051147461e+00
3.099999904632568359e+00
9.600000381469726562e+00
8.399999618530273438e+00
3.000000000000000000e+00
2.399999856948852539e+00
4.800000190734863281e+00
4.199999809265136719e+00
1.020000076293945312e+01
6.299999713897705078e+00
3.000000000000000000e+00
0.000000000000000000e+00
5.400000095367431641e+00
0.000000000000000000e+00
6.900000095367431641e+00
3.799999952316284180e+00
5.400000095367431641e+00
2.799999952316284180e+00
5.400000095367431641e+00
7.699999809265136719e+00
6.900000095367431641e+00
3.799999952316284180e+00
4.900000095367431641e+00
3.000000000000000000e+00
3.900000095367431641e+00
2.799999952316284180e+00
8.100000381469726562e+00
4.199999809265136719e+00
4.500000000000000000e+00
2.399999856948852539e+00
4.200000286102294922e+00
2.099999904632568359e+00
8.400000572204589844e+00
4.900000095367431641e+00
4.500000000000000000e+00
3.099999904632568359e+00
4.500000000000000000e+00
2.799999952316284180e+00
8.100000381469726562e+00
4.199999809265136719e+00
3.000000000000000000e+00
4.799999713897705078e+00
5.100000381469726562e+00
3.099999904632568359e+00
8.400000572204589844e+00
7.699999809265136719e+00
3.600000143051147461e+00
2.399999856948852539e+00
4.900000095367431641e+00
2.799999952316284180e+00
9.300000190734863281e+00
3.500000000000000000e+00
3.000000119209289551e-01
0.000000000000000000e+00
0.000000000000000000e+00
0.000000000000000000e+00
0.000000000000000000e+00
0.000000000000000000e+00
0.000000000000000000e+00
0.000000000000000000e+00
0.000000000000000000e+00
0.000000000000000000e+00
0.000000000000000000e+00
0.000000000000000000e+00
0.000000000000000000e+00
0.000000000000000000e+00
0.000000000000000000e+00
0.000000000000000000e+00
0.000000000000000000e+00
0.000000000000000000e+00
0.000000000000000000e+00
0.000000000000000000e+00
0.000000000000000000e+00
0.000000000000000000e+00
0.000000000000000000e+00
0.000000000000000000e+00
0.000000000000000000e+00
0.000000000000000000e+00
0.000000000000000000e+00
0.000000000000000000e+00
0.000000000000000000e+00
0.000000000000000000e+00
0.000000000000000000e+00
0.000000000000000000e+00
0.000000000000000000e+00
0.000000000000000000e+00
0.000000000000000000e+00
0.000000000000000000e+00
0.000000000000000000e+00
0.000000000000000000e+00
0.000000000000000000e+00
1.380000019073486328e+01
0.000000000000000000e+00
0.000000000000000000e+00
0.000000000000000000e+00
3.000000119209289551e-01
6.000000238418579102e-01
1.560000038146972656e+01
7.699999809265136719e+00
0.000000000000000000e+00
0.000000000000000000e+00
6.000000238418579102e-01
6.000000238418579102e-01
1.500000095367431641e+01
9.800000190734863281e+00
0.000000000000000000e+00
3.000000119209289551e-01
2.100000143051147461e+00
6.000000238418579102e-01
1.510000038146972656e+01
1.119999980926513672e+01
3.000000119209289551e-01
0.000000000000000000e+00
2.400000095367431641e+00
1.000000000000000000e+00
1.470000076293945312e+01
1.469999980926513672e+01
3.000000119209289551e-01
3.000000119209289551e-01
4.099999904632568359e+00
1.000000000000000000e+00
1.470000076293945312e+01
1.050000000000000000e+01
3.000000119209289551e-01
1.700000047683715820e+00
2.400000095367431641e+00
1.700000047683715820e+00
1.500000095367431641e+01
1.259999942779541016e+01
3.000000119209289551e-01
3.000000119209289551e-01
2.400000095367431641e+00
1.000000000000000000e+00
1.530000019073486328e+01
5.599999904632568359e+00
0.000000000000000000e+00
0.000000000000000000e+00
0.000000000000000000e+00
0.000000000000000000e+00
0.000000000000000000e+00
0.000000000000000000e+00
0.000000000000000000e+00
1.530000019073486328e+01
9.800000190734863281e+00
0.000000000000000000e+00
0.000000000000000000e+00
3.000000119209289551e-01
0.000000000000000000e+00
0.000000000000000000e+00
0.000000000000000000e+00
0.000000000000000000e+00
0.000000000000000000e+00
0.000000000000000000e+00
0.000000000000000000e+00
0.000000000000000000e+00
0.000000000000000000e+00
0.000000000000000000e+00
0.000000000000000000e+00
0.000000000000000000e+00
0.000000000000000000e+00
0.000000000000000000e+00
0.000000000000000000e+00
0.000000000000000000e+00
0.000000000000000000e+00
0.000000000000000000e+00
0.000000000000000000e+00
0.000000000000000000e+00
0.000000000000000000e+00
0.000000000000000000e+00
0.000000000000000000e+00
0.000000000000000000e+00
0.000000000000000000e+00
0.000000000000000000e+00
0.000000000000000000e+00
0.000000000000000000e+00
0.000000000000000000e+00
0.000000000000000000e+00
0.000000000000000000e+00
0.000000000000000000e+00
0.000000000000000000e+00
0.000000000000000000e+00
0.000000000000000000e+00
0.000000000000000000e+00
0.000000000000000000e+00
0.000000000000000000e+00
0.000000000000000000e+00
0.000000000000000000e+00
0.000000000000000000e+00
1.560000038146972656e+01
0.000000000000000000e+00
0.000000000000000000e+00
0.000000000000000000e+00
0.000000000000000000e+00
0.000000000000000000e+00
1.410000038146972656e+01
6.999999880790710449e-01
0.000000000000000000e+00
3.000000119209289551e-01
1.200000047683715820e+00
2.400000095367431641e+00
6.999999880790710449e-01
7.200000286102294922e+00
4.799999713897705078e+00
3.100000143051147461e+00
4.599999904632568359e+00
5.000000000000000000e+00
4.199999809265136719e+00
7.500000476837158203e+00
4.900000095367431641e+00
3.000000000000000000e+00
5.300000190734863281e+00
4.599999904632568359e+00
4.000000000000000000e+00
6.300000190734863281e+00
8.699999809265136719e+00
5.199999809265136719e+00
5.800000190734863281e+00
4.800000190734863281e+00
6.299999713897705078e+00
6.300000190734863281e+00
2.799999952316284180e+00
5.400000095367431641e+00
5.200000286102294922e+00
6.600000381469726562e+00
4.199999809265136719e+00
6.000000000000000000e+00
2.099999904632568359e+00
5.400000095367431641e+00
2.399999856948852539e+00
6.000000000000000000e+00
2.099999904632568359e+00
6.000000000000000000e+00
2.099999904632568359e+00
3.900000095367431641e+00
2.099999904632568359e+00
7.200000286102294922e+00
3.099999904632568359e+00
0.000000000000000000e+00
6.000000000000000000e+00
2.299999952316284180e+00
5.500000000000000000e+00
1.000000000000000000e+00
7.700000286102294922e+00
5.599999904632568359e+00
6.900000095367431641e+00
4.900000095367431641e+00
1.500000000000000000e+00
0.000000000000000000e+00
8.100000381469726562e+00
8.399999618530273438e+00
6.000000238418579102e-01
0.000000000000000000e+00
0.000000000000000000e+00
0.000000000000000000e+00
0.000000000000000000e+00
0.000000000000000000e+00
0.000000000000000000e+00
0.000000000000000000e+00
0.000000000000000000e+00
0.000000000000000000e+00
0.000000000000000000e+00
0.000000000000000000e+00
0.000000000000000000e+00
0.000000000000000000e+00
0.000000000000000000e+00
0.000000000000000000e+00
0.000000000000000000e+00
0.000000000000000000e+00
0.000000000000000000e+00
0.000000000000000000e+00
0.000000000000000000e+00
0.000000000000000000e+00
0.000000000000000000e+00
0.000000000000000000e+00
0.000000000000000000e+00
0.000000000000000000e+00
0.000000000000000000e+00
0.000000000000000000e+00
0.000000000000000000e+00
0.000000000000000000e+00
0.000000000000000000e+00
0.000000000000000000e+00
0.000000000000000000e+00
1.320000076293945312e+01
0.000000000000000000e+00
0.000000000000000000e+00
0.000000000000000000e+00
0.000000000000000000e+00
0.000000000000000000e+00
1.320000076293945312e+01
4.900000095367431641e+00
0.000000000000000000e+00
0.000000000000000000e+00
0.000000000000000000e+00
0.000000000000000000e+00
1.320000076293945312e+01
6.299999713897705078e+00
0.000000000000000000e+00
0.000000000000000000e+00
3.000000119209289551e-01
9.000000357627868652e-01
1.170000076293945312e+01
7.699999809265136719e+00
0.000000000000000000e+00
0.000000000000000000e+00
2.100000143051147461e+00
2.400000095367431641e+00
1.010000038146972656e+01
4.900000095367431641e+00
6.000000238418579102e-01
2.500000000000000000e+00
5.099999904632568359e+00
2.099999904632568359e+00
1.080000019073486328e+01
1.469999980926513672e+01
6.000000238418579102e-01
1.800000071525573730e+00
2.700000047683715820e+00
2.299999952316284180e+00
1.110000038146972656e+01
5.599999904632568359e+00
6.000000238418579102e-01
2.800000190734863281e+00
4.500000000000000000e+00
1.299999952316284180e+00
1.240000057220458984e+01
8.399999618530273438e+00
6.000000238418579102e-01
3.100000143051147461e+00
3.500000000000000000e+00
1.399999976158142090e+00
1.020000076293945312e+01
3.500000000000000000e+00
9.000000357627868652e-01
1.800000071525573730e+00
6.999999880790710449e-01
3.000000000000000000e+00
4.300000190734863281e+00
6.300000190734863281e+00
2.599999904632568359e+00
4.599999904632568359e+00
1.399999976158142090e+00
0.000000000000000000e+00
0.000000000000000000e+00
0.000000000000000000e+00
0.000000000000000000e+00
0.000000000000000000e+00
0.000000000000000000e+00
0.000000000000000000e+00
0.000000000000000000e+00
0.000000000000000000e+00
0.000000000000000000e+00
0.000000000000000000e+00
0.000000000000000000e+00
0.000000000000000000e+00
0.000000000000000000e+00
0.000000000000000000e+00
0.000000000000000000e+00
0.000000000000000000e+00
0.000000000000000000e+00
0.000000000000000000e+00
0.000000000000000000e+00
0.000000000000000000e+00
0.000000000000000000e+00
0.000000000000000000e+00
0.000000000000000000e+00
0.000000000000000000e+00
0.000000000000000000e+00
0.000000000000000000e+00
0.000000000000000000e+00
0.000000000000000000e+00
0.000000000000000000e+00
0.000000000000000000e+00
0.000000000000000000e+00
0.000000000000000000e+00
0.000000000000000000e+00
0.000000000000000000e+00
1.500000095367431641e+01
0.000000000000000000e+00
0.000000000000000000e+00
0.000000000000000000e+00
6.000000238418579102e-01
0.000000000000000000e+00
1.500000095367431641e+01
7.000000000000000000e+00
0.000000000000000000e+00
0.000000000000000000e+00
6.000000238418579102e-01
3.000000119209289551e-01
1.560000038146972656e+01
1.119999980926513672e+01
0.000000000000000000e+00
0.000000000000000000e+00
6.000000238418579102e-01
3.000000119209289551e-01
1.620000076293945312e+01
1.259999942779541016e+01
0.000000000000000000e+00
0.000000000000000000e+00
6.000000238418579102e-01
1.200000047683715820e+00
1.420000076293945312e+01
7.699999809265136719e+00
0.000000000000000000e+00
0.000000000000000000e+00
6.000000238418579102e-01
2.100000143051147461e+00
1.200000000000000000e+01
1.259999942779541016e+01
0.000000000000000000e+00
2.400000095367431641e+00
1.600000023841857910e+00
2.000000000000000000e+00
1.410000038146972656e+01
7.000000000000000000e+00
0.000000000000000000e+00
2.400000095367431641e+00
2.699999809265136719e+00
1.200000047683715820e+00
1.290000057220458984e+01
9.099999427795410156e+00
0.000000000000000000e+00
3.300000190734863281e+00
1.299999952316284180e+00
1.200000047683715820e+00
1.320000076293945312e+01
7.699999809265136719e+00
0.000000000000000000e+00
3.300000190734863281e+00
3.500000000000000000e+00
1.800000071525573730e+00
1.110000038146972656e+01
2.799999952316284180e+00
0.000000000000000000e+00
0.000000000000000000e+00
0.000000000000000000e+00
0.000000000000000000e+00
0.000000000000000000e+00
0.000000000000000000e+00
0.000000000000000000e+00
0.000000000000000000e+00
0.000000000000000000e+00
0.000000000000000000e+00
0.000000000000000000e+00
0.000000000000000000e+00
0.000000000000000000e+00
0.000000000000000000e+00
0.000000000000000000e+00
0.000000000000000000e+00
0.000000000000000000e+00
0.000000000000000000e+00
0.000000000000000000e+00
0.000000000000000000e+00
0.000000000000000000e+00
0.000000000000000000e+00
0.000000000000000000e+00
0.000000000000000000e+00
0.000000000000000000e+00
0.000000000000000000e+00
0.000000000000000000e+00
0.000000000000000000e+00
0.000000000000000000e+00
0.000000000000000000e+00
0.000000000000000000e+00
0.000000000000000000e+00
0.000000000000000000e+00
0.000000000000000000e+00
0.000000000000000000e+00
0.000000000000000000e+00
0.000000000000000000e+00
0.000000000000000000e+00
0.000000000000000000e+00
0.000000000000000000e+00
1.470000076293945312e+01
0.000000000000000000e+00
0.000000000000000000e+00
0.000000000000000000e+00
3.000000119209289551e-01
0.000000000000000000e+00
1.680000114440917969e+01
4.199999809265136719e+00
0.000000000000000000e+00
0.000000000000000000e+00
3.000000119209289551e-01
0.000000000000000000e+00
1.770000076293945312e+01
1.050000000000000000e+01
0.000000000000000000e+00
0.000000000000000000e+00
7.200000286102294922e+00
6.299999713897705078e+00
1.560000038146972656e+01
1.400000000000000000e+01
0.000000000000000000e+00
3.000000119209289551e-01
7.300000190734863281e+00
6.299999713897705078e+00
1.470000076293945312e+01
1.750000000000000000e+01
0.000000000000000000e+00
6.000000238418579102e-01
6.500000476837158203e+00
1.399999976158142090e+00
1.530000019073486328e+01
4.900000095367431641e+00
0.000000000000000000e+00
6.000000238418579102e-01
5.800000190734863281e+00
6.999999880790710449e-01
1.530000019073486328e+01
3.500000000000000000e+00
0.000000000000000000e+00
6.000000238418579102e-01
5.100000381469726562e+00
6.999999880790710449e-01
1.530000019073486328e+01
5.599999904632568359e+00
0.000000000000000000e+00
6.000000238418579102e-01
5.100000381469726562e+00
4.900000095367431641e+00
1.410000038146972656e+01
1.050000000000000000e+01
0.000000000000000000e+00
1.200000047683715820e+00
2.700000047683715820e+00
3.000000000000000000e+00
1.440000057220458984e+01
1.469999980926513672e+01
0.000000000000000000e+00
1.200000047683715820e+00
3.000000000000000000e+00
1.399999976158142090e+00
1.500000095367431641e+01
7.000000000000000000e+00
0.000000000000000000e+00
1.200000047683715820e+00
3.000000000000000000e+00
2.799999952316284180e+00
1.320000076293945312e+01
6.299999713897705078e+00
0.000000000000000000e+00
1.200000047683715820e+00
5.300000190734863281e+00
2.299999952316284180e+00
1.260000038146972656e+01
7.699999809265136719e+00
0.000000000000000000e+00
1.500000000000000000e+00
3.700000047683715820e+00
9.000000357627868652e-01
1.450000000000000000e+01
8.399999618530273438e+00
0.000000000000000000e+00
1.800000071525573730e+00
2.700000047683715820e+00
2.399999856948852539e+00
1.450000000000000000e+01
1.119999980926513672e+01
0.000000000000000000e+00
2.100000143051147461e+00
4.199999809265136719e+00
9.000000357627868652e-01
1.410000038146972656e+01
8.399999618530273438e+00
0.000000000000000000e+00
2.100000143051147461e+00
3.500000000000000000e+00
1.399999976158142090e+00
1.440000057220458984e+01
7.000000000000000000e+00
0.000000000000000000e+00
2.100000143051147461e+00
3.500000000000000000e+00
1.700000047683715820e+00
1.440000057220458984e+01
7.000000000000000000e+00
0.000000000000000000e+00
2.100000143051147461e+00
2.100000143051147461e+00
2.099999904632568359e+00
1.470000076293945312e+01
8.399999618530273438e+00
0.000000000000000000e+00
2.100000143051147461e+00
2.100000143051147461e+00
1.399999976158142090e+00
1.440000057220458984e+01
9.099999427795410156e+00
0.000000000000000000e+00
2.100000143051147461e+00
2.100000143051147461e+00
1.399999976158142090e+00
1.410000038146972656e+01
1.050000000000000000e+01
0.000000000000000000e+00
2.100000143051147461e+00
2.800000190734863281e+00
1.399999976158142090e+00
1.380000019073486328e+01
6.299999713897705078e+00
0.000000000000000000e+00
2.100000143051147461e+00
3.500000000000000000e+00
0.000000000000000000e+00
1.410000038146972656e+01
1.050000000000000000e+01
0.000000000000000000e+00
2.100000143051147461e+00
3.500000000000000000e+00
3.000000119209289551e-01
1.480000019073486328e+01
8.399999618530273438e+00
0.000000000000000000e+00
2.100000143051147461e+00
2.800000190734863281e+00
1.399999976158142090e+00
1.440000057220458984e+01
9.099999427795410156e+00
0.000000000000000000e+00
2.100000143051147461e+00
2.800000190734863281e+00
1.399999976158142090e+00
1.440000057220458984e+01
4.900000095367431641e+00
0.000000000000000000e+00
2.100000143051147461e+00
3.500000000000000000e+00
1.399999976158142090e+00
1.440000057220458984e+01
9.099999427795410156e+00
0.000000000000000000e+00
2.100000143051147461e+00
2.100000143051147461e+00
1.399999976158142090e+00
1.440000057220458984e+01
1.050000000000000000e+01
0.000000000000000000e+00
2.100000143051147461e+00
2.800000190734863281e+00
1.399999976158142090e+00
1.440000057220458984e+01
9.099999427795410156e+00
0.000000000000000000e+00
2.100000143051147461e+00
2.800000190734863281e+00
6.999999880790710449e-01
1.050000000000000000e+01
4.199999809265136719e+00
6.000000238418579102e-01
1.800000071525573730e+00
4.300000190734863281e+00
1.600000023841857910e+00
1.080000019073486328e+01
7.000000000000000000e+00
6.000000238418579102e-01
6.999999880790710449e-01
5.400000095367431641e+00
2.399999856948852539e+00
1.180000019073486328e+01
8.399999618530273438e+00
6.000000238418579102e-01
6.999999880790710449e-01
5.400000095367431641e+00
3.099999904632568359e+00
1.080000019073486328e+01
4.900000095367431641e+00
6.000000238418579102e-01
3.000000119209289551e-01
6.099999904632568359e+00
2.099999904632568359e+00
1.080000019073486328e+01
7.699999809265136719e+00
6.000000238418579102e-01
3.000000119209289551e-01
5.700000286102294922e+00
2.799999952316284180e+00
1.050000000000000000e+01
5.599999904632568359e+00
6.000000238418579102e-01
1.700000047683715820e+00
6.000000000000000000e+00
2.799999952316284180e+00
1.050000000000000000e+01
4.900000095367431641e+00
6.000000238418579102e-01
1.000000000000000000e+00
6.000000000000000000e+00
6.999999880790710449e-01
1.050000000000000000e+01
7.699999809265136719e+00
6.000000238418579102e-01
3.000000119209289551e-01
6.300000190734863281e+00
2.799999952316284180e+00
1.050000000000000000e+01
4.900000095367431641e+00
6.000000238418579102e-01
1.000000000000000000e+00
6.300000190734863281e+00
4.199999809265136719e+00
1.050000000000000000e+01
7.000000000000000000e+00
6.000000238418579102e-01
3.000000119209289551e-01
6.600000381469726562e+00
3.500000000000000000e+00
1.020000076293945312e+01
5.599999904632568359e+00
3.000000119209289551e-01
1.200000047683715820e+00
6.300000190734863281e+00
3.099999904632568359e+00
9.900000572204589844e+00
9.800000190734863281e+00
3.000000119209289551e-01
9.000000357627868652e-01
0.000000000000000000e+00
3.000000000000000000e+00
5.000000000000000000e+00
8.000000000000000000e+00
2.599999904632568359e+00
3.600000143051147461e+00
1.000000000000000000e+00
3.300000190734863281e+00
6.999999880790710449e-01
7.200000286102294922e+00
6.999999880790710449e-01
0.000000000000000000e+00
0.000000000000000000e+00
0.000000000000000000e+00
0.000000000000000000e+00
0.000000000000000000e+00
0.000000000000000000e+00
0.000000000000000000e+00
0.000000000000000000e+00
0.000000000000000000e+00
0.000000000000000000e+00
0.000000000000000000e+00
0.000000000000000000e+00
0.000000000000000000e+00
0.000000000000000000e+00
0.000000000000000000e+00
0.000000000000000000e+00
0.000000000000000000e+00
0.000000000000000000e+00
0.000000000000000000e+00
0.000000000000000000e+00
0.000000000000000000e+00
0.000000000000000000e+00
0.000000000000000000e+00
0.000000000000000000e+00
0.000000000000000000e+00
0.000000000000000000e+00
0.000000000000000000e+00
0.000000000000000000e+00
0.000000000000000000e+00
0.000000000000000000e+00
0.000000000000000000e+00
0.000000000000000000e+00
0.000000000000000000e+00
0.000000000000000000e+00
0.000000000000000000e+00
2.490000152587890625e+01
2.099999904632568359e+00
0.000000000000000000e+00
0.000000000000000000e+00
0.000000000000000000e+00
0.000000000000000000e+00
2.490000152587890625e+01
2.100000000000000000e+01
0.000000000000000000e+00
0.000000000000000000e+00
0.000000000000000000e+00
0.000000000000000000e+00
2.490000152587890625e+01
1.819999885559082031e+01
0.000000000000000000e+00
0.000000000000000000e+00
0.000000000000000000e+00
0.000000000000000000e+00
2.490000152587890625e+01
2.029999923706054688e+01
0.000000000000000000e+00
0.000000000000000000e+00
0.000000000000000000e+00
0.000000000000000000e+00
2.490000152587890625e+01
6.299999713897705078e+00
0.000000000000000000e+00
0.000000000000000000e+00
0.000000000000000000e+00
0.000000000000000000e+00
2.490000152587890625e+01
7.000000000000000000e+00
0.000000000000000000e+00
0.000000000000000000e+00
0.000000000000000000e+00
0.000000000000000000e+00
2.490000152587890625e+01
2.100000000000000000e+01
0.000000000000000000e+00
0.000000000000000000e+00
0.000000000000000000e+00
0.000000000000000000e+00
1.800000000000000000e+01
1.119999980926513672e+01
3.000000119209289551e-01
1.500000000000000000e+00
9.000000357627868652e-01
6.000000238418579102e-01
1.290000057220458984e+01
7.699999809265136719e+00
3.000000119209289551e-01
3.000000119209289551e-01
0.000000000000000000e+00
4.800000190734863281e+00
7.400000095367431641e+00
8.000000000000000000e+00
2.799999952316284180e+00
0.000000000000000000e+00
0.000000000000000000e+00
3.000000000000000000e+00
0.000000000000000000e+00
0.000000000000000000e+00
0.000000000000000000e+00
0.000000000000000000e+00
0.000000000000000000e+00
0.000000000000000000e+00
0.000000000000000000e+00
0.000000000000000000e+00
0.000000000000000000e+00
0.000000000000000000e+00
0.000000000000000000e+00
0.000000000000000000e+00
0.000000000000000000e+00
0.000000000000000000e+00
0.000000000000000000e+00
0.000000000000000000e+00
0.000000000000000000e+00
0.000000000000000000e+00
0.000000000000000000e+00
0.000000000000000000e+00
0.000000000000000000e+00
0.000000000000000000e+00
0.000000000000000000e+00
0.000000000000000000e+00
0.000000000000000000e+00
0.000000000000000000e+00
0.000000000000000000e+00
0.000000000000000000e+00
0.000000000000000000e+00
0.000000000000000000e+00
0.000000000000000000e+00
0.000000000000000000e+00
0.000000000000000000e+00
0.000000000000000000e+00
1.530000019073486328e+01
0.000000000000000000e+00
0.000000000000000000e+00
0.000000000000000000e+00
0.000000000000000000e+00
0.000000000000000000e+00
1.290000057220458984e+01
2.099999904632568359e+00
0.000000000000000000e+00
0.000000000000000000e+00
6.000000238418579102e-01
1.200000047683715820e+00
1.230000019073486328e+01
4.900000095367431641e+00
0.000000000000000000e+00
9.000000357627868652e-01
9.000000357627868652e-01
2.100000143051147461e+00
1.119999980926513672e+01
4.199999809265136719e+00
0.000000000000000000e+00
0.000000000000000000e+00
3.000000000000000000e+00
6.999999880790710449e-01
1.140000057220458984e+01
7.699999809265136719e+00
0.000000000000000000e+00
6.000000238418579102e-01
4.599999904632568359e+00
1.700000047683715820e+00
1.240000057220458984e+01
5.599999904632568359e+00
0.000000000000000000e+00
6.000000238418579102e-01
3.900000095367431641e+00
3.500000000000000000e+00
1.290000057220458984e+01
1.050000000000000000e+01
0.000000000000000000e+00
6.000000238418579102e-01
4.599999904632568359e+00
2.799999952316284180e+00
1.320000076293945312e+01
1.050000000000000000e+01
0.000000000000000000e+00
6.000000238418579102e-01
3.900000095367431641e+00
1.399999976158142090e+00
1.380000019073486328e+01
1.050000000000000000e+01
0.000000000000000000e+00
9.000000357627868652e-01
4.900000095367431641e+00
6.999999880790710449e-01
1.350000095367431641e+01
4.900000095367431641e+00
0.000000000000000000e+00
9.000000357627868652e-01
0.000000000000000000e+00
0.000000000000000000e+00
0.000000000000000000e+00
1.290000057220458984e+01
4.900000095367431641e+00
3.000000119209289551e-01
0.000000000000000000e+00
0.000000000000000000e+00
0.000000000000000000e+00
0.000000000000000000e+00
0.000000000000000000e+00
0.000000000000000000e+00
0.000000000000000000e+00
0.000000000000000000e+00
0.000000000000000000e+00
0.000000000000000000e+00
0.000000000000000000e+00
0.000000000000000000e+00
0.000000000000000000e+00
0.000000000000000000e+00
0.000000000000000000e+00
0.000000000000000000e+00
0.000000000000000000e+00
0.000000000000000000e+00
0.000000000000000000e+00
0.000000000000000000e+00
0.000000000000000000e+00
0.000000000000000000e+00
0.000000000000000000e+00
0.000000000000000000e+00
0.000000000000000000e+00
0.000000000000000000e+00
0.000000000000000000e+00
0.000000000000000000e+00
0.000000000000000000e+00
0.000000000000000000e+00
0.000000000000000000e+00
0.000000000000000000e+00
0.000000000000000000e+00
0.000000000000000000e+00
0.000000000000000000e+00
0.000000000000000000e+00
1.410000038146972656e+01
0.000000000000000000e+00
0.000000000000000000e+00
0.000000000000000000e+00
0.000000000000000000e+00
0.000000000000000000e+00
1.500000095367431641e+01
6.999999880790710449e-01
0.000000000000000000e+00
0.000000000000000000e+00
0.000000000000000000e+00
1.800000071525573730e+00
1.260000038146972656e+01
7.000000000000000000e+00
0.000000000000000000e+00
9.000000357627868652e-01
6.000000238418579102e-01
0.000000000000000000e+00
1.530000019073486328e+01
5.599999904632568359e+00
0.000000000000000000e+00
9.000000357627868652e-01
6.000000238418579102e-01
0.000000000000000000e+00
1.560000038146972656e+01
1.679999923706054688e+01
0.000000000000000000e+00
9.000000357627868652e-01
1.299999952316284180e+00
1.000000000000000000e+00
1.560000038146972656e+01
1.189999961853027344e+01
5.100000381469726562e+00
3.500000000000000000e+00
1.500000000000000000e+00
6.000000238418579102e-01
1.650000000000000000e+01
1.189999961853027344e+01
3.000000000000000000e+00
3.500000000000000000e+00
1.800000071525573730e+00
1.299999952316284180e+00
1.260000038146972656e+01
4.199999809265136719e+00
3.000000000000000000e+00
3.000000000000000000e+00
1.200000047683715820e+00
4.000000000000000000e+00
7.599999904632568359e+00
6.999999880790710449e-01
5.400000095367431641e+00
4.799999713897705078e+00
1.500000000000000000e+00
2.100000143051147461e+00
0.000000000000000000e+00
4.500000000000000000e+00
6.999999880790710449e-01
0.000000000000000000e+00
0.000000000000000000e+00
0.000000000000000000e+00
0.000000000000000000e+00
0.000000000000000000e+00
0.000000000000000000e+00
0.000000000000000000e+00
0.000000000000000000e+00
0.000000000000000000e+00
0.000000000000000000e+00
0.000000000000000000e+00
0.000000000000000000e+00
0.000000000000000000e+00
0.000000000000000000e+00
0.000000000000000000e+00
0.000000000000000000e+00
0.000000000000000000e+00
0.000000000000000000e+00
0.000000000000000000e+00
0.000000000000000000e+00
0.000000000000000000e+00
0.000000000000000000e+00
0.000000000000000000e+00
0.000000000000000000e+00
0.000000000000000000e+00
0.000000000000000000e+00
0.000000000000000000e+00
0.000000000000000000e+00
0.000000000000000000e+00
0.000000000000000000e+00
0.000000000000000000e+00
0.000000000000000000e+00
0.000000000000000000e+00
0.000000000000000000e+00
0.000000000000000000e+00
0.000000000000000000e+00
0.000000000000000000e+00
1.020000076293945312e+01
0.000000000000000000e+00
1.200000047683715820e+00
2.700000047683715820e+00
9.000000357627868652e-01
0.000000000000000000e+00
1.110000038146972656e+01
6.999999880790710449e-01
1.200000047683715820e+00
2.100000143051147461e+00
1.200000047683715820e+00
9.000000357627868652e-01
1.080000019073486328e+01
6.299999713897705078e+00
1.500000000000000000e+00
9.000000357627868652e-01
2.800000190734863281e+00
2.200000047683715820e+00
1.000000000000000000e+01
3.500000000000000000e+00
1.500000000000000000e+00
3.700000047683715820e+00
2.400000095367431641e+00
4.900000095367431641e+00
8.500000000000000000e+00
4.199999809265136719e+00
3.600000143051147461e+00
2.399999856948852539e+00
4.300000190734863281e+00
1.399999976158142090e+00
9.300000190734863281e+00
6.299999713897705078e+00
3.600000143051147461e+00
2.399999856948852539e+00
4.900000095367431641e+00
1.399999976158142090e+00
9.900000572204589844e+00
1.330000019073486328e+01
3.000000000000000000e+00
1.700000047683715820e+00
4.800000190734863281e+00
4.199999809265136719e+00
9.600000381469726562e+00
3.500000000000000000e+00
3.000000000000000000e+00
3.000000119209289551e-01
5.100000381469726562e+00
2.099999904632568359e+00
9.900000572204589844e+00
6.299999713897705078e+00
3.000000000000000000e+00
1.399999976158142090e+00
5.400000095367431641e+00
6.999999880790710449e-01
0.000000000000000000e+00
8.400000572204589844e+00
0.000000000000000000e+00
0.000000000000000000e+00
0.000000000000000000e+00
0.000000000000000000e+00
0.000000000000000000e+00
0.000000000000000000e+00
0.000000000000000000e+00
0.000000000000000000e+00
0.000000000000000000e+00
0.000000000000000000e+00
0.000000000000000000e+00
0.000000000000000000e+00
0.000000000000000000e+00
0.000000000000000000e+00
0.000000000000000000e+00
0.000000000000000000e+00
0.000000000000000000e+00
0.000000000000000000e+00
0.000000000000000000e+00
0.000000000000000000e+00
0.000000000000000000e+00
0.000000000000000000e+00
0.000000000000000000e+00
0.000000000000000000e+00
0.000000000000000000e+00
0.000000000000000000e+00
0.000000000000000000e+00
0.000000000000000000e+00
0.000000000000000000e+00
0.000000000000000000e+00
0.000000000000000000e+00
0.000000000000000000e+00
0.000000000000000000e+00
0.000000000000000000e+00
0.000000000000000000e+00
0.000000000000000000e+00
1.320000076293945312e+01
0.000000000000000000e+00
0.000000000000000000e+00
0.000000000000000000e+00
0.000000000000000000e+00
0.000000000000000000e+00
1.440000057220458984e+01
1.399999976158142090e+00
0.000000000000000000e+00
3.000000119209289551e-01
3.000000119209289551e-01
6.000000238418579102e-01
1.500000095367431641e+01
4.900000095367431641e+00
0.000000000000000000e+00
6.000000238418579102e-01
9.000000357627868652e-01
1.299999952316284180e+00
1.530000019073486328e+01
1.119999980926513672e+01
0.000000000000000000e+00
0.000000000000000000e+00
1.500000000000000000e+00
1.299999952316284180e+00
1.500000095367431641e+01
9.800000190734863281e+00
0.000000000000000000e+00
0.000000000000000000e+00
1.500000000000000000e+00
6.000000238418579102e-01
1.500000095367431641e+01
1.050000000000000000e+01
0.000000000000000000e+00
0.000000000000000000e+00
1.500000000000000000e+00
9.000000357627868652e-01
1.500000095367431641e+01
1.119999980926513672e+01
0.000000000000000000e+00
0.000000000000000000e+00
1.500000000000000000e+00
1.600000023841857910e+00
1.500000095367431641e+01
7.699999809265136719e+00
0.000000000000000000e+00
0.000000000000000000e+00
1.500000000000000000e+00
1.200000047683715820e+00
1.470000076293945312e+01
9.099999427795410156e+00
0.000000000000000000e+00
0.000000000000000000e+00
1.500000000000000000e+00
1.500000000000000000e+00
1.290000057220458984e+01
4.199999809265136719e+00
0.000000000000000000e+00
0.000000000000000000e+00
2.400000095367431641e+00
6.000000238418579102e-01
1.470000076293945312e+01
7.000000000000000000e+00
0.000000000000000000e+00
0.000000000000000000e+00
2.400000095367431641e+00
2.000000000000000000e+00
1.440000057220458984e+01
1.189999961853027344e+01
0.000000000000000000e+00
0.000000000000000000e+00
2.400000095367431641e+00
1.299999952316284180e+00
1.480000019073486328e+01
6.299999713897705078e+00
0.000000000000000000e+00
3.000000119209289551e-01
2.700000047683715820e+00
3.000000119209289551e-01
1.470000076293945312e+01
5.599999904632568359e+00
0.000000000000000000e+00
0.000000000000000000e+00
3.000000000000000000e+00
0.000000000000000000e+00
1.500000095367431641e+01
1.119999980926513672e+01
0.000000000000000000e+00
0.000000000000000000e+00
3.000000000000000000e+00
0.000000000000000000e+00
1.500000095367431641e+01
9.800000190734863281e+00
0.000000000000000000e+00
0.000000000000000000e+00
3.000000000000000000e+00
6.999999880790710449e-01
2.070000076293945312e+01
7.699999809265136719e+00
0.000000000000000000e+00
0.000000000000000000e+00
3.000000000000000000e+00
6.999999880790710449e-01
1.950000000000000000e+01
1.539999961853027344e+01
0.000000000000000000e+00
0.000000000000000000e+00
3.000000000000000000e+00
1.399999976158142090e+00
1.800000000000000000e+01
9.800000190734863281e+00
0.000000000000000000e+00
0.000000000000000000e+00
3.000000000000000000e+00
6.999999880790710449e-01
1.800000000000000000e+01
9.099999427795410156e+00
0.000000000000000000e+00
0.000000000000000000e+00
3.000000000000000000e+00
0.000000000000000000e+00
1.800000000000000000e+01
1.050000000000000000e+01
0.000000000000000000e+00
0.000000000000000000e+00
3.000000000000000000e+00
0.000000000000000000e+00
1.800000000000000000e+01
9.800000190734863281e+00
0.000000000000000000e+00
0.000000000000000000e+00
3.000000000000000000e+00
0.000000000000000000e+00
1.830000114440917969e+01
7.699999809265136719e+00
0.000000000000000000e+00
0.000000000000000000e+00
3.000000000000000000e+00
2.099999904632568359e+00
1.710000038146972656e+01
5.599999904632568359e+00
0.000000000000000000e+00
0.000000000000000000e+00
3.000000000000000000e+00
6.999999880790710449e-01
1.680000114440917969e+01
1.539999961853027344e+01
0.000000000000000000e+00
0.000000000000000000e+00
3.000000000000000000e+00
6.999999880790710449e-01
0.000000000000000000e+00
1.050000000000000000e+01
2.799999952316284180e+00
1.200000047683715820e+00
5.100000381469726562e+00
6.999999880790710449e-01
9.000000357627868652e-01
1.250000000000000000e+01
3.500000000000000000e+00
1.200000047683715820e+00
5.100000381469726562e+00
4.199999809265136719e+00
1.200000047683715820e+00
9.900000572204589844e+00
9.099999427795410156e+00
1.500000000000000000e+00
3.900000095367431641e+00
1.700000047683715820e+00
1.800000071525573730e+00
1.090000057220458984e+01
5.599999904632568359e+00
1.500000000000000000e+00
3.900000095367431641e+00
1.399999976158142090e+00
2.400000095367431641e+00
6.099999904632568359e+00
5.000000000000000000e+00
5.199999809265136719e+00
3.099999904632568359e+00
1.800000071525573730e+00
3.300000190734863281e+00
3.400000095367431641e+00
4.700000286102294922e+00
6.999999880790710449e-01
3.900000095367431641e+00
3.099999904632568359e+00
7.800000190734863281e+00
1.399999976158142090e+00
3.600000143051147461e+00
2.699999809265136719e+00
5.700000286102294922e+00
2.099999904632568359e+00
7.500000476837158203e+00
4.199999809265136719e+00
3.600000143051147461e+00
2.299999952316284180e+00
5.400000095367431641e+00
6.299999713897705078e+00
7.500000476837158203e+00
2.799999952316284180e+00
3.600000143051147461e+00
1.299999952316284180e+00
6.099999904632568359e+00
1.399999976158142090e+00
7.500000476837158203e+00
2.099999904632568359e+00
6.000000238418579102e-01
3.600000143051147461e+00
4.700000286102294922e+00
4.300000190734863281e+00
6.000000000000000000e+00
2.399999856948852539e+00
2.100000143051147461e+00
3.600000143051147461e+00
6.400000095367431641e+00
2.399999856948852539e+00
6.900000095367431641e+00
4.900000095367431641e+00
2.100000143051147461e+00
5.900000095367431641e+00
5.300000190734863281e+00
4.199999809265136719e+00
5.199999809265136719e+00
2.599999904632568359e+00
4.300000190734863281e+00
3.100000143051147461e+00
3.800000190734863281e+00
4.000000000000000000e+00
2.700000047683715820e+00
2.700000047683715820e+00
3.900000095367431641e+00
3.900000095367431641e+00
2.100000143051147461e+00
3.500000000000000000e+00
6.099999904632568359e+00
2.799999952316284180e+00
4.500000000000000000e+00
2.900000095367431641e+00
4.400000095367431641e+00
3.800000190734863281e+00
4.700000286102294922e+00
3.099999904632568359e+00
7.200000286102294922e+00
5.900000095367431641e+00
4.900000095367431641e+00
3.799999952316284180e+00
4.800000190734863281e+00
1.700000047683715820e+00
4.800000190734863281e+00
1.600000023841857910e+00
6.999999880790710449e-01
7.800000190734863281e+00
3.500000000000000000e+00
0.000000000000000000e+00
0.000000000000000000e+00
7.200000286102294922e+00
0.000000000000000000e+00
6.000000000000000000e+00
6.999999880790710449e-01
0.000000000000000000e+00
0.000000000000000000e+00
0.000000000000000000e+00
0.000000000000000000e+00
0.000000000000000000e+00
0.000000000000000000e+00
0.000000000000000000e+00
0.000000000000000000e+00
0.000000000000000000e+00
0.000000000000000000e+00
0.000000000000000000e+00
0.000000000000000000e+00
0.000000000000000000e+00
0.000000000000000000e+00
0.000000000000000000e+00
0.000000000000000000e+00
0.000000000000000000e+00
0.000000000000000000e+00
0.000000000000000000e+00
0.000000000000000000e+00
0.000000000000000000e+00
0.000000000000000000e+00
0.000000000000000000e+00
0.000000000000000000e+00
0.000000000000000000e+00
0.000000000000000000e+00
0.000000000000000000e+00
0.000000000000000000e+00
0.000000000000000000e+00
0.000000000000000000e+00
0.000000000000000000e+00
0.000000000000000000e+00
1.110000038146972656e+01
0.000000000000000000e+00
0.000000000000000000e+00
6.000000238418579102e-01
0.000000000000000000e+00
2.400000095367431641e+00
5.700000286102294922e+00
1.500000000000000000e+00
0.000000000000000000e+00
3.900000095367431641e+00
6.999999880790710449e-01
3.300000190734863281e+00
3.900000095367431641e+00
2.700000047683715820e+00
3.000000119209289551e-01
4.500000000000000000e+00
2.099999904632568359e+00
4.500000000000000000e+00
2.599999904632568359e+00
5.800000190734863281e+00
3.500000000000000000e+00
5.700000286102294922e+00
4.199999809265136719e+00
4.500000000000000000e+00
6.800000190734863281e+00
6.099999904632568359e+00
2.399999856948852539e+00
5.400000095367431641e+00
4.199999809265136719e+00
4.500000000000000000e+00
4.300000190734863281e+00
6.200000286102294922e+00
2.099999904632568359e+00
6.300000190734863281e+00
5.599999904632568359e+00
4.200000286102294922e+00
3.000000119209289551e-01
6.000000000000000000e+00
9.299999237060546875e+00
5.400000095367431641e+00
2.099999904632568359e+00
4.800000190734863281e+00
2.099999904632568359e+00
6.600000381469726562e+00
1.000000000000000000e+00
5.100000381469726562e+00
6.999999880790710449e-01
6.300000190734863281e+00
2.799999952316284180e+00
6.600000381469726562e+00
2.799999952316284180e+00
4.200000286102294922e+00
2.299999952316284180e+00
6.300000190734863281e+00
1.399999976158142090e+00
0.000000000000000000e+00
1.410000038146972656e+01
8.399999618530273438e+00
3.000000119209289551e-01
0.000000000000000000e+00
0.000000000000000000e+00
0.000000000000000000e+00
1.530000019073486328e+01
4.199999809265136719e+00
0.000000000000000000e+00
0.000000000000000000e+00
0.000000000000000000e+00
0.000000000000000000e+00
0.000000000000000000e+00
0.000000000000000000e+00
0.000000000000000000e+00
0.000000000000000000e+00
0.000000000000000000e+00
0.000000000000000000e+00
0.000000000000000000e+00
0.000000000000000000e+00
0.000000000000000000e+00
0.000000000000000000e+00
0.000000000000000000e+00
0.000000000000000000e+00
0.000000000000000000e+00
0.000000000000000000e+00
0.000000000000000000e+00
0.000000000000000000e+00
0.000000000000000000e+00
0.000000000000000000e+00
0.000000000000000000e+00
0.000000000000000000e+00
0.000000000000000000e+00
0.000000000000000000e+00
0.000000000000000000e+00
0.000000000000000000e+00
0.000000000000000000e+00
0.000000000000000000e+00
0.000000000000000000e+00
1.200000000000000000e+01
0.000000000000000000e+00
0.000000000000000000e+00
0.000000000000000000e+00
3.000000119209289551e-01
0.000000000000000000e+00
1.290000057220458984e+01
6.999999880790710449e-01
0.000000000000000000e+00
3.000000119209289551e-01
9.000000357627868652e-01
2.100000143051147461e+00
8.400000572204589844e+00
3.500000000000000000e+00
0.000000000000000000e+00
0.000000000000000000e+00
6.000000000000000000e+00
1.700000047683715820e+00
1.050000000000000000e+01
5.599999904632568359e+00
0.000000000000000000e+00
9.000000357627868652e-01
4.800000190734863281e+00
2.799999952316284180e+00
1.200000000000000000e+01
1.189999961853027344e+01
0.000000000000000000e+00
1.200000047683715820e+00
6.900000095367431641e+00
2.799999952316284180e+00
1.170000076293945312e+01
5.599999904632568359e+00
0.000000000000000000e+00
1.500000000000000000e+00
5.000000000000000000e+00
4.500000000000000000e+00
1.200000000000000000e+01
8.399999618530273438e+00
0.000000000000000000e+00
2.100000143051147461e+00
2.100000143051147461e+00
3.800000190734863281e+00
1.050000000000000000e+01
2.799999952316284180e+00
9.000000357627868652e-01
2.700000047683715820e+00
2.800000190734863281e+00
1.800000071525573730e+00
1.069999980926513672e+01
2.799999952316284180e+00
6.000000238418579102e-01
3.600000143051147461e+00
9.000000357627868652e-01
2.400000095367431641e+00
6.999999880790710449e-01
5.700000286102294922e+00
6.999999880790710449e-01
4.500000000000000000e+00
6.999999880790710449e-01
0.000000000000000000e+00
0.000000000000000000e+00
0.000000000000000000e+00
0.000000000000000000e+00
0.000000000000000000e+00
0.000000000000000000e+00
0.000000000000000000e+00
0.000000000000000000e+00
0.000000000000000000e+00
0.000000000000000000e+00
0.000000000000000000e+00
0.000000000000000000e+00
0.000000000000000000e+00
0.000000000000000000e+00
0.000000000000000000e+00
0.000000000000000000e+00
0.000000000000000000e+00
0.000000000000000000e+00
0.000000000000000000e+00
0.000000000000000000e+00
0.000000000000000000e+00
0.000000000000000000e+00
0.000000000000000000e+00
0.000000000000000000e+00
0.000000000000000000e+00
0.000000000000000000e+00
0.000000000000000000e+00
0.000000000000000000e+00
0.000000000000000000e+00
0.000000000000000000e+00
1.080000019073486328e+01
0.000000000000000000e+00
0.000000000000000000e+00
0.000000000000000000e+00
0.000000000000000000e+00
0.000000000000000000e+00
0.000000000000000000e+00
0.000000000000000000e+00
0.000000000000000000e+00
0.000000000000000000e+00
0.000000000000000000e+00
9.000000000000000000e+00
0.000000000000000000e+00
0.000000000000000000e+00
0.000000000000000000e+00
9.000000357627868652e-01
6.000000238418579102e-01
1.140000057220458984e+01
2.799999952316284180e+00
0.000000000000000000e+00
6.000000238418579102e-01
2.400000095367431641e+00
0.000000000000000000e+00
1.200000000000000000e+01
3.500000000000000000e+00
0.000000000000000000e+00
0.000000000000000000e+00
0.000000000000000000e+00
1.200000047683715820e+00
1.290000057220458984e+01
5.599999904632568359e+00
0.000000000000000000e+00
3.000000119209289551e-01
6.000000238418579102e-01
0.000000000000000000e+00
1.470000076293945312e+01
9.800000190734863281e+00
0.000000000000000000e+00
3.000000119209289551e-01
6.000000238418579102e-01
9.000000357627868652e-01
1.500000095367431641e+01
1.330000019073486328e+01
0.000000000000000000e+00
3.000000119209289551e-01
6.000000238418579102e-01
6.999999880790710449e-01
1.650000000000000000e+01
6.299999713897705078e+00
0.000000000000000000e+00
3.000000119209289551e-01
6.000000238418579102e-01
0.000000000000000000e+00
1.380000019073486328e+01
8.399999618530273438e+00
3.000000119209289551e-01
1.500000000000000000e+00
2.200000047683715820e+00
1.200000047683715820e+00
1.330000019073486328e+01
6.299999713897705078e+00
3.000000119209289551e-01
1.800000071525573730e+00
6.000000238418579102e-01
9.000000357627868652e-01
0.000000000000000000e+00
0.000000000000000000e+00
0.000000000000000000e+00
0.000000000000000000e+00
0.000000000000000000e+00
0.000000000000000000e+00
0.000000000000000000e+00
0.000000000000000000e+00
0.000000000000000000e+00
0.000000000000000000e+00
0.000000000000000000e+00
0.000000000000000000e+00
0.000000000000000000e+00
0.000000000000000000e+00
0.000000000000000000e+00
0.000000000000000000e+00
0.000000000000000000e+00
0.000000000000000000e+00
0.000000000000000000e+00
0.000000000000000000e+00
0.000000000000000000e+00
0.000000000000000000e+00
0.000000000000000000e+00
0.000000000000000000e+00
0.000000000000000000e+00
0.000000000000000000e+00
0.000000000000000000e+00
0.000000000000000000e+00
0.000000000000000000e+00
0.000000000000000000e+00
0.000000000000000000e+00
0.000000000000000000e+00
0.000000000000000000e+00
0.000000000000000000e+00
0.000000000000000000e+00
0.000000000000000000e+00
0.000000000000000000e+00
0.000000000000000000e+00
1.860000038146972656e+01
0.000000000000000000e+00
0.000000000000000000e+00
0.000000000000000000e+00
0.000000000000000000e+00
0.000000000000000000e+00
1.470000076293945312e+01
6.999999880790710449e-01
0.000000000000000000e+00
3.000000119209289551e-01
1.200000047683715820e+00
0.000000000000000000e+00
1.560000038146972656e+01
4.900000095367431641e+00
0.000000000000000000e+00
6.000000238418579102e-01
1.900000095367431641e+00
0.000000000000000000e+00
2.310000038146972656e+01
1.750000000000000000e+01
0.000000000000000000e+00
3.000000119209289551e-01
1.500000000000000000e+00
0.000000000000000000e+00
2.310000038146972656e+01
1.679999923706054688e+01
0.000000000000000000e+00
3.000000119209289551e-01
1.500000000000000000e+00
6.999999880790710449e-01
2.160000038146972656e+01
1.259999942779541016e+01
0.000000000000000000e+00
3.000000119209289551e-01
2.200000047683715820e+00
6.999999880790710449e-01
2.070000076293945312e+01
1.050000000000000000e+01
0.000000000000000000e+00
3.000000119209289551e-01
1.500000000000000000e+00
0.000000000000000000e+00
2.100000000000000000e+01
4.199999809265136719e+00
0.000000000000000000e+00
3.000000119209289551e-01
1.500000000000000000e+00
0.000000000000000000e+00
1.500000095367431641e+01
5.599999904632568359e+00
0.000000000000000000e+00
1.500000000000000000e+00
2.400000095367431641e+00
3.000000119209289551e-01
1.350000095367431641e+01
6.299999713897705078e+00
0.000000000000000000e+00
0.000000000000000000e+00
0.000000000000000000e+00
0.000000000000000000e+00
0.000000000000000000e+00
0.000000000000000000e+00
0.000000000000000000e+00
0.000000000000000000e+00
0.000000000000000000e+00
0.000000000000000000e+00
0.000000000000000000e+00
0.000000000000000000e+00
0.000000000000000000e+00
0.000000000000000000e+00
0.000000000000000000e+00
0.000000000000000000e+00
0.000000000000000000e+00
0.000000000000000000e+00
0.000000000000000000e+00
0.000000000000000000e+00
0.000000000000000000e+00
0.000000000000000000e+00
0.000000000000000000e+00
0.000000000000000000e+00
0.000000000000000000e+00
0.000000000000000000e+00
0.000000000000000000e+00
0.000000000000000000e+00
0.000000000000000000e+00
0.000000000000000000e+00
0.000000000000000000e+00
0.000000000000000000e+00
0.000000000000000000e+00
0.000000000000000000e+00
0.000000000000000000e+00
0.000000000000000000e+00
0.000000000000000000e+00
0.000000000000000000e+00
0.000000000000000000e+00
0.000000000000000000e+00
1.440000057220458984e+01
0.000000000000000000e+00
0.000000000000000000e+00
0.000000000000000000e+00
6.000000238418579102e-01
0.000000000000000000e+00
1.560000038146972656e+01
0.000000000000000000e+00
0.000000000000000000e+00
3.000000119209289551e-01
6.000000238418579102e-01
6.000000238418579102e-01
1.530000019073486328e+01
7.000000000000000000e+00
0.000000000000000000e+00
0.000000000000000000e+00
1.500000000000000000e+00
9.000000357627868652e-01
1.500000095367431641e+01
9.800000190734863281e+00
0.000000000000000000e+00
3.000000119209289551e-01
1.500000000000000000e+00
6.000000238418579102e-01
1.560000038146972656e+01
1.259999942779541016e+01
0.000000000000000000e+00
3.000000119209289551e-01
1.500000000000000000e+00
3.000000119209289551e-01
1.680000114440917969e+01
9.800000190734863281e+00
0.000000000000000000e+00
3.000000119209289551e-01
1.500000000000000000e+00
0.000000000000000000e+00
1.740000152587890625e+01
1.119999980926513672e+01
0.000000000000000000e+00
3.000000119209289551e-01
1.500000000000000000e+00
0.000000000000000000e+00
1.740000152587890625e+01
1.050000000000000000e+01
0.000000000000000000e+00
3.000000119209289551e-01
1.500000000000000000e+00
0.000000000000000000e+00
1.740000152587890625e+01
4.900000095367431641e+00
0.000000000000000000e+00
3.000000119209289551e-01
2.200000047683715820e+00
0.000000000000000000e+00
1.770000076293945312e+01
5.599999904632568359e+00
0.000000000000000000e+00
3.000000119209289551e-01
1.500000000000000000e+00
0.000000000000000000e+00
1.770000076293945312e+01
9.099999427795410156e+00
0.000000000000000000e+00
3.000000119209289551e-01
1.500000000000000000e+00
0.000000000000000000e+00
1.800000000000000000e+01
1.189999961853027344e+01
0.000000000000000000e+00
3.000000119209289551e-01
1.500000000000000000e+00
0.000000000000000000e+00
1.800000000000000000e+01
7.699999809265136719e+00
0.000000000000000000e+00
3.000000119209289551e-01
1.500000000000000000e+00
6.999999880790710449e-01
1.800000000000000000e+01
9.800000190734863281e+00
0.000000000000000000e+00
3.000000119209289551e-01
1.500000000000000000e+00
0.000000000000000000e+00
1.800000000000000000e+01
4.900000095367431641e+00
0.000000000000000000e+00
3.000000119209289551e-01
1.500000000000000000e+00
1.000000000000000000e+00
1.740000152587890625e+01
7.000000000000000000e+00
0.000000000000000000e+00
6.000000238418579102e-01
1.200000047683715820e+00
6.000000238418579102e-01
1.350000095367431641e+01
5.599999904632568359e+00
0.000000000000000000e+00
1.200000047683715820e+00
2.500000000000000000e+00
1.200000047683715820e+00
1.330000019073486328e+01
9.800000190734863281e+00
0.000000000000000000e+00
2.100000143051147461e+00
1.800000071525573730e+00
9.000000357627868652e-01
1.350000095367431641e+01
9.099999427795410156e+00
0.000000000000000000e+00
2.100000143051147461e+00
2.500000000000000000e+00
9.000000357627868652e-01
1.380000019073486328e+01
7.699999809265136719e+00
0.000000000000000000e+00
1.500000000000000000e+00
2.400000095367431641e+00
1.299999952316284180e+00
1.410000038146972656e+01
9.099999427795410156e+00
0.000000000000000000e+00
1.500000000000000000e+00
2.400000095367431641e+00
6.000000238418579102e-01
1.410000038146972656e+01
6.299999713897705078e+00
0.000000000000000000e+00
1.500000000000000000e+00
2.400000095367431641e+00
6.000000238418579102e-01
1.410000038146972656e+01
3.500000000000000000e+00
0.000000000000000000e+00
1.200000047683715820e+00
4.400000095367431641e+00
3.000000119209289551e-01
1.440000057220458984e+01
4.900000095367431641e+00
0.000000000000000000e+00
1.200000047683715820e+00
3.700000047683715820e+00
1.000000000000000000e+00
1.440000057220458984e+01
8.399999618530273438e+00
0.000000000000000000e+00
1.200000047683715820e+00
3.700000047683715820e+00
3.000000119209289551e-01
1.440000057220458984e+01
1.189999961853027344e+01
0.000000000000000000e+00
1.200000047683715820e+00
3.700000047683715820e+00
3.000000119209289551e-01
1.440000057220458984e+01
7.000000000000000000e+00
0.000000000000000000e+00
1.200000047683715820e+00
3.700000047683715820e+00
1.000000000000000000e+00
1.440000057220458984e+01
9.800000190734863281e+00
0.000000000000000000e+00
1.200000047683715820e+00
3.000000000000000000e+00
1.000000000000000000e+00
1.440000057220458984e+01
7.000000000000000000e+00
0.000000000000000000e+00
1.200000047683715820e+00
3.300000190734863281e+00
1.000000000000000000e+00
1.860000038146972656e+01
6.299999713897705078e+00
0.000000000000000000e+00
1.200000047683715820e+00
3.300000190734863281e+00
6.999999880790710449e-01
1.560000038146972656e+01
7.699999809265136719e+00
0.000000000000000000e+00
1.200000047683715820e+00
3.300000190734863281e+00
6.999999880790710449e-01
1.560000038146972656e+01
4.199999809265136719e+00
0.000000000000000000e+00
0.000000000000000000e+00
5.100000381469726562e+00
6.999999880790710449e-01
1.500000095367431641e+01
1.119999980926513672e+01
0.000000000000000000e+00
0.000000000000000000e+00
5.100000381469726562e+00
1.399999976158142090e+00
1.380000019073486328e+01
7.000000000000000000e+00
0.000000000000000000e+00
0.000000000000000000e+00
4.500000000000000000e+00
1.399999976158142090e+00
0.000000000000000000e+00
1.320000076293945312e+01
8.399999618530273438e+00
0.000000000000000000e+00
0.000000000000000000e+00
4.500000000000000000e+00
0.000000000000000000e+00
1.200000000000000000e+01
3.500000000000000000e+00
3.000000119209289551e-01
9.000000357627868652e-01
4.200000286102294922e+00
6.999999880790710449e-01
1.350000095367431641e+01
7.699999809265136719e+00
0.000000000000000000e+00
1.200000047683715820e+00
3.600000143051147461e+00
6.999999880790710449e-01
1.410000038146972656e+01
1.050000000000000000e+01
0.000000000000000000e+00
1.200000047683715820e+00
3.600000143051147461e+00
1.399999976158142090e+00
1.380000019073486328e+01
5.599999904632568359e+00
0.000000000000000000e+00
1.200000047683715820e+00
3.600000143051147461e+00
0.000000000000000000e+00
1.380000019073486328e+01
4.900000095367431641e+00
0.000000000000000000e+00
1.200000047683715820e+00
6.000000238418579102e-01
2.700000047683715820e+00
2.099999904632568359e+00
9.000000000000000000e+00
2.799999952316284180e+00
0.000000000000000000e+00
1.500000000000000000e+00
2.500000000000000000e+00
1.500000000000000000e+00
6.999999880790710449e-01
0.000000000000000000e+00
0.000000000000000000e+00
1.050000000000000000e+01
2.799999952316284180e+00
1.500000000000000000e+00
6.999999880790710449e-01
0.000000000000000000e+00
0.000000000000000000e+00
0.000000000000000000e+00
0.000000000000000000e+00
0.000000000000000000e+00
0.000000000000000000e+00
0.000000000000000000e+00
0.000000000000000000e+00
0.000000000000000000e+00
0.000000000000000000e+00
0.000000000000000000e+00
0.000000000000000000e+00
0.000000000000000000e+00
0.000000000000000000e+00
0.000000000000000000e+00
0.000000000000000000e+00
0.000000000000000000e+00
0.000000000000000000e+00
0.000000000000000000e+00
0.000000000000000000e+00
0.000000000000000000e+00
0.000000000000000000e+00
0.000000000000000000e+00
0.000000000000000000e+00
0.000000000000000000e+00
0.000000000000000000e+00
0.000000000000000000e+00
0.000000000000000000e+00
0.000000000000000000e+00
0.000000000000000000e+00
0.000000000000000000e+00
0.000000000000000000e+00
0.000000000000000000e+00
0.000000000000000000e+00
0.000000000000000000e+00
0.000000000000000000e+00
0.000000000000000000e+00
0.000000000000000000e+00
0.000000000000000000e+00
0.000000000000000000e+00
0.000000000000000000e+00
0.000000000000000000e+00
0.000000000000000000e+00
0.000000000000000000e+00
0.000000000000000000e+00
9.300000190734863281e+00
0.000000000000000000e+00
0.000000000000000000e+00
1.500000000000000000e+00
1.800000071525573730e+00
9.000000357627868652e-01
1.110000038146972656e+01
0.000000000000000000e+00
0.000000000000000000e+00
0.000000000000000000e+00
4.500000000000000000e+00
0.000000000000000000e+00
1.230000019073486328e+01
1.399999976158142090e+00
0.000000000000000000e+00
0.000000000000000000e+00
4.500000000000000000e+00
1.000000000000000000e+00
1.200000000000000000e+01
4.199999809265136719e+00
0.000000000000000000e+00
3.000000119209289551e-01
4.800000190734863281e+00
6.999999880790710449e-01
1.230000019073486328e+01
7.699999809265136719e+00
0.000000000000000000e+00
3.000000119209289551e-01
5.100000381469726562e+00
1.399999976158142090e+00
1.230000019073486328e+01
1.119999980926513672e+01
3.000000119209289551e-01
3.000000119209289551e-01
5.400000095367431641e+00
4.199999809265136719e+00
1.110000038146972656e+01
7.699999809265136719e+00
3.000000119209289551e-01
3.000000119209289551e-01
6.300000190734863281e+00
2.799999952316284180e+00
1.050000000000000000e+01
7.000000000000000000e+00
3.000000119209289551e-01
6.999999880790710449e-01
3.900000095367431641e+00
2.099999904632568359e+00
6.000000238418579102e-01
8.100000381469726562e+00
6.999999880790710449e-01
0.000000000000000000e+00
0.000000000000000000e+00
0.000000000000000000e+00
0.000000000000000000e+00
0.000000000000000000e+00
0.000000000000000000e+00
0.000000000000000000e+00
0.000000000000000000e+00
0.000000000000000000e+00
0.000000000000000000e+00
0.000000000000000000e+00
0.000000000000000000e+00
0.000000000000000000e+00
0.000000000000000000e+00
0.000000000000000000e+00
0.000000000000000000e+00
0.000000000000000000e+00
0.000000000000000000e+00
0.000000000000000000e+00
0.000000000000000000e+00
0.000000000000000000e+00
0.000000000000000000e+00
0.000000000000000000e+00
0.000000000000000000e+00
0.000000000000000000e+00
0.000000000000000000e+00
0.000000000000000000e+00
0.000000000000000000e+00
0.000000000000000000e+00
0.000000000000000000e+00
0.000000000000000000e+00
0.000000000000000000e+00
0.000000000000000000e+00
0.000000000000000000e+00
0.000000000000000000e+00
1.290000057220458984e+01
0.000000000000000000e+00
0.000000000000000000e+00
0.000000000000000000e+00
0.000000000000000000e+00
0.000000000000000000e+00
9.900000572204589844e+00
0.000000000000000000e+00
3.000000119209289551e-01
6.000000238418579102e-01
3.300000190734863281e+00
0.000000000000000000e+00
1.140000057220458984e+01
0.000000000000000000e+00
3.000000119209289551e-01
3.000000119209289551e-01
1.500000000000000000e+00
1.500000000000000000e+00
1.150000000000000000e+01
2.799999952316284180e+00
3.000000119209289551e-01
1.800000071525573730e+00
1.600000023841857910e+00
6.999999880790710449e-01
1.320000076293945312e+01
4.900000095367431641e+00
3.000000119209289551e-01
1.800000071525573730e+00
1.200000047683715820e+00
0.000000000000000000e+00
1.410000038146972656e+01
8.399999618530273438e+00
3.000000119209289551e-01
1.800000071525573730e+00
1.600000023841857910e+00
6.000000238418579102e-01
1.740000152587890625e+01
9.099999427795410156e+00
3.000000119209289551e-01
2.500000000000000000e+00
1.600000023841857910e+00
3.000000119209289551e-01
1.770000076293945312e+01
1.400000000000000000e+01
0.000000000000000000e+00
2.100000143051147461e+00
1.600000023841857910e+00
6.000000238418579102e-01
1.840000152587890625e+01
1.330000019073486328e+01
0.000000000000000000e+00
2.100000143051147461e+00
1.600000023841857910e+00
3.000000119209289551e-01
1.230000019073486328e+01
4.199999809265136719e+00
0.000000000000000000e+00
0.000000000000000000e+00
0.000000000000000000e+00
2.700000047683715820e+00
0.000000000000000000e+00
0.000000000000000000e+00
0.000000000000000000e+00
0.000000000000000000e+00
0.000000000000000000e+00
0.000000000000000000e+00
0.000000000000000000e+00
0.000000000000000000e+00
0.000000000000000000e+00
0.000000000000000000e+00
0.000000000000000000e+00
0.000000000000000000e+00
0.000000000000000000e+00
0.000000000000000000e+00
0.000000000000000000e+00
0.000000000000000000e+00
0.000000000000000000e+00
0.000000000000000000e+00
0.000000000000000000e+00
0.000000000000000000e+00
0.000000000000000000e+00
0.000000000000000000e+00
0.000000000000000000e+00
0.000000000000000000e+00
0.000000000000000000e+00
0.000000000000000000e+00
0.000000000000000000e+00
0.000000000000000000e+00
0.000000000000000000e+00
0.000000000000000000e+00
0.000000000000000000e+00
0.000000000000000000e+00
0.000000000000000000e+00
0.000000000000000000e+00
1.140000057220458984e+01
0.000000000000000000e+00
0.000000000000000000e+00
0.000000000000000000e+00
9.000000357627868652e-01
0.000000000000000000e+00
1.350000095367431641e+01
0.000000000000000000e+00
0.000000000000000000e+00
0.000000000000000000e+00
1.200000047683715820e+00
6.000000238418579102e-01
1.440000057220458984e+01
1.399999976158142090e+00
0.000000000000000000e+00
0.000000000000000000e+00
1.800000071525573730e+00
6.000000238418579102e-01
1.500000095367431641e+01
3.500000000000000000e+00
0.000000000000000000e+00
0.000000000000000000e+00
1.800000071525573730e+00
3.000000119209289551e-01
1.620000076293945312e+01
1.050000000000000000e+01
0.000000000000000000e+00
0.000000000000000000e+00
1.800000071525573730e+00
2.099999904632568359e+00
1.650000000000000000e+01
5.599999904632568359e+00
0.000000000000000000e+00
0.000000000000000000e+00
1.800000071525573730e+00
3.000000119209289551e-01
1.650000000000000000e+01
8.399999618530273438e+00
0.000000000000000000e+00
0.000000000000000000e+00
1.800000071525573730e+00
0.000000000000000000e+00
1.680000114440917969e+01
1.469999980926513672e+01
0.000000000000000000e+00
0.000000000000000000e+00
1.800000071525573730e+00
1.399999976158142090e+00
1.680000114440917969e+01
7.000000000000000000e+00
0.000000000000000000e+00
0.000000000000000000e+00
1.800000071525573730e+00
0.000000000000000000e+00
1.320000076293945312e+01
4.199999809265136719e+00
0.000000000000000000e+00
6.000000238418579102e-01
0.000000000000000000e+00
2.100000143051147461e+00
6.999999880790710449e-01
9.000000000000000000e+00
6.999999880790710449e-01
0.000000000000000000e+00
0.000000000000000000e+00
0.000000000000000000e+00
0.000000000000000000e+00
0.000000000000000000e+00
0.000000000000000000e+00
0.000000000000000000e+00
0.000000000000000000e+00
0.000000000000000000e+00
0.000000000000000000e+00
0.000000000000000000e+00
0.000000000000000000e+00
0.000000000000000000e+00
0.000000000000000000e+00
0.000000000000000000e+00
0.000000000000000000e+00
0.000000000000000000e+00
0.000000000000000000e+00
0.000000000000000000e+00
0.000000000000000000e+00
0.000000000000000000e+00
0.000000000000000000e+00
0.000000000000000000e+00
0.000000000000000000e+00
0.000000000000000000e+00
0.000000000000000000e+00
0.000000000000000000e+00
0.000000000000000000e+00
0.000000000000000000e+00
0.000000000000000000e+00
0.000000000000000000e+00
0.000000000000000000e+00
0.000000000000000000e+00
1.170000076293945312e+01
0.000000000000000000e+00
0.000000000000000000e+00
0.000000000000000000e+00
9.000000357627868652e-01
0.000000000000000000e+00
1.320000076293945312e+01
0.000000000000000000e+00
0.000000000000000000e+00
0.000000000000000000e+00
1.200000047683715820e+00
0.000000000000000000e+00
1.500000095367431641e+01
1.399999976158142090e+00
0.000000000000000000e+00
0.000000000000000000e+00
1.200000047683715820e+00
0.000000000000000000e+00
1.590000057220458984e+01
7.699999809265136719e+00
0.000000000000000000e+00
0.000000000000000000e+00
1.200000047683715820e+00
0.000000000000000000e+00
1.680000114440917969e+01
9.099999427795410156e+00
0.000000000000000000e+00
0.000000000000000000e+00
1.500000000000000000e+00
3.000000119209289551e-01
1.680000114440917969e+01
1.119999980926513672e+01
0.000000000000000000e+00
0.000000000000000000e+00
1.500000000000000000e+00
0.000000000000000000e+00
1.740000152587890625e+01
8.399999618530273438e+00
0.000000000000000000e+00
0.000000000000000000e+00
1.500000000000000000e+00
6.999999880790710449e-01
1.740000152587890625e+01
1.189999961853027344e+01
0.000000000000000000e+00
0.000000000000000000e+00
9.000000357627868652e-01
1.299999952316284180e+00
1.650000000000000000e+01
4.199999809265136719e+00
0.000000000000000000e+00
0.000000000000000000e+00
0.000000000000000000e+00
1.800000071525573730e+00
1.330000019073486328e+01
4.900000095367431641e+00
0.000000000000000000e+00
0.000000000000000000e+00
0.000000000000000000e+00
0.000000000000000000e+00
0.000000000000000000e+00
0.000000000000000000e+00
0.000000000000000000e+00
0.000000000000000000e+00
0.000000000000000000e+00
0.000000000000000000e+00
0.000000000000000000e+00
0.000000000000000000e+00
0.000000000000000000e+00
0.000000000000000000e+00
0.000000000000000000e+00
0.000000000000000000e+00
0.000000000000000000e+00
0.000000000000000000e+00
0.000000000000000000e+00
0.000000000000000000e+00
0.000000000000000000e+00
0.000000000000000000e+00
0.000000000000000000e+00
0.000000000000000000e+00
0.000000000000000000e+00
0.000000000000000000e+00
0.000000000000000000e+00
0.000000000000000000e+00
0.000000000000000000e+00
0.000000000000000000e+00
0.000000000000000000e+00
0.000000000000000000e+00
0.000000000000000000e+00
0.000000000000000000e+00
0.000000000000000000e+00
0.000000000000000000e+00
0.000000000000000000e+00
0.000000000000000000e+00
1.230000019073486328e+01
0.000000000000000000e+00
9.900000572204589844e+00
0.000000000000000000e+00
0.000000000000000000e+00
6.000000238418579102e-01
1.440000057220458984e+01
0.000000000000000000e+00
5.700000286102294922e+00
1.399999976158142090e+00
0.000000000000000000e+00
0.000000000000000000e+00
1.530000019073486328e+01
5.599999904632568359e+00
3.600000143051147461e+00
4.199999809265136719e+00
6.000000238418579102e-01
1.200000047683715820e+00
1.440000057220458984e+01
8.399999618530273438e+00
2.100000143051147461e+00
0.000000000000000000e+00
1.500000000000000000e+00
1.600000023841857910e+00
1.510000038146972656e+01
6.299999713897705078e+00
1.800000071525573730e+00
0.000000000000000000e+00
2.100000143051147461e+00
1.900000095367431641e+00
1.550000000000000000e+01
1.189999961853027344e+01
1.200000047683715820e+00
3.000000119209289551e-01
3.100000143051147461e+00
2.399999856948852539e+00
1.500000095367431641e+01
8.399999618530273438e+00
1.200000047683715820e+00
6.999999880790710449e-01
2.700000047683715820e+00
1.399999976158142090e+00
1.470000076293945312e+01
8.399999618530273438e+00
9.000000357627868652e-01
3.000000119209289551e-01
2.400000095367431641e+00
0.000000000000000000e+00
1.530000019073486328e+01
2.099999904632568359e+00
6.000000238418579102e-01
3.000000119209289551e-01
2.700000047683715820e+00
6.999999880790710449e-01
1.560000038146972656e+01
4.199999809265136719e+00
6.000000238418579102e-01
3.000000119209289551e-01
2.700000047683715820e+00
0.000000000000000000e+00
1.620000076293945312e+01
5.599999904632568359e+00
6.000000238418579102e-01
1.000000000000000000e+00
2.400000095367431641e+00
0.000000000000000000e+00
1.680000114440917969e+01
5.599999904632568359e+00
3.000000119209289551e-01
6.000000238418579102e-01
1.500000000000000000e+00
9.000000357627868652e-01
1.590000057220458984e+01
6.299999713897705078e+00
3.000000119209289551e-01
6.000000238418579102e-01
2.200000047683715820e+00
3.000000119209289551e-01
1.650000000000000000e+01
7.699999809265136719e+00
3.000000119209289551e-01
6.000000238418579102e-01
2.200000047683715820e+00
3.000000119209289551e-01
1.650000000000000000e+01
1.259999942779541016e+01
0.000000000000000000e+00
9.000000357627868652e-01
1.500000000000000000e+00
0.000000000000000000e+00
1.650000000000000000e+01
9.099999427795410156e+00
0.000000000000000000e+00
9.000000357627868652e-01
1.500000000000000000e+00
0.000000000000000000e+00
1.650000000000000000e+01
6.299999713897705078e+00
0.000000000000000000e+00
9.000000357627868652e-01
2.200000047683715820e+00
0.000000000000000000e+00
1.650000000000000000e+01
8.399999618530273438e+00
0.000000000000000000e+00
9.000000357627868652e-01
1.500000000000000000e+00
0.000000000000000000e+00
1.650000000000000000e+01
7.699999809265136719e+00
0.000000000000000000e+00
9.000000357627868652e-01
1.500000000000000000e+00
1.399999976158142090e+00
1.560000038146972656e+01
4.199999809265136719e+00
0.000000000000000000e+00
1.200000047683715820e+00
1.500000000000000000e+00
3.000000119209289551e-01
1.590000057220458984e+01
5.599999904632568359e+00
0.000000000000000000e+00
9.000000357627868652e-01
1.800000071525573730e+00
0.000000000000000000e+00
1.620000076293945312e+01
5.599999904632568359e+00
0.000000000000000000e+00
9.000000357627868652e-01
1.800000071525573730e+00
0.000000000000000000e+00
1.620000076293945312e+01
6.299999713897705078e+00
0.000000000000000000e+00
9.000000357627868652e-01
1.800000071525573730e+00
0.000000000000000000e+00
1.620000076293945312e+01
8.399999618530273438e+00
0.000000000000000000e+00
9.000000357627868652e-01
1.800000071525573730e+00
0.000000000000000000e+00
1.620000076293945312e+01
9.800000190734863281e+00
0.000000000000000000e+00
9.000000357627868652e-01
1.800000071525573730e+00
0.000000000000000000e+00
1.620000076293945312e+01
7.699999809265136719e+00
0.000000000000000000e+00
9.000000357627868652e-01
2.500000000000000000e+00
0.000000000000000000e+00
1.620000076293945312e+01
9.800000190734863281e+00
0.000000000000000000e+00
9.000000357627868652e-01
1.800000071525573730e+00
0.000000000000000000e+00
1.620000076293945312e+01
8.399999618530273438e+00
0.000000000000000000e+00
9.000000357627868652e-01
1.800000071525573730e+00
0.000000000000000000e+00
1.620000076293945312e+01
6.299999713897705078e+00
0.000000000000000000e+00
9.000000357627868652e-01
1.800000071525573730e+00
0.000000000000000000e+00
1.620000076293945312e+01
4.199999809265136719e+00
0.000000000000000000e+00
9.000000357627868652e-01
1.800000071525573730e+00
6.999999880790710449e-01
1.620000076293945312e+01
5.599999904632568359e+00
0.000000000000000000e+00
9.000000357627868652e-01
1.800000071525573730e+00
0.000000000000000000e+00
1.620000076293945312e+01
6.299999713897705078e+00
0.000000000000000000e+00
9.000000357627868652e-01
2.500000000000000000e+00
0.000000000000000000e+00
1.620000076293945312e+01
9.800000190734863281e+00
0.000000000000000000e+00
9.000000357627868652e-01
1.800000071525573730e+00
0.000000000000000000e+00
1.620000076293945312e+01
5.599999904632568359e+00
0.000000000000000000e+00
0.000000000000000000e+00
2.700000047683715820e+00
6.999999880790710449e-01
1.140000057220458984e+01
8.399999618530273438e+00
2.100000143051147461e+00
0.000000000000000000e+00
4.200000286102294922e+00
0.000000000000000000e+00
1.200000000000000000e+01
5.599999904632568359e+00
1.800000071525573730e+00
1.700000047683715820e+00
3.900000095367431641e+00
6.999999880790710449e-01
1.260000038146972656e+01
4.199999809265136719e+00
1.800000071525573730e+00
1.000000000000000000e+00
3.900000095367431641e+00
0.000000000000000000e+00
1.260000038146972656e+01
7.699999809265136719e+00
1.800000071525573730e+00
3.000000119209289551e-01
4.200000286102294922e+00
1.399999976158142090e+00
1.230000019073486328e+01
4.199999809265136719e+00
1.800000071525573730e+00
3.099999904632568359e+00
4.200000286102294922e+00
1.399999976158142090e+00
1.200000000000000000e+01
1.399999976158142090e+00
1.800000071525573730e+00
1.000000000000000000e+00
3.900000095367431641e+00
0.000000000000000000e+00
1.230000019073486328e+01
5.599999904632568359e+00
1.800000071525573730e+00
1.700000047683715820e+00
3.900000095367431641e+00
0.000000000000000000e+00
1.230000019073486328e+01
6.299999713897705078e+00
0.000000000000000000e+00
2.100000143051147461e+00
0.000000000000000000e+00
1.500000000000000000e+00
1.440000057220458984e+01
5.599999904632568359e+00
0.000000000000000000e+00
1.500000000000000000e+00
0.000000000000000000e+00
2.400000095367431641e+00
1.399999976158142090e+00
7.800000190734863281e+00
4.199999809265136719e+00
6.000000238418579102e-01
1.399999976158142090e+00
0.000000000000000000e+00
0.000000000000000000e+00
0.000000000000000000e+00
0.000000000000000000e+00
0.000000000000000000e+00
0.000000000000000000e+00
0.000000000000000000e+00
0.000000000000000000e+00
0.000000000000000000e+00
0.000000000000000000e+00
0.000000000000000000e+00
0.000000000000000000e+00
0.000000000000000000e+00
0.000000000000000000e+00
0.000000000000000000e+00
0.000000000000000000e+00
0.000000000000000000e+00
0.000000000000000000e+00
0.000000000000000000e+00
0.000000000000000000e+00
0.000000000000000000e+00
0.000000000000000000e+00
0.000000000000000000e+00
0.000000000000000000e+00
0.000000000000000000e+00
0.000000000000000000e+00
0.000000000000000000e+00
0.000000000000000000e+00
0.000000000000000000e+00
0.000000000000000000e+00
0.000000000000000000e+00
1.110000038146972656e+01
0.000000000000000000e+00
0.000000000000000000e+00
0.000000000000000000e+00
1.200000047683715820e+00
0.000000000000000000e+00
1.110000038146972656e+01
0.000000000000000000e+00
0.000000000000000000e+00
0.000000000000000000e+00
1.200000047683715820e+00
6.000000238418579102e-01
1.230000019073486328e+01
0.000000000000000000e+00
0.000000000000000000e+00
9.000000357627868652e-01
1.800000071525573730e+00
1.800000071525573730e+00
9.600000381469726562e+00
1.399999976158142090e+00
0.000000000000000000e+00
9.000000357627868652e-01
3.600000143051147461e+00
1.600000023841857910e+00
8.200000762939453125e+00
3.500000000000000000e+00
1.500000000000000000e+00
2.400000095367431641e+00
3.000000000000000000e+00
2.699999809265136719e+00
9.900000572204589844e+00
4.900000095367431641e+00
1.500000000000000000e+00
3.100000143051147461e+00
2.500000000000000000e+00
3.100000143051147461e+00
8.700000762939453125e+00
6.299999713897705078e+00
3.000000000000000000e+00
3.299999952316284180e+00
5.000000000000000000e+00
2.000000000000000000e+00
8.700000762939453125e+00
4.900000095367431641e+00
2.700000047683715820e+00
1.900000095367431641e+00
3.600000143051147461e+00
1.600000023841857910e+00
7.800000190734863281e+00
7.000000000000000000e+00
3.900000095367431641e+00
1.399999976158142090e+00
0.000000000000000000e+00
4.800000190734863281e+00
3.200000047683715820e+00
3.700000047683715820e+00
6.999999880790710449e-01
0.000000000000000000e+00
0.000000000000000000e+00
0.000000000000000000e+00
0.000000000000000000e+00
0.000000000000000000e+00
0.000000000000000000e+00
0.000000000000000000e+00
0.000000000000000000e+00
0.000000000000000000e+00
0.000000000000000000e+00
0.000000000000000000e+00
0.000000000000000000e+00
0.000000000000000000e+00
0.000000000000000000e+00
0.000000000000000000e+00
0.000000000000000000e+00
0.000000000000000000e+00
0.000000000000000000e+00
0.000000000000000000e+00
0.000000000000000000e+00
0.000000000000000000e+00
0.000000000000000000e+00
0.000000000000000000e+00
0.000000000000000000e+00
0.000000000000000000e+00
0.000000000000000000e+00
0.000000000000000000e+00
0.000000000000000000e+00
0.000000000000000000e+00
0.000000000000000000e+00
0.000000000000000000e+00
0.000000000000000000e+00
0.000000000000000000e+00
0.000000000000000000e+00
0.000000000000000000e+00
0.000000000000000000e+00
0.000000000000000000e+00
0.000000000000000000e+00
0.000000000000000000e+00
0.000000000000000000e+00
0.000000000000000000e+00
0.000000000000000000e+00
0.000000000000000000e+00
0.000000000000000000e+00
0.000000000000000000e+00
0.000000000000000000e+00
0.000000000000000000e+00
0.000000000000000000e+00
0.000000000000000000e+00
0.000000000000000000e+00
0.000000000000000000e+00
0.000000000000000000e+00
0.000000000000000000e+00
0.000000000000000000e+00
0.000000000000000000e+00
0.000000000000000000e+00
0.000000000000000000e+00
1.350000095367431641e+01
0.000000000000000000e+00
0.000000000000000000e+00
9.000000357627868652e-01
1.800000071525573730e+00
1.500000000000000000e+00
1.050000000000000000e+01
0.000000000000000000e+00
0.000000000000000000e+00
1.200000047683715820e+00
3.900000095367431641e+00
3.000000119209289551e-01
1.230000019073486328e+01
0.000000000000000000e+00
0.000000000000000000e+00
1.500000000000000000e+00
2.400000095367431641e+00
1.800000071525573730e+00
1.140000057220458984e+01
1.399999976158142090e+00
0.000000000000000000e+00
1.500000000000000000e+00
2.700000047683715820e+00
3.100000143051147461e+00
1.030000019073486328e+01
2.799999952316284180e+00
3.000000119209289551e-01
0.000000000000000000e+00
0.000000000000000000e+00
8.700000762939453125e+00
3.500000000000000000e+00
5.400000095367431641e+00
2.799999952316284180e+00
6.000000238418579102e-01
0.000000000000000000e+00
1.110000038146972656e+01
9.099999427795410156e+00
1.800000071525573730e+00
6.999999880790710449e-01
1.800000071525573730e+00
0.000000000000000000e+00
8.400000572204589844e+00
1.399999976158142090e+00
1.800000071525573730e+00
0.000000000000000000e+00
0.000000000000000000e+00
0.000000000000000000e+00
0.000000000000000000e+00
0.000000000000000000e+00
0.000000000000000000e+00
0.000000000000000000e+00
0.000000000000000000e+00
0.000000000000000000e+00
0.000000000000000000e+00
0.000000000000000000e+00
0.000000000000000000e+00
0.000000000000000000e+00
0.000000000000000000e+00
0.000000000000000000e+00
0.000000000000000000e+00
0.000000000000000000e+00
0.000000000000000000e+00
0.000000000000000000e+00
0.000000000000000000e+00
0.000000000000000000e+00
0.000000000000000000e+00
0.000000000000000000e+00
0.000000000000000000e+00
0.000000000000000000e+00
0.000000000000000000e+00
0.000000000000000000e+00
0.000000000000000000e+00
0.000000000000000000e+00
0.000000000000000000e+00
0.000000000000000000e+00
0.000000000000000000e+00
1.020000076293945312e+01
0.000000000000000000e+00
0.000000000000000000e+00
0.000000000000000000e+00
1.200000047683715820e+00
0.000000000000000000e+00
1.260000038146972656e+01
0.000000000000000000e+00
0.000000000000000000e+00
0.000000000000000000e+00
2.700000047683715820e+00
0.000000000000000000e+00
1.320000076293945312e+01
2.099999904632568359e+00
0.000000000000000000e+00
0.000000000000000000e+00
1.200000047683715820e+00
1.200000047683715820e+00
1.530000019073486328e+01
8.399999618530273438e+00
0.000000000000000000e+00
0.000000000000000000e+00
1.800000071525573730e+00
0.000000000000000000e+00
1.650000000000000000e+01
8.399999618530273438e+00
0.000000000000000000e+00
0.000000000000000000e+00
1.800000071525573730e+00
0.000000000000000000e+00
1.650000000000000000e+01
1.119999980926513672e+01
0.000000000000000000e+00
0.000000000000000000e+00
1.800000071525573730e+00
1.399999976158142090e+00
1.650000000000000000e+01
1.050000000000000000e+01
0.000000000000000000e+00
0.000000000000000000e+00
1.800000071525573730e+00
0.000000000000000000e+00
1.650000000000000000e+01
1.259999942779541016e+01
0.000000000000000000e+00
0.000000000000000000e+00
9.000000357627868652e-01
9.000000357627868652e-01
1.110000038146972656e+01
1.399999976158142090e+00
1.200000047683715820e+00
1.200000047683715820e+00
4.099999904632568359e+00
1.600000023841857910e+00
1.080000019073486328e+01
2.099999904632568359e+00
9.000000357627868652e-01
0.000000000000000000e+00
0.000000000000000000e+00
0.000000000000000000e+00
0.000000000000000000e+00
1.230000019073486328e+01
3.500000000000000000e+00
0.000000000000000000e+00
0.000000000000000000e+00
0.000000000000000000e+00
0.000000000000000000e+00
0.000000000000000000e+00
0.000000000000000000e+00
0.000000000000000000e+00
0.000000000000000000e+00
0.000000000000000000e+00
0.000000000000000000e+00
0.000000000000000000e+00
0.000000000000000000e+00
0.000000000000000000e+00
0.000000000000000000e+00
0.000000000000000000e+00
0.000000000000000000e+00
0.000000000000000000e+00
0.000000000000000000e+00
0.000000000000000000e+00
0.000000000000000000e+00
0.000000000000000000e+00
0.000000000000000000e+00
0.000000000000000000e+00
0.000000000000000000e+00
0.000000000000000000e+00
0.000000000000000000e+00
0.000000000000000000e+00
0.000000000000000000e+00
0.000000000000000000e+00
0.000000000000000000e+00
0.000000000000000000e+00
0.000000000000000000e+00
0.000000000000000000e+00
0.000000000000000000e+00
0.000000000000000000e+00
1.230000019073486328e+01
0.000000000000000000e+00
0.000000000000000000e+00
0.000000000000000000e+00
0.000000000000000000e+00
0.000000000000000000e+00
1.320000076293945312e+01
0.000000000000000000e+00
0.000000000000000000e+00
0.000000000000000000e+00
0.000000000000000000e+00
0.000000000000000000e+00
1.410000038146972656e+01
6.999999880790710449e-01
0.000000000000000000e+00
0.000000000000000000e+00
0.000000000000000000e+00
2.700000047683715820e+00
9.600000381469726562e+00
6.999999880790710449e-01
6.000000238418579102e-01
0.000000000000000000e+00
1.200000047683715820e+00
3.900000095367431641e+00
4.800000190734863281e+00
2.599999904632568359e+00
5.199999809265136719e+00
2.000000000000000000e+00
2.500000000000000000e+00
2.400000095367431641e+00
6.600000381469726562e+00
4.199999809265136719e+00
5.100000381469726562e+00
4.900000095367431641e+00
2.700000047683715820e+00
3.599999904632568359e+00
6.600000381469726562e+00
2.799999952316284180e+00
6.300000190734863281e+00
2.799999952316284180e+00
3.000000000000000000e+00
1.000000000000000000e+00
8.100000381469726562e+00
5.599999904632568359e+00
5.700000286102294922e+00
2.099999904632568359e+00
3.300000190734863281e+00
2.399999856948852539e+00
7.500000476837158203e+00
3.799999952316284180e+00
6.600000381469726562e+00
1.399999976158142090e+00
3.300000190734863281e+00
1.399999976158142090e+00
3.000000119209289551e-01
6.600000381469726562e+00
2.799999952316284180e+00
0.000000000000000000e+00
0.000000000000000000e+00
0.000000000000000000e+00
0.000000000000000000e+00
0.000000000000000000e+00
0.000000000000000000e+00
0.000000000000000000e+00
0.000000000000000000e+00
0.000000000000000000e+00
0.000000000000000000e+00
0.000000000000000000e+00
0.000000000000000000e+00
0.000000000000000000e+00
0.000000000000000000e+00
0.000000000000000000e+00
0.000000000000000000e+00
0.000000000000000000e+00
0.000000000000000000e+00
0.000000000000000000e+00
0.000000000000000000e+00
0.000000000000000000e+00
0.000000000000000000e+00
0.000000000000000000e+00
0.000000000000000000e+00
0.000000000000000000e+00
0.000000000000000000e+00
0.000000000000000000e+00
0.000000000000000000e+00
0.000000000000000000e+00
0.000000000000000000e+00
0.000000000000000000e+00
0.000000000000000000e+00
0.000000000000000000e+00
0.000000000000000000e+00
0.000000000000000000e+00
1.080000019073486328e+01
0.000000000000000000e+00
0.000000000000000000e+00
0.000000000000000000e+00
0.000000000000000000e+00
0.000000000000000000e+00
1.140000057220458984e+01
0.000000000000000000e+00
0.000000000000000000e+00
0.000000000000000000e+00
1.800000071525573730e+00
1.200000047683715820e+00
1.170000076293945312e+01
6.999999880790710449e-01
0.000000000000000000e+00
9.000000357627868652e-01
3.400000095367431641e+00
1.800000071525573730e+00
9.900000572204589844e+00
1.399999976158142090e+00
6.000000238418579102e-01
1.800000071525573730e+00
3.300000190734863281e+00
1.600000023841857910e+00
1.080000019073486328e+01
3.500000000000000000e+00
6.000000238418579102e-01
1.500000000000000000e+00
4.700000286102294922e+00
1.299999952316284180e+00
1.260000038146972656e+01
1.050000000000000000e+01
6.000000238418579102e-01
1.500000000000000000e+00
3.000000000000000000e+00
1.399999976158142090e+00
1.230000019073486328e+01
5.599999904632568359e+00
3.000000119209289551e-01
1.800000071525573730e+00
3.000000000000000000e+00
1.000000000000000000e+00
1.230000019073486328e+01
7.699999809265136719e+00
0.000000000000000000e+00
2.100000143051147461e+00
6.500000000000000000e+00
1.700000047683715820e+00
1.230000019073486328e+01
5.599999904632568359e+00
0.000000000000000000e+00
2.100000143051147461e+00
3.000000000000000000e+00
6.999999880790710449e-01
1.320000076293945312e+01
8.399999618530273438e+00
0.000000000000000000e+00
2.100000143051147461e+00
5.099999904632568359e+00
0.000000000000000000e+00
1.380000019073486328e+01
4.199999809265136719e+00
0.000000000000000000e+00
2.100000143051147461e+00
3.000000000000000000e+00
6.999999880790710449e-01
1.380000019073486328e+01
5.599999904632568359e+00
0.000000000000000000e+00
2.100000143051147461e+00
3.000000000000000000e+00
0.000000000000000000e+00
1.380000019073486328e+01
4.900000095367431641e+00
0.000000000000000000e+00
2.100000143051147461e+00
3.000000000000000000e+00
0.000000000000000000e+00
1.980000114440917969e+01
4.199999809265136719e+00
0.000000000000000000e+00
2.100000143051147461e+00
4.400000095367431641e+00
1.399999976158142090e+00
1.800000000000000000e+01
5.599999904632568359e+00
0.000000000000000000e+00
2.100000143051147461e+00
3.700000047683715820e+00
6.999999880790710449e-01
1.260000038146972656e+01
8.399999618530273438e+00
3.000000119209289551e-01
3.000000000000000000e+00
3.100000143051147461e+00
1.600000023841857910e+00
1.180000019073486328e+01
4.900000095367431641e+00
3.000000119209289551e-01
2.700000047683715820e+00
4.700000286102294922e+00
3.000000000000000000e+00
1.080000019073486328e+01
1.399999976158142090e+00
3.000000119209289551e-01
3.000000000000000000e+00
4.800000190734863281e+00
1.000000000000000000e+00
1.260000038146972656e+01
7.000000000000000000e+00
3.000000119209289551e-01
0.000000000000000000e+00
5.700000286102294922e+00
1.399999976158142090e+00
1.290000057220458984e+01
9.099999427795410156e+00
3.000000119209289551e-01
0.000000000000000000e+00
6.000000000000000000e+00
0.000000000000000000e+00
0.000000000000000000e+00
0.000000000000000000e+00
0.000000000000000000e+00
0.000000000000000000e+00
0.000000000000000000e+00
0.000000000000000000e+00
0.000000000000000000e+00
0.000000000000000000e+00
0.000000000000000000e+00
0.000000000000000000e+00
0.000000000000000000e+00
0.000000000000000000e+00
0.000000000000000000e+00
0.000000000000000000e+00
0.000000000000000000e+00
0.000000000000000000e+00
0.000000000000000000e+00
0.000000000000000000e+00
0.000000000000000000e+00
0.000000000000000000e+00
0.000000000000000000e+00
0.000000000000000000e+00
0.000000000000000000e+00
0.000000000000000000e+00
0.000000000000000000e+00
0.000000000000000000e+00
0.000000000000000000e+00
0.000000000000000000e+00
0.000000000000000000e+00
0.000000000000000000e+00
0.000000000000000000e+00
0.000000000000000000e+00
0.000000000000000000e+00
0.000000000000000000e+00
0.000000000000000000e+00
0.000000000000000000e+00
0.000000000000000000e+00
0.000000000000000000e+00
0.000000000000000000e+00
0.000000000000000000e+00
0.000000000000000000e+00
0.000000000000000000e+00
0.000000000000000000e+00
0.000000000000000000e+00
0.000000000000000000e+00
0.000000000000000000e+00
0.000000000000000000e+00
0.000000000000000000e+00
0.000000000000000000e+00
0.000000000000000000e+00
0.000000000000000000e+00
0.000000000000000000e+00
0.000000000000000000e+00
0.000000000000000000e+00
0.000000000000000000e+00
0.000000000000000000e+00
0.000000000000000000e+00
0.000000000000000000e+00
0.000000000000000000e+00
0.000000000000000000e+00
0.000000000000000000e+00
0.000000000000000000e+00
0.000000000000000000e+00
0.000000000000000000e+00
0.000000000000000000e+00
0.000000000000000000e+00
0.000000000000000000e+00
0.000000000000000000e+00
0.000000000000000000e+00
0.000000000000000000e+00
0.000000000000000000e+00
0.000000000000000000e+00
0.000000000000000000e+00
0.000000000000000000e+00
0.000000000000000000e+00
0.000000000000000000e+00
0.000000000000000000e+00
0.000000000000000000e+00
0.000000000000000000e+00
0.000000000000000000e+00
0.000000000000000000e+00
0.000000000000000000e+00
0.000000000000000000e+00
0.000000000000000000e+00
0.000000000000000000e+00
0.000000000000000000e+00
0.000000000000000000e+00
0.000000000000000000e+00
0.000000000000000000e+00
0.000000000000000000e+00
0.000000000000000000e+00
0.000000000000000000e+00
0.000000000000000000e+00
0.000000000000000000e+00
0.000000000000000000e+00
0.000000000000000000e+00
0.000000000000000000e+00
0.000000000000000000e+00
0.000000000000000000e+00
0.000000000000000000e+00
0.000000000000000000e+00
0.000000000000000000e+00
0.000000000000000000e+00
0.000000000000000000e+00
0.000000000000000000e+00
0.000000000000000000e+00
0.000000000000000000e+00
0.000000000000000000e+00
0.000000000000000000e+00
0.000000000000000000e+00
0.000000000000000000e+00
0.000000000000000000e+00
0.000000000000000000e+00
0.000000000000000000e+00
0.000000000000000000e+00
0.000000000000000000e+00
0.000000000000000000e+00
0.000000000000000000e+00
0.000000000000000000e+00
0.000000000000000000e+00
0.000000000000000000e+00
0.000000000000000000e+00
0.000000000000000000e+00
0.000000000000000000e+00
0.000000000000000000e+00
0.000000000000000000e+00
0.000000000000000000e+00
0.000000000000000000e+00
0.000000000000000000e+00
0.000000000000000000e+00
0.000000000000000000e+00
0.000000000000000000e+00
0.000000000000000000e+00
0.000000000000000000e+00
0.000000000000000000e+00
0.000000000000000000e+00
0.000000000000000000e+00
0.000000000000000000e+00
0.000000000000000000e+00
0.000000000000000000e+00
0.000000000000000000e+00
0.000000000000000000e+00
0.000000000000000000e+00
0.000000000000000000e+00
0.000000000000000000e+00
0.000000000000000000e+00
0.000000000000000000e+00
0.000000000000000000e+00
0.000000000000000000e+00
0.000000000000000000e+00
0.000000000000000000e+00
0.000000000000000000e+00
0.000000000000000000e+00
0.000000000000000000e+00
0.000000000000000000e+00
0.000000000000000000e+00
0.000000000000000000e+00
0.000000000000000000e+00
0.000000000000000000e+00
0.000000000000000000e+00
0.000000000000000000e+00
0.000000000000000000e+00
0.000000000000000000e+00
0.000000000000000000e+00
0.000000000000000000e+00
0.000000000000000000e+00
0.000000000000000000e+00
0.000000000000000000e+00
0.000000000000000000e+00
0.000000000000000000e+00
0.000000000000000000e+00
0.000000000000000000e+00
0.000000000000000000e+00
0.000000000000000000e+00
0.000000000000000000e+00
0.000000000000000000e+00
0.000000000000000000e+00
0.000000000000000000e+00
0.000000000000000000e+00
0.000000000000000000e+00
0.000000000000000000e+00
0.000000000000000000e+00
0.000000000000000000e+00
0.000000000000000000e+00
0.000000000000000000e+00
0.000000000000000000e+00
0.000000000000000000e+00
0.000000000000000000e+00
0.000000000000000000e+00
0.000000000000000000e+00
0.000000000000000000e+00
0.000000000000000000e+00
0.000000000000000000e+00
0.000000000000000000e+00
0.000000000000000000e+00
0.000000000000000000e+00
0.000000000000000000e+00
0.000000000000000000e+00
0.000000000000000000e+00
0.000000000000000000e+00
0.000000000000000000e+00
0.000000000000000000e+00
0.000000000000000000e+00
0.000000000000000000e+00
0.000000000000000000e+00
0.000000000000000000e+00
0.000000000000000000e+00
0.000000000000000000e+00
