timestamp,value,label
1126692000.000000,4.587939,400.000000
1126692000.000000,1.529313,400.000000
1126693800.000000,3.976214,400.000000
1126693800.000000,3.670352,400.000000
1126695600.000000,1.223451,400.000000
1126695600.000000,5.000000,400.000000
1126697400.000000,4.587939,400.000000
1126697400.000000,5.000000,400.000000
1126699200.000000,3.058626,400.000000
1126699200.000000,5.000000,400.000000
1126701000.000000,3.058626,400.000000
1126701000.000000,1.835176,400.000000
1126702800.000000,4.282077,400.000000
1126702800.000000,3.670352,400.000000
1126704600.000000,1.223451,400.000000
1126704600.000000,1.835176,400.000000
1126706400.000000,4.587939,400.000000
1126706400.000000,4.587939,400.000000
1126708200.000000,1.835176,400.000000
1126708200.000000,3.058626,400.000000
1126710000.000000,3.976214,400.000000
1126710000.000000,0.611725,400.000000
1126711800.000000,1.529313,400.000000
1126711800.000000,0.305863,400.000000
1126713600.000000,3.364489,400.000000
1126713600.000000,2.752764,400.000000
1126715400.000000,2.446901,400.000000
1126715400.000000,0.000000,400.000000
1126717200.000000,1.529313,400.000000
1126717200.000000,1.223451,400.000000
1126719000.000000,2.141038,400.000000
1126719000.000000,0.917588,400.000000
1126720800.000000,0.000000,400.000000
1126720800.000000,0.305863,400.000000
1126722600.000000,0.000000,400.000000
1126722600.000000,0.000000,400.000000
1126724400.000000,0.611725,400.000000
1126724400.000000,0.917588,400.000000
1126726200.000000,0.305863,400.000000
1126726200.000000,0.000000,400.000000
1126728000.000000,0.611725,400.000000
1126728000.000000,0.611725,400.000000
1126729800.000000,0.305863,400.000000
1126729800.000000,0.000000,400.000000
1126731600.000000,0.611725,400.000000
1126731600.000000,0.000000,400.000000
1126733400.000000,1.223451,400.000000
1126733400.000000,0.611725,400.000000
1126735200.000000,0.305863,400.000000
1126735200.000000,0.000000,400.000000
1126737000.000000,0.000000,400.000000
1126737000.000000,0.000000,400.000000
1126738800.000000,0.611725,400.000000
1126738800.000000,0.305863,400.000000
1126740600.000000,0.000000,400.000000
1126740600.000000,0.000000,400.000000
1126742400.000000,0.000000,400.000000
1126742400.000000,0.000000,400.000000
1126744200.000000,0.000000,400.000000
1126744200.000000,0.000000,400.000000
1126746000.000000,0.000000,400.000000
1126746000.000000,0.000000,400.000000
1126747800.000000,0.000000,400.000000
1126747800.000000,0.000000,400.000000
1126749600.000000,0.000000,400.000000
1126749600.000000,0.000000,400.000000
1126751400.000000,0.000000,400.000000
1126751400.000000,0.000000,400.000000
1126753200.000000,0.305863,400.000000
1126753200.000000,0.305863,400.000000
1126755000.000000,0.000000,400.000000
1126755000.000000,0.000000,400.000000
1126756800.000000,0.000000,400.000000
1126756800.000000,0.000000,400.000000
1126758600.000000,0.000000,400.000000
1126758600.000000,0.000000,400.000000
1126760400.000000,0.000000,400.000000
1126760400.000000,0.305863,400.000000
1126762200.000000,0.305863,400.000000
1126762200.000000,0.917588,400.000000
1126764000.000000,0.611725,400.000000
1126764000.000000,1.529313,400.000000
1126765800.000000,0.611725,400.000000
1126765800.000000,3.670352,400.000000
1126767600.000000,0.000000,400.000000
1126767600.000000,2.141038,400.000000
1126769400.000000,0.611725,400.000000
1126769400.000000,2.141038,400.000000
1126771200.000000,4.282077,400.000000
1126771200.000000,3.364489,400.000000
1126773000.000000,4.282077,400.000000
1126773000.000000,3.670352,400.000000
1126774800.000000,2.446901,400.000000
1126774800.000000,3.058626,400.000000
1126776600.000000,3.058626,400.000000
1126776600.000000,2.446901,120.000008
1126778400.000000,5.000000,120.000008
1126778400.000000,2.141038,120.000008
1126780200.000000,3.670352,120.000008
1126780200.000000,3.364489,120.000008
1126782000.000000,2.446901,255.100006
1126782000.000000,3.058626,120.000008
1126783800.000000,0.611725,120.000008
1126783800.000000,5.000000,120.000008
1126785600.000000,3.058626,120.000008
1126785600.000000,2.752764,120.000008
1126787400.000000,3.058626,250.200012
1126787400.000000,2.752764,122.100006
1126789200.000000,2.141038,120.700005
1126789200.000000,4.282077,120.700005
1126791000.000000,3.364489,121.400009
1126791000.000000,3.058626,120.000008
1126792800.000000,4.282077,246.000000
1126792800.000000,2.752764,124.200005
1126794600.000000,1.223451,120.000008
1126794600.000000,1.835176,121.400009
1126796400.000000,3.058626,120.700005
1126796400.000000,1.529313,120.700005
1126798200.000000,4.587939,239.000000
1126798200.000000,1.529313,127.000008
1126800000.000000,2.446901,122.800011
1126800000.000000,0.305863,122.100006
1126801800.000000,1.529313,120.000008
1126801800.000000,0.000000,120.700005
1126803600.000000,1.223451,236.900009
1126803600.000000,0.611725,124.200005
1126805400.000000,0.000000,127.000008
1126805400.000000,0.000000,120.700005
1126807200.000000,0.917588,122.800011
1126807200.000000,0.611725,120.000008
1126809000.000000,0.000000,232.000000
1126809000.000000,0.611725,124.900009
1126810800.000000,0.611725,124.200005
1126810800.000000,1.223451,125.600006
1126812600.000000,0.611725,122.800011
1126812600.000000,0.000000,120.700005
1126814400.000000,0.000000,224.300003
1126814400.000000,0.611725,127.700005
1126816200.000000,0.611725,124.900009
1126816200.000000,0.000000,124.200005
1126818000.000000,0.611725,123.500008
1126818000.000000,0.000000,126.300011
1126819800.000000,0.000000,222.200012
1126819800.000000,0.000000,122.800011
1126821600.000000,0.917588,127.000008
1126821600.000000,0.000000,127.000008
1126823400.000000,0.000000,122.800011
1126823400.000000,0.000000,122.800011
1126825200.000000,0.611725,218.000000
1126825200.000000,0.000000,127.700005
1126827000.000000,0.000000,124.200005
1126827000.000000,0.000000,129.800003
1126828800.000000,0.000000,124.900009
1126828800.000000,0.000000,120.000008
1126830600.000000,0.000000,216.600006
1126830600.000000,0.000000,127.700005
1126832400.000000,0.000000,123.500008
1126832400.000000,0.000000,126.300011
1126834200.000000,0.000000,129.800003
1126834200.000000,0.000000,124.900009
1126836000.000000,0.000000,208.900009
1126836000.000000,0.000000,127.700005
1126837800.000000,0.000000,127.000008
1126837800.000000,0.000000,125.600006
1126839600.000000,0.000000,124.200005
1126839600.000000,0.000000,127.700005
1126841400.000000,0.611725,205.400009
1126841400.000000,0.611725,131.900009
1126843200.000000,0.000000,128.400009
1126843200.000000,0.000000,124.200005
1126845000.000000,0.000000,124.900009
1126845000.000000,0.000000,124.200005
1126846800.000000,0.000000,199.800003
1126846800.000000,0.305863,133.300003
1126848600.000000,0.000000,125.600006
1126848600.000000,0.000000,135.400009
1126850400.000000,0.000000,129.100006
1126850400.000000,0.000000,122.800011
1126852200.000000,0.305863,197.000000
1126852200.000000,0.917588,124.200005
1126854000.000000,1.223451,128.400009
1126854000.000000,0.917588,132.600006
1126855800.000000,3.058626,127.000008
1126855800.000000,3.364489,128.400009
1126857600.000000,0.917588,193.500000
1126857600.000000,2.752764,126.300011
1126859400.000000,1.529313,129.100006
1126859400.000000,3.976214,127.700005
1126861200.000000,2.141038,129.800003
1126861200.000000,2.141038,133.300003
1126863000.000000,2.141038,192.800003
1126863000.000000,3.364489,132.600006
1126864800.000000,2.752764,123.500008
1126864800.000000,2.141038,124.900009
1126866600.000000,4.282077,129.800003
1126866600.000000,3.058626,127.000008
1126868400.000000,3.364489,193.500000
1126868400.000000,4.282077,135.400009
1126870200.000000,2.141038,126.300011
1126870200.000000,5.000000,126.300011
1126872000.000000,2.446901,128.400009
1126872000.000000,5.000000,127.700005
1126873800.000000,1.223451,187.900009
1126873800.000000,3.058626,129.800003
1126875600.000000,2.141038,131.200012
1126875600.000000,3.058626,132.600006
1126877400.000000,3.976214,125.600006
1126877400.000000,2.141038,127.000008
1126879200.000000,1.835176,181.600006
1126879200.000000,0.611725,134.700012
1126881000.000000,2.141038,134.000000
1126881000.000000,1.529313,126.300011
1126882800.000000,3.058626,129.800003
1126882800.000000,1.223451,127.000008
1126884600.000000,2.446901,178.100006
1126884600.000000,0.000000,132.600006
1126886400.000000,1.223451,131.900009
1126886400.000000,0.305863,134.700012
1126888200.000000,0.917588,131.200012
1126888200.000000,0.611725,127.000008
1126890000.000000,0.917588,177.400009
1126890000.000000,0.000000,127.700005
1126891800.000000,0.305863,134.700012
1126891800.000000,0.305863,134.000000
1126893600.000000,0.611725,127.000008
1126893600.000000,0.000000,130.500000
1126895400.000000,0.000000,171.800003
1126895400.000000,0.000000,133.300003
1126897200.000000,0.000000,130.500000
1126897200.000000,0.000000,131.900009
1126899000.000000,0.305863,134.000000
1126899000.000000,0.917588,129.100006
1126900800.000000,0.611725,172.500000
1126900800.000000,0.305863,131.900009
1126902600.000000,0.917588,126.300011
1126902600.000000,0.611725,131.900009
1126904400.000000,0.305863,135.400009
1126904400.000000,0.000000,131.200012
1126906200.000000,0.305863,166.200012
1126906200.000000,0.000000,132.600006
1126908000.000000,0.000000,134.000000
1126908000.000000,0.000000,133.300003
1126909800.000000,0.305863,130.500000
1126909800.000000,0.000000,131.200012
1126911600.000000,0.000000,165.500000
1126911600.000000,0.000000,128.400009
1126913400.000000,0.000000,136.100006
1126913400.000000,0.000000,131.200012
1126915200.000000,1.529313,131.200012
1126915200.000000,0.000000,133.300003
1126917000.000000,0.000000,173.200012
1126917000.000000,0.000000,130.500000
1126918800.000000,0.000000,136.800003
1126918800.000000,0.000000,133.300003
1126920600.000000,0.000000,129.100006
1126920600.000000,0.000000,136.100006
1126922400.000000,0.000000,164.800003
1126922400.000000,0.000000,136.100006
1126924200.000000,0.000000,136.100006
1126924200.000000,0.000000,129.100006
1126926000.000000,0.000000,134.000000
1126926000.000000,0.000000,130.500000
1126927800.000000,0.000000,165.500000
1126927800.000000,0.000000,135.400009
1126929600.000000,0.000000,138.900009
1126929600.000000,0.000000,130.500000
1126931400.000000,0.000000,132.600006
1126931400.000000,0.000000,130.500000
1126933200.000000,0.000000,166.900009
1126933200.000000,0.000000,130.500000
1126935000.000000,0.000000,136.800003
1126935000.000000,0.000000,135.400009
1126936800.000000,0.000000,127.700005
1126936800.000000,0.000000,131.900009
1126938600.000000,0.000000,168.300003
1126938600.000000,0.000000,133.300003
1126940400.000000,0.000000,137.500000
1126940400.000000,0.000000,131.900009
1126942200.000000,0.000000,132.600006
1126942200.000000,0.000000,125.600006
1126944000.000000,0.000000,162.000000
1126944000.000000,0.000000,138.900009
1126945800.000000,0.305863,142.400009
1126945800.000000,0.000000,132.600006
1126947600.000000,0.000000,131.200012
1126947600.000000,0.305863,132.600006
1126949400.000000,0.000000,157.800003
1126949400.000000,0.000000,133.300003
1126951200.000000,0.000000,137.500000
1126951200.000000,0.000000,129.800003
1126953000.000000,0.305863,134.000000
1126953000.000000,0.305863,130.500000
1126954800.000000,0.000000,171.800003
1126954800.000000,0.000000,129.800003
1126956600.000000,1.835176,131.200012
1126956600.000000,0.611725,134.000000
1126958400.000000,0.000000,130.500000
1126958400.000000,0.305863,129.800003
1126960200.000000,0.305863,165.500000
1126960200.000000,0.305863,138.900009
1126962000.000000,0.000000,131.200012
1126962000.000000,0.000000,131.900009
1126963800.000000,1.223451,133.300003
1126963800.000000,0.917588,131.900009
1126965600.000000,0.611725,164.100006
1126965600.000000,0.917588,128.400009
1126967400.000000,0.000000,139.600006
1126967400.000000,0.000000,127.700005
1126969200.000000,0.305863,129.800003
1126969200.000000,0.917588,136.100006
1126971000.000000,0.917588,166.200012
1126971000.000000,0.305863,134.000000
1126972800.000000,0.000000,129.100006
1126972800.000000,0.000000,133.300003
1126974600.000000,0.611725,133.300003
1126974600.000000,0.305863,130.500000
1126976400.000000,0.000000,161.300003
1126976400.000000,0.000000,134.700012
1126978200.000000,0.611725,132.600006
1126978200.000000,0.305863,131.200012
1126980000.000000,0.000000,133.300003
1126980000.000000,0.000000,134.000000
1126981800.000000,0.000000,159.900009
1126981800.000000,0.000000,133.300003
1126983600.000000,0.305863,134.700012
1126983600.000000,0.305863,132.600006
1126985400.000000,0.000000,131.200012
1126985400.000000,0.000000,132.600006
1126987200.000000,0.000000,155.000000
1126987200.000000,0.000000,138.200012
1126989000.000000,0.000000,137.500000
1126989000.000000,0.305863,133.300003
1126990800.000000,1.223451,129.800003
1126990800.000000,0.917588,128.400009
1126992600.000000,0.000000,154.300003
1126992600.000000,0.000000,130.500000
1126994400.000000,0.917588,138.900009
1126994400.000000,0.000000,137.500000
1126996200.000000,0.000000,141.700012
1126996200.000000,0.000000,131.200012
1126998000.000000,0.000000,146.600006
1126998000.000000,0.000000,134.000000
1126999800.000000,0.000000,129.800003
1126999800.000000,0.000000,134.700012
1127001600.000000,0.000000,134.000000
1127001600.000000,0.000000,140.300003
1127003400.000000,0.000000,155.000000
1127003400.000000,0.000000,128.400009
1127005200.000000,0.000000,132.600006
1127005200.000000,0.000000,131.900009
1127007000.000000,0.000000,138.900009
1127007000.000000,0.000000,135.400009
1127008800.000000,0.000000,150.100006
1127008800.000000,0.000000,134.700012
1127010600.000000,0.000000,136.100006
1127010600.000000,0.000000,131.900009
1127012400.000000,0.000000,131.900009
1127012400.000000,0.000000,132.600006
1127014200.000000,0.000000,149.400009
1127014200.000000,0.000000,138.200012
1127016000.000000,0.000000,132.600006
1127016000.000000,0.000000,133.300003
1127017800.000000,0.000000,136.800003
1127017800.000000,0.000000,136.100006
1127019600.000000,0.000000,143.800003
1127019600.000000,0.000000,136.100006
1127021400.000000,0.000000,138.900009
1127021400.000000,0.000000,130.500000
1127023200.000000,0.000000,134.000000
1127023200.000000,0.000000,135.400009
1127025000.000000,0.000000,144.500000
1127025000.000000,0.000000,133.300003
1127026800.000000,0.000000,138.900009
1127026800.000000,0.000000,134.000000
1127028600.000000,0.000000,134.000000
1127028600.000000,0.000000,130.500000
1127030400.000000,0.000000,145.900009
1127030400.000000,0.000000,136.100006
1127032200.000000,0.000000,139.600006
1127032200.000000,0.000000,136.100006
1127034000.000000,0.000000,133.300003
1127034000.000000,0.000000,134.700012
1127035800.000000,0.000000,139.600006
1127035800.000000,0.000000,134.000000
1127037600.000000,0.305863,134.000000
1127037600.000000,0.000000,136.800003
1127039400.000000,0.000000,141.000000
1127039400.000000,0.000000,137.500000
1127041200.000000,0.000000,138.900009
1127041200.000000,0.000000,131.200012
1127043000.000000,0.000000,138.200012
1127043000.000000,0.000000,132.600006
1127044800.000000,0.000000,136.800003
1127044800.000000,0.000000,135.400009
1127046600.000000,0.305863,147.300003
1127046600.000000,0.305863,136.100006
1127048400.000000,0.305863,129.800003
1127048400.000000,0.000000,132.600006
1127050200.000000,0.000000,134.700012
1127050200.000000,0.000000,137.500000
1127052000.000000,0.611725,139.600006
1127052000.000000,0.305863,140.300003
1127053800.000000,0.305863,136.100006
1127053800.000000,0.000000,131.200012
1127055600.000000,0.000000,135.400009
1127055600.000000,0.000000,131.900009
1127057400.000000,0.305863,143.100006
1127057400.000000,0.000000,134.000000
1127059200.000000,0.611725,139.600006
1127059200.000000,0.305863,136.100006
1127061000.000000,0.611725,132.600006
1127061000.000000,0.000000,140.300003
1127062800.000000,0.000000,133.300003
1127062800.000000,0.611725,134.000000
1127064600.000000,0.000000,134.700012
1127064600.000000,0.000000,138.200012
1127066400.000000,0.000000,133.300003
1127066400.000000,0.000000,138.200012
1127068200.000000,0.000000,141.700012
1127068200.000000,0.000000,131.900009
1127070000.000000,0.611725,133.300003
1127070000.000000,0.000000,135.400009
1127071800.000000,0.000000,139.600006
1127071800.000000,0.611725,134.000000
1127073600.000000,0.000000,134.000000
1127073600.000000,0.000000,137.500000
1127075400.000000,0.611725,138.200012
1127075400.000000,0.000000,136.100006
1127077200.000000,0.000000,130.500000
1127077200.000000,0.000000,138.200012
1127079000.000000,0.305863,141.000000
1127079000.000000,0.000000,134.700012
1127080800.000000,0.305863,132.600006
1127080800.000000,0.000000,136.800003
1127082600.000000,0.611725,134.000000
1127082600.000000,0.000000,136.800003
1127084400.000000,0.000000,141.700012
1127084400.000000,0.000000,133.300003
1127086200.000000,0.000000,131.900009
1127086200.000000,0.000000,135.400009
1127088000.000000,0.000000,131.900009
1127088000.000000,0.000000,139.600006
1127089800.000000,0.000000,139.600006
1127089800.000000,0.000000,138.200012
1127091600.000000,0.000000,136.100006
1127091600.000000,0.000000,128.400009
1127093400.000000,0.000000,131.900009
1127093400.000000,0.000000,136.100006
1127095200.000000,0.000000,137.500000
1127095200.000000,0.000000,136.100006
1127097000.000000,0.000000,143.100006
1127097000.000000,0.000000,136.100006
1127098800.000000,0.000000,128.400009
1127098800.000000,0.000000,136.100006
1127100600.000000,0.000000,138.900009
1127100600.000000,0.000000,132.600006
1127102400.000000,0.000000,133.300003
1127102400.000000,0.000000,138.900009
1127104200.000000,0.305863,139.600006
1127104200.000000,0.305863,133.300003
1127106000.000000,0.000000,133.300003
1127106000.000000,0.611725,134.000000
1127107800.000000,0.000000,136.800003
1127107800.000000,0.305863,135.400009
1127109600.000000,0.000000,132.600006
1127109600.000000,0.305863,138.200012
1127111400.000000,0.305863,136.100006
1127111400.000000,0.917588,131.900009
1127113200.000000,0.000000,137.500000
1127113200.000000,2.446901,133.300003
1127115000.000000,0.611725,134.000000
1127115000.000000,2.141038,138.200012
1127116800.000000,2.141038,139.600006
1127116800.000000,3.670352,129.800003
1127118600.000000,3.670352,138.200012
1127118600.000000,3.670352,138.900009
1127120400.000000,3.058626,129.800003
1127120400.000000,3.364489,134.700012
1127122200.000000,4.587939,136.800003
1127122200.000000,3.364489,136.100006
1127124000.000000,4.893802,133.300003
1127124000.000000,2.141038,134.000000
1127125800.000000,3.058626,141.700012
1127125800.000000,0.611725,134.000000
1127127600.000000,3.976214,134.700012
1127127600.000000,5.000000,134.000000
1127129400.000000,1.223451,138.200012
1127129400.000000,5.000000,131.200012
1127131200.000000,3.058626,132.600006
1127131200.000000,5.000000,138.900009
1127133000.000000,3.058626,137.500000
1127133000.000000,4.587939,131.200012
1127134800.000000,4.893802,135.400009
1127134800.000000,5.000000,135.400009
1127136600.000000,4.282077,130.500000
1127136600.000000,4.587939,140.300003
1127138400.000000,3.670352,135.400009
1127138400.000000,4.587939,136.100006
1127140200.000000,5.000000,136.800003
1127140200.000000,3.364489,136.800003
1127142000.000000,2.446901,129.800003
1127142000.000000,1.223451,127.000008
1127143800.000000,1.835176,141.000000
1127143800.000000,0.305863,136.800003
1127145600.000000,3.364489,136.100006
1127145600.000000,0.000000,134.000000
1127147400.000000,0.611725,140.300003
1127147400.000000,0.917588,134.000000
1127149200.000000,1.529313,131.900009
1127149200.000000,0.305863,131.200012
1127151000.000000,0.611725,136.800003
1127151000.000000,0.305863,136.100006
1127152800.000000,0.611725,131.900009
1127152800.000000,0.000000,141.000000
1127154600.000000,0.305863,135.400009
1127154600.000000,0.305863,134.000000
1127156400.000000,0.305863,133.300003
1127156400.000000,0.305863,137.500000
1127158200.000000,0.611725,132.600006
1127158200.000000,0.000000,135.400009
1127160000.000000,0.305863,136.100006
1127160000.000000,0.000000,134.000000
1127161800.000000,0.917588,136.800003
1127161800.000000,0.611725,133.300003
1127163600.000000,0.305863,134.700012
1127163600.000000,0.000000,132.600006
1127165400.000000,0.611725,134.000000
1127165400.000000,1.529313,136.100006
1127167200.000000,0.000000,134.000000
1127167200.000000,0.000000,136.800003
1127169000.000000,0.305863,134.000000
1127169000.000000,0.000000,136.800003
1127170800.000000,0.305863,134.000000
1127170800.000000,0.305863,134.700012
1127172600.000000,0.000000,134.700012
1127172600.000000,0.000000,138.200012
1127174400.000000,0.000000,129.100006
1127174400.000000,0.000000,134.700012
1127176200.000000,0.000000,139.600006
1127176200.000000,0.000000,136.800003
1127178000.000000,0.000000,129.800003
1127178000.000000,0.000000,134.700012
1127179800.000000,0.000000,136.100006
1127179800.000000,0.000000,133.300003
1127181600.000000,0.000000,134.700012
1127181600.000000,0.000000,135.400009
1127183400.000000,0.000000,135.400009
1127183400.000000,0.000000,129.800003
1127185200.000000,0.000000,136.100006
1127185200.000000,0.000000,134.000000
1127187000.000000,0.611725,136.100006
1127187000.000000,0.611725,137.500000
1127188800.000000,0.000000,135.400009
1127188800.000000,0.000000,137.500000
1127190600.000000,0.000000,133.300003
1127190600.000000,0.000000,131.900009
1127192400.000000,0.000000,132.600006
1127192400.000000,0.000000,129.800003
1127194200.000000,0.000000,135.400009
1127194200.000000,0.305863,138.200012
1127196000.000000,0.000000,136.100006
1127196000.000000,0.305863,135.400009
1127197800.000000,0.305863,137.500000
1127197800.000000,0.917588,132.600006
1127199600.000000,0.305863,131.900009
1127199600.000000,1.835176,132.600006
1127201400.000000,0.611725,132.600006
1127201400.000000,1.223451,138.200012
1127203200.000000,2.141038,131.900009
1127203200.000000,4.282077,136.100006
1127205000.000000,0.611725,136.800003
1127205000.000000,4.282077,131.200012
1127206800.000000,1.835176,136.100006
1127206800.000000,3.058626,136.100006
1127208600.000000,3.976214,134.700012
1127208600.000000,4.282077,131.200012
1127210400.000000,5.000000,134.000000
1127210400.000000,1.835176,138.200012
1127212200.000000,1.529313,134.000000
1127212200.000000,2.446901,129.800003
1127214000.000000,3.058626,136.100006
1127214000.000000,3.976214,131.200012
1127215800.000000,1.223451,132.600006
1127215800.000000,3.058626,141.000000
1127217600.000000,3.364489,133.300003
1127217600.000000,5.000000,133.300003
1127219400.000000,3.670352,134.000000
1127219400.000000,2.752764,134.700012
1127221200.000000,2.141038,131.200012
1127221200.000000,3.058626,134.700012
1127223000.000000,1.835176,138.200012
1127223000.000000,2.446901,136.800003
1127224800.000000,3.058626,130.500000
1127224800.000000,4.282077,133.300003
1127226600.000000,2.752764,140.300003
1127226600.000000,5.000000,131.900009
1127228400.000000,5.000000,131.900009
1127228400.000000,1.835176,132.600006
1127230200.000000,3.058626,134.700012
1127230200.000000,1.529313,136.100006
1127232000.000000,2.752764,135.400009
1127232000.000000,0.000000,134.000000
1127233800.000000,0.917588,131.200012
1127233800.000000,0.305863,127.000008
1127235600.000000,0.611725,137.500000
1127235600.000000,0.305863,134.000000
1127237400.000000,2.752764,133.300003
1127237400.000000,0.611725,140.300003
1127239200.000000,0.000000,132.600006
1127239200.000000,0.611725,135.400009
1127241000.000000,0.917588,136.800003
1127241000.000000,0.611725,129.800003
1127242800.000000,0.305863,132.600006
1127242800.000000,0.000000,128.400009
1127244600.000000,0.305863,131.900009
1127244600.000000,0.305863,141.000000
1127246400.000000,0.000000,132.600006
1127246400.000000,0.611725,134.000000
1127248200.000000,0.305863,138.200012
1127248200.000000,0.000000,133.300003
1127250000.000000,0.305863,136.100006
1127250000.000000,0.611725,126.300011
1127251800.000000,0.000000,135.400009
1127251800.000000,0.000000,134.700012
1127253600.000000,0.917588,130.500000
1127253600.000000,0.305863,141.000000
1127255400.000000,0.305863,136.100006
1127255400.000000,0.000000,134.000000
1127257200.000000,0.000000,131.900009
1127257200.000000,0.000000,129.100006
1127259000.000000,0.000000,134.000000
1127259000.000000,0.000000,135.400009
1127260800.000000,0.000000,131.200012
1127260800.000000,0.000000,136.100006
1127262600.000000,0.000000,136.800003
1127262600.000000,0.000000,133.300003
1127264400.000000,0.000000,135.400009
1127264400.000000,0.000000,129.800003
1127266200.000000,0.000000,133.300003
1127266200.000000,0.000000,134.000000
1127268000.000000,0.000000,135.400009
1127268000.000000,0.000000,129.100006
1127269800.000000,0.000000,135.400009
1127269800.000000,0.000000,136.100006
1127271600.000000,0.000000,134.700012
1127271600.000000,0.000000,129.800003
1127273400.000000,0.000000,136.800003
1127273400.000000,0.000000,133.300003
1127275200.000000,0.917588,128.400009
1127275200.000000,0.917588,136.100006
1127277000.000000,0.000000,138.900009
1127277000.000000,0.000000,134.000000
1127278800.000000,0.000000,136.100006
1127278800.000000,0.000000,129.800003
1127280600.000000,0.917588,134.000000
1127280600.000000,1.223451,137.500000
1127282400.000000,0.305863,127.000008
1127282400.000000,0.611725,133.300003
1127284200.000000,1.529313,135.400009
1127284200.000000,5.000000,129.800003
1127286000.000000,3.364489,137.500000
1127286000.000000,5.000000,131.200012
1127287800.000000,2.446901,134.000000
1127287800.000000,3.976214,133.300003
1127289600.000000,5.000000,136.800003
1127289600.000000,4.282077,133.300003
1127291400.000000,2.141038,134.700012
1127291400.000000,5.000000,137.500000
1127293200.000000,4.282077,127.700005
1127293200.000000,3.364489,129.100006
1127295000.000000,5.000000,136.800003
1127295000.000000,5.000000,139.600006
1127296800.000000,5.000000,133.300003
1127296800.000000,5.000000,130.500000
1127298600.000000,5.000000,132.600006
1127298600.000000,3.670352,132.600006
1127300400.000000,5.000000,136.100006
1127300400.000000,5.000000,128.400009
1127302200.000000,5.000000,132.600006
1127302200.000000,5.000000,136.800003
1127304000.000000,3.058626,133.300003
1127304000.000000,5.000000,133.300003
1127305800.000000,3.976214,136.800003
1127305800.000000,4.893802,129.100006
1127307600.000000,3.670352,131.200012
1127307600.000000,4.893802,135.400009
1127309400.000000,4.282077,131.900009
1127309400.000000,5.000000,136.100006
1127311200.000000,5.000000,133.300003
1127311200.000000,3.670352,129.800003
1127313000.000000,3.058626,141.000000
1127313000.000000,2.752764,133.300003
1127314800.000000,5.000000,131.900009
1127314800.000000,1.223451,132.600006
1127316600.000000,3.058626,133.300003
1127316600.000000,0.305863,134.700012
1127318400.000000,4.587939,130.500000
1127318400.000000,3.670352,135.400009
1127320200.000000,3.364489,134.000000
1127320200.000000,0.305863,133.300003
1127322000.000000,0.000000,132.600006
1127322000.000000,0.000000,127.000008
1127323800.000000,0.611725,131.200012
1127323800.000000,0.000000,134.700012
1127325600.000000,0.917588,132.600006
1127325600.000000,1.529313,134.000000
1127327400.000000,0.611725,143.800003
1127327400.000000,0.000000,134.000000
1127329200.000000,0.305863,131.200012
1127329200.000000,0.917588,131.200012
1127331000.000000,0.000000,134.000000
1127331000.000000,0.000000,134.000000
1127332800.000000,0.305863,131.200012
1127332800.000000,0.000000,129.800003
1127334600.000000,0.611725,132.600006
1127334600.000000,0.305863,134.000000
1127336400.000000,0.305863,138.900009
1127336400.000000,0.000000,130.500000
1127338200.000000,0.611725,131.900009
1127338200.000000,0.000000,131.900009
1127340000.000000,0.305863,133.300003
1127340000.000000,0.000000,135.400009
1127341800.000000,0.000000,131.900009
1127341800.000000,0.000000,134.000000
1127343600.000000,0.000000,134.000000
1127343600.000000,0.611725,131.200012
1127345400.000000,0.000000,136.100006
1127345400.000000,0.000000,134.700012
1127347200.000000,0.305863,131.200012
1127347200.000000,0.611725,128.400009
1127349000.000000,0.000000,138.900009
1127349000.000000,0.000000,130.500000
1127350800.000000,0.305863,131.900009
1127350800.000000,0.000000,129.800003
1127352600.000000,0.000000,136.800003
1127352600.000000,0.000000,136.100006
1127354400.000000,0.000000,134.000000
1127354400.000000,0.000000,128.400009
1127356200.000000,0.000000,131.900009
1127356200.000000,0.000000,129.800003
1127358000.000000,0.000000,133.300003
1127358000.000000,0.000000,136.800003
1127359800.000000,0.305863,135.400009
1127359800.000000,0.305863,134.000000
1127361600.000000,0.000000,128.400009
1127361600.000000,0.000000,134.000000
1127363400.000000,0.305863,136.100006
1127363400.000000,0.000000,131.200012
1127365200.000000,0.000000,134.700012
1127365200.000000,0.000000,128.400009
1127367000.000000,0.000000,134.700012
1127367000.000000,0.000000,133.300003
1127368800.000000,0.000000,134.700012
1127368800.000000,1.223451,131.200012
1127370600.000000,0.305863,135.400009
1127370600.000000,0.305863,131.200012
1127372400.000000,0.917588,136.100006
1127372400.000000,3.976214,132.600006
1127374200.000000,0.611725,131.200012
1127374200.000000,2.446901,134.700012
1127376000.000000,1.835176,130.500000
1127376000.000000,1.835176,128.400009
1127377800.000000,2.446901,136.800003
1127377800.000000,5.000000,136.100006
1127379600.000000,1.223451,132.600006
1127379600.000000,2.752764,126.300011
1127381400.000000,2.446901,138.200012
1127381400.000000,1.835176,134.700012
1127383200.000000,5.000000,128.400009
1127383200.000000,3.364489,134.000000
1127385000.000000,4.282077,137.500000
1127385000.000000,3.058626,134.000000
1127386800.000000,2.446901,132.600006
1127386800.000000,5.000000,126.300011
1127388600.000000,2.446901,132.600006
1127388600.000000,4.893802,131.900009
1127390400.000000,4.587939,135.400009
1127390400.000000,5.000000,131.900009
1127392200.000000,3.670352,136.100006
1127392200.000000,5.000000,128.400009
1127394000.000000,1.223451,133.300003
1127394000.000000,0.917588,133.300003
1127395800.000000,2.141038,130.500000
1127395800.000000,1.835176,134.700012
1127397600.000000,2.752764,131.200012
1127397600.000000,4.282077,134.000000
1127399400.000000,1.223451,138.900009
1127399400.000000,1.835176,130.500000
1127401200.000000,2.141038,130.500000
1127401200.000000,2.752764,132.600006
1127403000.000000,4.282077,136.800003
1127403000.000000,0.611725,127.000008
1127404800.000000,4.893802,130.500000
1127404800.000000,0.305863,136.100006
1127406600.000000,2.752764,135.400009
1127406600.000000,0.305863,134.000000
1127408400.000000,0.305863,136.100006
1127408400.000000,0.611725,129.800003
1127410200.000000,1.223451,130.500000
1127410200.000000,0.917588,133.300003
1127412000.000000,0.305863,130.500000
1127412000.000000,0.000000,127.700005
1127413800.000000,0.305863,137.500000
1127413800.000000,0.611725,132.600006
1127415600.000000,0.000000,136.800003
1127415600.000000,0.000000,129.100006
1127417400.000000,1.223451,133.300003
1127417400.000000,0.611725,134.000000
1127419200.000000,0.917588,131.200012
1127419200.000000,0.611725,125.600006
1127421000.000000,0.305863,134.000000
1127421000.000000,0.000000,137.500000
1127422800.000000,0.305863,136.800003
1127422800.000000,0.305863,131.900009
1127424600.000000,0.305863,134.000000
1127424600.000000,0.000000,130.500000
1127426400.000000,0.611725,131.900009
1127426400.000000,0.305863,131.900009
1127428200.000000,0.000000,134.700012
1127428200.000000,0.000000,130.500000
1127430000.000000,0.611725,130.500000
1127430000.000000,0.305863,131.200012
1127431800.000000,0.305863,134.000000
1127431800.000000,0.000000,132.600006
1127433600.000000,0.305863,131.200012
1127433600.000000,0.000000,131.200012
1127435400.000000,0.000000,140.300003
1127435400.000000,0.000000,132.600006
1127437200.000000,0.000000,127.700005
1127437200.000000,0.000000,133.300003
1127439000.000000,0.000000,133.300003
1127439000.000000,0.000000,133.300003
1127440800.000000,0.000000,133.300003
1127440800.000000,0.000000,131.200012
1127442600.000000,0.000000,134.000000
1127442600.000000,0.000000,130.500000
1127444400.000000,0.000000,131.200012
1127444400.000000,0.000000,131.200012
1127446200.000000,0.000000,133.300003
1127446200.000000,0.000000,134.700012
1127448000.000000,0.611725,134.700012
1127448000.000000,0.917588,129.800003
1127449800.000000,0.000000,132.600006
1127449800.000000,0.000000,133.300003
1127451600.000000,0.000000,133.300003
1127451600.000000,0.000000,126.300011
1127453400.000000,0.000000,138.200012
1127453400.000000,0.305863,131.900009
1127455200.000000,0.305863,129.800003
1127455200.000000,0.000000,131.200012
1127457000.000000,1.223451,134.700012
1127457000.000000,2.752764,134.000000
1127458800.000000,0.611725,130.500000
1127458800.000000,1.835176,133.300003
1127460600.000000,1.223451,132.600006
1127460600.000000,4.587939,134.000000
1127462400.000000,2.141038,133.300003
1127462400.000000,5.000000,129.800003
1127464200.000000,2.141038,131.900009
1127464200.000000,3.058626,129.800003
1127466000.000000,3.058626,133.300003
1127466000.000000,4.282077,129.800003
1127467800.000000,4.282077,138.200012
1127467800.000000,4.282077,131.200012
1127469600.000000,5.000000,131.200012
1127469600.000000,4.282077,129.100006
1127471400.000000,3.670352,138.900009
1127471400.000000,1.529313,135.400009
1127473200.000000,4.282077,132.600006
1127473200.000000,5.000000,127.700005
1127475000.000000,4.893802,131.900009
1127475000.000000,5.000000,131.900009
1127476800.000000,3.976214,129.800003
1127476800.000000,5.000000,130.500000
1127478600.000000,3.976214,136.100006
1127478600.000000,3.364489,134.700012
1127480400.000000,2.752764,133.300003
1127480400.000000,3.670352,127.700005
1127482200.000000,2.446901,131.200012
1127482200.000000,1.835176,131.200012
1127484000.000000,2.446901,132.600006
1127484000.000000,1.529313,131.200012
1127485800.000000,2.752764,135.400009
1127485800.000000,3.670352,134.000000
1127487600.000000,3.058626,131.900009
1127487600.000000,1.529313,126.300011
1127489400.000000,2.446901,136.800003
1127489400.000000,1.223451,130.500000
1127491200.000000,0.611725,131.900009
1127491200.000000,1.529313,134.000000
1127493000.000000,3.364489,131.900009
1127493000.000000,0.917588,137.500000
1127494800.000000,1.223451,128.400009
1127494800.000000,0.000000,132.600006
1127496600.000000,0.611725,131.900009
1127496600.000000,0.611725,127.000008
1127498400.000000,0.917588,134.700012
1127498400.000000,0.000000,127.700005
1127500200.000000,1.223451,137.500000
1127500200.000000,0.305863,131.200012
1127502000.000000,0.305863,131.900009
1127502000.000000,0.000000,127.700005
1127503800.000000,0.000000,136.100006
1127503800.000000,0.305863,134.700012
1127505600.000000,0.000000,131.900009
1127505600.000000,0.917588,127.700005
1127507400.000000,0.000000,135.400009
1127507400.000000,0.000000,136.800003
1127509200.000000,0.000000,126.300011
1127509200.000000,0.000000,127.700005
1127511000.000000,0.000000,131.900009
1127511000.000000,0.000000,139.600006
1127512800.000000,0.305863,131.200012
1127512800.000000,0.611725,129.800003
1127514600.000000,0.305863,135.400009
1127514600.000000,0.000000,131.900009
1127516400.000000,0.000000,134.700012
1127516400.000000,0.000000,129.100006
1127518200.000000,0.611725,129.100006
1127518200.000000,0.305863,126.300011
1127520000.000000,0.305863,134.000000
1127520000.000000,0.000000,131.900009
1127521800.000000,0.000000,131.900009
1127521800.000000,0.000000,136.800003
1127523600.000000,0.000000,129.800003
1127523600.000000,0.000000,131.900009
1127525400.000000,0.000000,134.700012
1127525400.000000,0.000000,130.500000
1127527200.000000,0.000000,129.800003
1127527200.000000,0.000000,130.500000
1127529000.000000,0.000000,131.900009
1127529000.000000,0.000000,134.000000
1127530800.000000,0.000000,131.200012
1127530800.000000,0.000000,132.600006
1127532600.000000,0.000000,136.800003
1127532600.000000,0.000000,134.000000
1127534400.000000,0.000000,132.600006
1127534400.000000,0.000000,127.700005
1127536200.000000,0.000000,131.900009
1127536200.000000,0.000000,131.900009
1127538000.000000,0.000000,129.100006
1127538000.000000,0.000000,131.200012
1127539800.000000,0.000000,127.700005
1127539800.000000,0.000000,132.600006
1127541600.000000,0.000000,134.700012
1127541600.000000,0.000000,130.500000
1127543400.000000,0.611725,135.400009
1127543400.000000,0.305863,138.200012
1127545200.000000,0.000000,127.000008
1127545200.000000,0.305863,131.200012
1127547000.000000,0.000000,132.600006
1127547000.000000,0.000000,129.800003
1127548800.000000,0.000000,128.400009
1127548800.000000,0.305863,131.900009
1127550600.000000,0.000000,133.300003
1127550600.000000,0.611725,131.200012
1127552400.000000,0.917588,137.500000
1127552400.000000,0.917588,129.100006
1127554200.000000,0.000000,131.200012
1127554200.000000,0.000000,133.300003
1127556000.000000,0.611725,130.500000
1127556000.000000,0.000000,133.300003
1127557800.000000,0.000000,131.900009
1127557800.000000,0.305863,134.000000
1127559600.000000,1.529313,126.300011
1127559600.000000,0.305863,131.900009
1127561400.000000,0.305863,131.900009
1127561400.000000,1.223451,130.500000
1127563200.000000,0.305863,130.500000
1127563200.000000,1.223451,129.800003
1127565000.000000,0.000000,136.100006
1127565000.000000,0.000000,136.800003
1127566800.000000,0.305863,131.900009
1127566800.000000,0.305863,129.800003
1127568600.000000,0.917588,130.500000
1127568600.000000,0.305863,129.100006
1127570400.000000,0.611725,133.300003
1127570400.000000,0.611725,129.100006
1127572200.000000,0.000000,128.400009
1127572200.000000,0.000000,136.800003
1127574000.000000,0.611725,131.900009
1127574000.000000,0.305863,131.200012
1127575800.000000,0.917588,127.000008
1127575800.000000,0.611725,134.700012
1127577600.000000,0.000000,132.600006
1127577600.000000,0.000000,131.200012
1127579400.000000,0.000000,136.100006
1127579400.000000,0.000000,131.200012
1127581200.000000,0.000000,129.800003
1127581200.000000,0.000000,129.800003
1127583000.000000,0.305863,129.800003
1127583000.000000,0.000000,128.400009
1127584800.000000,0.000000,134.700012
1127584800.000000,0.000000,131.200012
1127586600.000000,0.000000,136.100006
1127586600.000000,0.000000,134.700012
1127588400.000000,0.000000,131.900009
1127588400.000000,0.000000,131.200012
1127590200.000000,0.000000,129.100006
1127590200.000000,0.000000,131.900009
1127592000.000000,0.000000,128.400009
1127592000.000000,0.000000,133.300003
1127593800.000000,0.305863,127.000008
1127593800.000000,0.000000,133.300003
1127595600.000000,0.305863,133.300003
1127595600.000000,0.000000,130.500000
1127597400.000000,0.000000,132.600006
1127597400.000000,0.000000,128.400009
1127599200.000000,0.000000,131.200012
1127599200.000000,0.000000,132.600006
1127601000.000000,0.305863,138.900009
1127601000.000000,0.000000,131.900009
1127602800.000000,0.000000,130.500000
1127602800.000000,0.000000,127.700005
1127604600.000000,0.000000,128.400009
1127604600.000000,0.000000,131.900009
1127606400.000000,0.000000,132.600006
1127606400.000000,0.000000,132.600006
1127608200.000000,0.000000,128.400009
1127608200.000000,0.000000,136.100006
1127610000.000000,0.000000,129.800003
1127610000.000000,0.000000,137.500000
1127611800.000000,0.000000,131.200012
1127611800.000000,0.000000,127.000008
1127613600.000000,0.000000,129.800003
1127613600.000000,0.000000,129.800003
1127615400.000000,0.000000,135.400009
1127615400.000000,0.000000,127.000008
1127617200.000000,0.000000,132.600006
1127617200.000000,0.000000,129.800003
1127619000.000000,0.000000,132.600006
1127619000.000000,0.000000,134.000000
1127620800.000000,0.000000,133.300003
1127620800.000000,0.000000,131.200012
1127622600.000000,0.000000,132.600006
1127622600.000000,0.000000,136.100006
1127624400.000000,0.000000,129.800003
1127624400.000000,0.000000,128.400009
1127626200.000000,0.305863,126.300011
1127626200.000000,0.000000,129.800003
1127628000.000000,0.000000,133.300003
1127628000.000000,0.000000,127.700005
1127629800.000000,0.000000,130.500000
1127629800.000000,0.000000,138.200012
1127631600.000000,0.000000,130.500000
1127631600.000000,0.000000,131.900009
1127633400.000000,0.000000,134.000000
1127633400.000000,0.305863,126.300011
1127635200.000000,0.000000,131.900009
1127635200.000000,0.000000,132.600006
1127637000.000000,0.000000,131.200012
1127637000.000000,0.305863,131.900009
1127638800.000000,0.305863,131.900009
1127638800.000000,0.000000,131.900009
1127640600.000000,0.000000,129.100006
1127640600.000000,0.000000,131.900009
1127642400.000000,0.305863,131.900009
1127642400.000000,0.305863,129.800003
1127644200.000000,0.611725,133.300003
1127644200.000000,0.000000,131.200012
1127646000.000000,0.000000,129.100006
1127646000.000000,0.305863,130.500000
1127647800.000000,0.305863,131.200012
1127647800.000000,0.611725,131.200012
1127649600.000000,0.611725,134.700012
1127649600.000000,0.611725,131.200012
1127651400.000000,0.305863,131.200012
1127651400.000000,0.611725,129.800003
1127653200.000000,0.611725,129.800003
1127653200.000000,0.305863,132.600006
1127655000.000000,0.000000,134.000000
1127655000.000000,0.305863,133.300003
1127656800.000000,0.611725,127.000008
1127656800.000000,0.611725,129.800003
1127658600.000000,0.000000,127.700005
1127658600.000000,0.000000,136.800003
1127660400.000000,0.917588,132.600006
1127660400.000000,0.305863,131.900009
1127662200.000000,0.305863,129.800003
1127662200.000000,0.305863,131.900009
1127664000.000000,0.611725,134.000000
1127664000.000000,0.000000,127.000008
1127665800.000000,0.611725,134.700012
1127665800.000000,0.000000,129.800003
1127667600.000000,0.917588,133.300003
1127667600.000000,0.305863,131.900009
1127669400.000000,0.000000,127.000008
1127669400.000000,0.305863,127.700005
1127671200.000000,0.000000,129.800003
1127671200.000000,0.611725,134.000000
1127673000.000000,0.000000,129.800003
1127673000.000000,0.000000,137.500000
1127674800.000000,0.611725,128.400009
1127674800.000000,0.305863,130.500000
1127676600.000000,0.000000,127.700005
1127676600.000000,0.000000,131.900009
1127678400.000000,0.305863,134.000000
1127678400.000000,0.305863,130.500000
1127680200.000000,0.917588,133.300003
1127680200.000000,0.000000,131.900009
1127682000.000000,0.000000,131.900009
1127682000.000000,0.305863,130.500000
1127683800.000000,0.611725,129.100006
1127683800.000000,0.305863,131.900009
1127685600.000000,0.611725,131.200012
1127685600.000000,0.000000,131.900009
1127687400.000000,0.000000,133.300003
1127687400.000000,0.000000,129.800003
1127689200.000000,0.000000,128.400009
1127689200.000000,0.000000,134.000000
1127691000.000000,0.000000,125.600006
1127691000.000000,0.000000,128.400009
1127692800.000000,0.305863,131.200012
1127692800.000000,0.000000,134.700012
1127694600.000000,0.000000,134.000000
1127694600.000000,0.000000,134.700012
1127696400.000000,0.000000,134.700012
1127696400.000000,0.000000,127.000008
1127698200.000000,0.000000,128.400009
1127698200.000000,0.000000,129.800003
1127700000.000000,0.000000,129.100006
1127700000.000000,0.000000,129.800003
1127701800.000000,0.000000,129.800003
1127701800.000000,0.000000,134.000000
1127703600.000000,0.000000,131.200012
1127703600.000000,0.000000,135.400009
1127705400.000000,0.000000,128.400009
1127705400.000000,0.000000,130.500000
1127707200.000000,0.000000,128.400009
1127707200.000000,0.000000,130.500000
1127709000.000000,0.000000,131.200012
1127709000.000000,0.000000,129.100006
1127710800.000000,0.917588,129.100006
1127710800.000000,0.917588,136.800003
1127712600.000000,0.000000,131.900009
1127712600.000000,0.305863,131.200012
1127714400.000000,0.611725,133.300003
1127714400.000000,0.917588,127.000008
1127716200.000000,0.000000,128.400009
1127716200.000000,1.223451,136.100006
1127718000.000000,0.611725,131.900009
1127718000.000000,2.446901,129.100006
1127719800.000000,0.611725,130.500000
1127719800.000000,2.752764,131.900009
1127721600.000000,3.670352,130.500000
1127721600.000000,5.000000,131.900009
1127723400.000000,3.364489,124.900009
1127723400.000000,2.752764,134.700012
1127725200.000000,3.058626,128.400009
1127725200.000000,5.000000,133.300003
1127727000.000000,3.976214,134.700012
1127727000.000000,2.141038,130.500000
1127728800.000000,5.000000,131.900009
1127728800.000000,2.446901,128.400009
1127730600.000000,3.670352,134.000000
1127730600.000000,1.835176,128.400009
1127732400.000000,1.223451,131.200012
1127732400.000000,5.000000,127.700005
1127734200.000000,2.141038,129.100006
1127734200.000000,3.976214,128.400009
1127736000.000000,2.446901,134.700012
1127736000.000000,4.893802,130.500000
1127737800.000000,3.058626,128.400009
1127737800.000000,3.976214,140.300003
1127739600.000000,2.752764,129.800003
1127739600.000000,3.364489,127.000008
1127741400.000000,4.587939,128.400009
1127741400.000000,1.529313,129.100006
1127743200.000000,2.141038,136.100006
1127743200.000000,3.058626,134.700012
1127745000.000000,2.141038,127.000008
1127745000.000000,4.893802,129.100006
1127746800.000000,3.670352,131.200012
1127746800.000000,0.917588,132.600006
1127748600.000000,5.000000,131.900009
1127748600.000000,1.529313,131.900009
1127750400.000000,2.141038,129.100006
1127750400.000000,1.835176,127.000008
1127752200.000000,1.529313,131.900009
1127752200.000000,0.611725,132.600006
1127754000.000000,1.223451,128.400009
1127754000.000000,0.611725,130.500000
1127755800.000000,0.305863,130.500000
1127755800.000000,0.305863,132.600006
1127757600.000000,0.917588,131.900009
1127757600.000000,0.000000,129.100006
1127759400.000000,1.529313,133.300003
1127759400.000000,0.000000,133.300003
1127761200.000000,0.305863,127.700005
1127761200.000000,1.223451,128.400009
1127763000.000000,0.000000,134.000000
1127763000.000000,0.000000,125.600006
1127764800.000000,0.000000,130.500000
1127764800.000000,0.000000,133.300003
1127766600.000000,0.305863,136.800003
1127766600.000000,0.000000,132.600006
1127768400.000000,0.611725,129.100006
1127768400.000000,0.305863,129.800003
1127770200.000000,0.305863,126.300011
1127770200.000000,0.000000,132.600006
1127772000.000000,0.000000,126.300011
1127772000.000000,0.000000,129.800003
1127773800.000000,0.000000,131.200012
1127773800.000000,0.000000,132.600006
1127775600.000000,0.305863,131.900009
1127775600.000000,0.000000,133.300003
1127777400.000000,0.000000,127.000008
1127777400.000000,0.000000,127.700005
1127779200.000000,0.000000,132.600006
1127779200.000000,0.000000,127.700005
1127781000.000000,0.000000,134.000000
1127781000.000000,0.000000,132.600006
1127782800.000000,0.000000,131.900009
1127782800.000000,0.000000,133.300003
1127784600.000000,0.000000,131.900009
1127784600.000000,0.000000,127.000008
1127786400.000000,0.000000,131.900009
1127786400.000000,0.000000,129.800003
1127788200.000000,0.000000,126.300011
1127788200.000000,0.000000,131.900009
1127790000.000000,0.000000,131.200012
1127790000.000000,0.000000,131.200012
1127791800.000000,0.611725,131.200012
1127791800.000000,0.611725,133.300003
1127793600.000000,0.000000,134.000000
1127793600.000000,0.000000,124.200005
1127795400.000000,0.305863,129.800003
1127795400.000000,0.000000,130.500000
1127797200.000000,0.611725,136.100006
1127797200.000000,1.529313,130.500000
1127799000.000000,0.305863,127.000008
1127799000.000000,0.000000,127.700005
1127800800.000000,0.000000,128.400009
1127800800.000000,0.305863,134.700012
1127802600.000000,0.000000,134.000000
1127802600.000000,1.223451,133.300003
1127804400.000000,0.611725,127.000008
1127804400.000000,2.141038,127.700005
1127806200.000000,1.223451,134.700012
1127806200.000000,5.000000,129.800003
1127808000.000000,2.141038,130.500000
1127808000.000000,4.282077,130.500000
1127809800.000000,2.141038,129.800003
1127809800.000000,3.670352,130.500000
1127811600.000000,4.587939,131.900009
1127811600.000000,4.893802,127.700005
1127813400.000000,5.000000,130.500000
1127813400.000000,2.752764,131.200012
1127815200.000000,5.000000,129.800003
1127815200.000000,5.000000,130.500000
1127817000.000000,3.670352,132.600006
1127817000.000000,5.000000,129.800003
1127818800.000000,1.529313,127.000008
1127818800.000000,3.364489,132.600006
1127820600.000000,4.587939,128.400009
1127820600.000000,5.000000,132.600006
1127822400.000000,1.835176,128.400009
1127822400.000000,5.000000,134.000000
1127824200.000000,2.752764,130.500000
1127824200.000000,5.000000,133.300003
1127826000.000000,5.000000,134.700012
1127826000.000000,5.000000,127.000008
1127827800.000000,3.976214,129.800003
1127827800.000000,3.058626,128.400009
1127829600.000000,3.364489,132.600006
1127829600.000000,3.058626,128.400009
1127831400.000000,5.000000,128.400009
1127831400.000000,2.752764,130.500000
1127833200.000000,2.141038,133.300003
1127833200.000000,1.835176,130.500000
1127835000.000000,3.058626,131.200012
1127835000.000000,2.141038,131.200012
1127836800.000000,2.752764,129.100006
1127836800.000000,1.835176,132.600006
1127838600.000000,3.976214,131.900009
1127838600.000000,1.835176,128.400009
1127840400.000000,1.835176,127.700005
1127840400.000000,0.917588,131.200012
1127842200.000000,0.611725,127.700005
1127842200.000000,1.223451,129.100006
1127844000.000000,0.917588,130.500000
1127844000.000000,0.611725,130.500000
1127845800.000000,0.611725,133.300003
1127845800.000000,0.000000,136.100006
1127847600.000000,1.223451,133.300003
1127847600.000000,0.000000,127.700005
1127849400.000000,0.305863,127.700005
1127849400.000000,0.000000,129.800003
1127851200.000000,0.305863,129.100006
1127851200.000000,0.305863,130.500000
1127853000.000000,1.223451,129.800003
1127853000.000000,1.223451,129.800003
1127854800.000000,0.611725,128.400009
1127854800.000000,0.000000,134.000000
1127856600.000000,0.000000,131.900009
1127856600.000000,0.000000,127.000008
1127858400.000000,0.611725,133.300003
1127858400.000000,0.305863,131.200012
1127860200.000000,0.305863,134.700012
1127860200.000000,0.305863,129.800003
1127862000.000000,0.000000,129.100006
1127862000.000000,0.000000,130.500000
1127863800.000000,0.000000,129.100006
1127863800.000000,0.000000,129.800003
1127865600.000000,0.000000,129.100006
1127865600.000000,0.000000,128.400009
1127867400.000000,0.305863,127.000008
1127867400.000000,0.000000,133.300003
1127869200.000000,0.000000,132.600006
1127869200.000000,0.000000,127.700005
1127871000.000000,0.000000,131.900009
1127871000.000000,0.000000,129.800003
1127872800.000000,0.000000,129.100006
1127872800.000000,0.000000,131.200012
1127874600.000000,0.000000,134.000000
1127874600.000000,0.000000,129.100006
1127876400.000000,0.611725,131.900009
1127876400.000000,0.611725,129.800003
1127878200.000000,0.305863,131.900009
1127878200.000000,0.305863,130.500000
1127880000.000000,0.611725,130.500000
1127880000.000000,0.611725,129.100006
1127881800.000000,0.000000,127.700005
1127881800.000000,0.305863,131.900009
1127883600.000000,0.611725,130.500000
1127883600.000000,0.917588,130.500000
1127885400.000000,1.529313,126.300011
1127885400.000000,0.611725,129.100006
1127887200.000000,0.917588,130.500000
1127887200.000000,1.529313,129.800003
1127889000.000000,0.305863,132.600006
1127889000.000000,1.835176,131.900009
1127890800.000000,0.305863,129.100006
1127890800.000000,1.529313,132.600006
1127892600.000000,1.529313,131.900009
1127892600.000000,3.364489,124.200005
1127894400.000000,2.446901,127.700005
1127894400.000000,4.587939,137.500000
1127896200.000000,5.000000,133.300003
1127896200.000000,5.000000,127.000008
1127898000.000000,2.141038,130.500000
1127898000.000000,2.446901,130.500000
1127899800.000000,2.752764,129.800003
1127899800.000000,3.364489,134.000000
1127901600.000000,5.000000,130.500000
1127901600.000000,3.976214,125.600006
1127903400.000000,3.670352,132.600006
1127903400.000000,3.058626,129.800003
1127905200.000000,3.670352,129.800003
1127905200.000000,4.587939,129.800003
1127907000.000000,3.976214,126.300011
1127907000.000000,5.000000,127.700005
1127908800.000000,1.835176,132.600006
1127908800.000000,5.000000,129.800003
1127910600.000000,3.976214,132.600006
1127910600.000000,2.141038,129.800003
1127912400.000000,3.670352,133.300003
1127912400.000000,5.000000,133.300003
1127914200.000000,5.000000,131.200012
1127914200.000000,4.282077,127.700005
1127916000.000000,5.000000,125.600006
1127916000.000000,4.282077,129.100006
1127917800.000000,4.282077,127.700005
1127917800.000000,2.752764,129.100006
1127919600.000000,3.976214,129.800003
1127919600.000000,1.835176,129.800003
1127921400.000000,2.752764,131.200012
1127921400.000000,1.835176,133.300003
1127923200.000000,2.141038,133.300003
1127923200.000000,1.529313,130.500000
1127925000.000000,1.835176,131.900009
1127925000.000000,0.611725,127.700005
1127926800.000000,0.305863,129.100006
1127926800.000000,0.611725,132.600006
1127928600.000000,0.611725,127.700005
1127928600.000000,0.000000,124.900009
1127930400.000000,0.000000,130.500000
1127930400.000000,0.305863,128.400009
1127932200.000000,0.000000,130.500000
1127932200.000000,0.000000,129.800003
1127934000.000000,0.000000,131.900009
1127934000.000000,0.000000,131.900009
1127935800.000000,0.000000,132.600006
1127935800.000000,0.000000,132.600006
1127937600.000000,0.000000,130.500000
1127937600.000000,0.000000,131.200012
1127939400.000000,0.000000,129.800003
1127939400.000000,0.000000,128.400009
1127941200.000000,0.000000,127.700005
1127941200.000000,0.000000,124.900009
1127943000.000000,0.000000,128.400009
1127943000.000000,0.000000,129.100006
1127944800.000000,0.000000,129.100006
1127944800.000000,0.000000,134.000000
1127946600.000000,0.000000,138.900009
1127946600.000000,0.000000,130.500000
1127948400.000000,0.000000,127.700005
1127948400.000000,0.000000,134.700012
1127950200.000000,0.000000,129.100006
1127950200.000000,0.000000,124.200005
1127952000.000000,0.000000,130.500000
1127952000.000000,0.000000,128.400009
1127953800.000000,0.000000,128.400009
1127953800.000000,0.000000,131.900009
1127955600.000000,0.000000,132.600006
1127955600.000000,0.000000,127.000008
1127957400.000000,0.000000,128.400009
1127957400.000000,0.000000,127.700005
1127959200.000000,0.000000,131.200012
1127959200.000000,0.000000,130.500000
1127961000.000000,0.000000,133.300003
1127961000.000000,0.000000,129.800003
1127962800.000000,0.000000,129.100006
1127962800.000000,0.000000,134.700012
1127964600.000000,0.000000,131.900009
1127964600.000000,0.000000,127.000008
1127966400.000000,0.000000,127.000008
1127966400.000000,0.000000,129.800003
1127968200.000000,0.000000,128.400009
1127968200.000000,0.000000,127.700005
1127970000.000000,0.000000,130.500000
1127970000.000000,0.000000,132.600006
1127971800.000000,0.000000,129.800003
1127971800.000000,0.000000,132.600006
1127973600.000000,2.446901,129.800003
1127973600.000000,1.835176,125.600006
1127975400.000000,0.305863,133.300003
1127975400.000000,2.446901,131.900009
1127977200.000000,1.223451,134.000000
1127977200.000000,2.141038,128.400009
1127979000.000000,1.223451,129.100006
1127979000.000000,3.670352,129.800003
1127980800.000000,2.446901,124.200005
1127980800.000000,3.670352,134.000000
1127982600.000000,3.058626,127.700005
1127982600.000000,3.670352,128.400009
1127984400.000000,1.835176,132.600006
1127984400.000000,3.670352,131.200012
1127986200.000000,2.752764,127.700005
1127986200.000000,3.058626,127.700005
1127988000.000000,4.893802,129.800003
1127988000.000000,2.446901,131.900009
1127989800.000000,5.000000,136.100006
1127989800.000000,2.446901,127.700005
1127991600.000000,2.141038,128.400009
1127991600.000000,5.000000,128.400009
1127993400.000000,2.446901,131.900009
1127993400.000000,5.000000,130.500000
1127995200.000000,5.000000,130.500000
1127995200.000000,5.000000,125.600006
1127997000.000000,0.917588,129.100006
1127997000.000000,2.752764,130.500000
1127998800.000000,5.000000,129.800003
1127998800.000000,4.893802,135.400009
1128000600.000000,4.282077,129.100006
1128000600.000000,3.364489,127.000008
1128002400.000000,3.976214,128.400009
1128002400.000000,2.141038,134.000000
1128004200.000000,3.058626,129.800003
1128004200.000000,3.364489,129.100006
1128006000.000000,3.670352,125.600006
1128006000.000000,2.446901,130.500000
1128007800.000000,3.670352,124.900009
1128007800.000000,2.446901,132.600006
1128009600.000000,1.835176,134.700012
1128009600.000000,1.835176,128.400009
1128011400.000000,3.058626,131.200012
1128011400.000000,1.223451,128.400009
1128013200.000000,1.529313,131.200012
1128013200.000000,1.223451,127.700005
1128015000.000000,1.529313,129.100006
1128015000.000000,1.835176,126.300011
1128016800.000000,1.529313,128.400009
1128016800.000000,0.000000,134.700012
1128018600.000000,0.000000,134.000000
1128018600.000000,0.611725,130.500000
1128020400.000000,0.000000,127.700005
1128020400.000000,0.305863,132.600006
1128022200.000000,0.611725,129.100006
1128022200.000000,0.000000,127.700005
1128024000.000000,0.000000,127.700005
1128024000.000000,0.305863,130.500000
1128025800.000000,0.611725,126.300011
1128025800.000000,0.611725,131.900009
1128027600.000000,0.000000,129.100006
1128027600.000000,0.000000,131.900009
1128029400.000000,0.000000,135.400009
1128029400.000000,0.000000,129.100006
1128031200.000000,1.223451,129.800003
1128031200.000000,0.000000,127.000008
1128033000.000000,0.000000,130.500000
1128033000.000000,0.000000,130.500000
1128034800.000000,0.305863,127.700005
1128034800.000000,0.000000,134.000000
1128036600.000000,0.000000,124.900009
1128036600.000000,0.000000,125.600006
1128038400.000000,0.611725,132.600006
1128038400.000000,0.000000,134.000000
1128040200.000000,0.305863,129.800003
1128040200.000000,0.000000,127.000008
1128042000.000000,0.000000,130.500000
1128042000.000000,0.000000,134.000000
1128043800.000000,0.000000,129.100006
1128043800.000000,0.000000,129.800003
1128045600.000000,0.000000,124.900009
1128045600.000000,0.000000,126.300011
1128047400.000000,0.000000,127.000008
1128047400.000000,0.000000,131.200012
1128049200.000000,0.000000,131.200012
1128049200.000000,0.000000,130.500000
1128051000.000000,2.141038,131.200012
1128051000.000000,1.835176,131.200012
1128052800.000000,0.305863,129.800003
1128052800.000000,0.000000,138.200012
1128054600.000000,0.305863,127.000008
1128054600.000000,0.305863,122.800011
1128056400.000000,0.000000,129.800003
1128056400.000000,0.000000,131.900009
1128058200.000000,0.000000,131.200012
1128058200.000000,0.305863,127.700005
1128060000.000000,0.000000,131.200012
1128060000.000000,0.305863,129.800003
1128061800.000000,0.305863,127.000008
1128061800.000000,1.835176,132.600006
1128063600.000000,1.223451,127.000008
1128063600.000000,2.141038,128.400009
1128065400.000000,2.141038,128.400009
1128065400.000000,3.976214,129.800003
1128067200.000000,1.223451,128.400009
1128067200.000000,4.282077,132.600006
1128069000.000000,2.446901,129.100006
1128069000.000000,5.000000,129.100006
1128070800.000000,1.529313,129.100006
1128070800.000000,4.893802,134.000000
1128072600.000000,2.752764,128.400009
1128072600.000000,5.000000,128.400009
1128074400.000000,5.000000,129.100006
1128074400.000000,4.282077,131.900009
1128076200.000000,4.587939,130.500000
1128076200.000000,2.141038,127.000008
1128078000.000000,4.282077,129.800003
1128078000.000000,5.000000,132.600006
1128079800.000000,4.282077,124.900009
1128079800.000000,5.000000,132.600006
1128081600.000000,3.670352,127.000008
1128081600.000000,4.893802,129.800003
1128083400.000000,5.000000,129.100006
1128083400.000000,5.000000,131.900009
1128085200.000000,3.976214,127.700005
1128085200.000000,2.446901,131.900009
1128087000.000000,3.670352,129.100006
1128087000.000000,3.670352,128.400009
1128088800.000000,2.752764,127.700005
1128088800.000000,3.364489,130.500000
1128090600.000000,2.141038,129.800003
1128090600.000000,2.141038,130.500000
1128092400.000000,4.893802,131.200012
1128092400.000000,0.917588,130.500000
1128094200.000000,2.141038,132.600006
1128094200.000000,0.611725,127.700005
1128096000.000000,1.835176,126.300011
1128096000.000000,1.223451,130.500000
1128097800.000000,0.917588,129.800003
1128097800.000000,0.917588,134.000000
1128099600.000000,0.305863,127.700005
1128099600.000000,0.000000,131.900009
1128101400.000000,0.611725,129.100006
1128101400.000000,0.305863,128.400009
1128103200.000000,0.305863,125.600006
1128103200.000000,0.000000,129.800003
1128105000.000000,0.305863,127.700005
1128105000.000000,0.000000,129.800003
1128106800.000000,0.000000,125.600006
1128106800.000000,0.305863,136.800003
1128108600.000000,0.000000,130.500000
1128108600.000000,0.000000,126.300011
1128110400.000000,0.000000,131.900009
1128110400.000000,0.000000,127.700005
1128112200.000000,0.000000,131.200012
1128112200.000000,0.000000,127.000008
1128114000.000000,0.000000,131.200012
1128114000.000000,0.305863,131.200012
1128115800.000000,0.000000,126.300011
1128115800.000000,0.000000,134.000000
1128117600.000000,0.305863,128.400009
1128117600.000000,0.000000,129.800003
1128119400.000000,0.000000,127.700005
1128119400.000000,0.000000,127.700005
1128121200.000000,0.000000,128.400009
1128121200.000000,0.000000,129.100006
1128123000.000000,0.000000,124.900009
1128123000.000000,0.000000,131.900009
1128124800.000000,0.611725,129.100006
1128124800.000000,0.000000,134.000000
1128126600.000000,0.000000,127.700005
1128126600.000000,0.000000,131.900009
1128128400.000000,0.611725,131.200012
1128128400.000000,0.000000,133.300003
1128130200.000000,0.000000,128.400009
1128130200.000000,0.000000,124.200005
1128132000.000000,0.000000,127.700005
1128132000.000000,0.000000,131.200012
1128133800.000000,0.000000,127.700005
1128133800.000000,0.000000,133.300003
1128135600.000000,0.000000,124.900009
1128135600.000000,0.000000,130.500000
1128137400.000000,0.000000,132.600006
1128137400.000000,0.000000,128.400009
1128139200.000000,0.000000,128.400009
1128139200.000000,0.000000,131.900009
1128141000.000000,0.000000,129.800003
1128141000.000000,0.000000,130.500000
1128142800.000000,0.000000,131.200012
1128142800.000000,0.000000,132.600006
1128144600.000000,0.000000,124.900009
1128144600.000000,0.000000,125.600006
1128146400.000000,0.000000,127.700005
1128146400.000000,0.000000,129.100006
1128148200.000000,0.305863,131.900009
1128148200.000000,0.000000,129.100006
1128150000.000000,0.000000,127.000008
1128150000.000000,0.000000,133.300003
1128151800.000000,0.000000,131.200012
1128151800.000000,0.305863,131.900009
1128153600.000000,0.305863,124.900009
1128153600.000000,0.000000,126.300011
1128155400.000000,1.835176,129.800003
1128155400.000000,2.752764,131.200012
1128157200.000000,1.529313,130.500000
1128157200.000000,1.529313,134.000000
1128159000.000000,0.305863,123.500008
1128159000.000000,0.305863,127.700005
1128160800.000000,0.000000,129.800003
1128160800.000000,0.305863,134.000000
1128162600.000000,1.529313,129.800003
1128162600.000000,0.305863,127.700005
1128164400.000000,1.223451,130.500000
1128164400.000000,1.223451,130.500000
1128166200.000000,0.611725,125.600006
1128166200.000000,0.611725,131.900009
1128168000.000000,1.223451,128.400009
1128168000.000000,1.223451,127.700005
1128169800.000000,2.752764,127.700005
1128169800.000000,1.835176,129.100006
1128171600.000000,1.223451,129.100006
1128171600.000000,1.223451,129.100006
1128173400.000000,0.000000,133.300003
1128173400.000000,0.000000,128.400009
1128175200.000000,0.917588,127.000008
1128175200.000000,0.611725,129.800003
1128177000.000000,3.670352,130.500000
1128177000.000000,2.446901,129.800003
1128178800.000000,0.305863,127.700005
1128178800.000000,0.305863,137.500000
1128180600.000000,0.611725,125.600006
1128180600.000000,0.305863,131.200012
1128182400.000000,0.305863,126.300011
1128182400.000000,0.000000,129.100006
1128184200.000000,0.000000,129.100006
1128184200.000000,0.000000,127.700005
1128186000.000000,0.000000,124.900009
1128186000.000000,0.000000,134.700012
1128187800.000000,0.000000,127.000008
1128187800.000000,0.000000,130.500000
1128189600.000000,0.000000,130.500000
1128189600.000000,0.000000,129.100006
1128191400.000000,0.000000,133.300003
1128191400.000000,0.000000,127.700005
1128193200.000000,0.611725,127.700005
1128193200.000000,0.000000,131.200012
1128195000.000000,0.000000,123.500008
1128195000.000000,0.000000,129.100006
1128196800.000000,0.000000,129.100006
1128196800.000000,0.305863,134.000000
1128198600.000000,0.000000,128.400009
1128198600.000000,0.000000,129.100006
1128200400.000000,0.000000,128.400009
1128200400.000000,0.000000,132.600006
1128202200.000000,0.305863,127.000008
1128202200.000000,0.000000,130.500000
1128204000.000000,0.305863,127.000008
1128204000.000000,0.000000,129.100006
1128205800.000000,0.000000,130.500000
1128205800.000000,0.000000,131.900009
1128207600.000000,0.305863,130.500000
1128207600.000000,0.000000,130.500000
1128209400.000000,0.000000,129.100006
1128209400.000000,0.000000,125.600006
1128211200.000000,0.000000,127.700005
1128211200.000000,0.000000,129.100006
1128213000.000000,0.000000,124.200005
1128213000.000000,0.000000,133.300003
1128214800.000000,0.000000,129.800003
1128214800.000000,0.000000,134.000000
1128216600.000000,0.000000,126.300011
1128216600.000000,0.000000,128.400009
1128218400.000000,0.000000,125.600006
1128218400.000000,0.000000,131.900009
1128220200.000000,0.305863,129.800003
1128220200.000000,0.000000,129.800003
1128222000.000000,0.000000,128.400009
1128222000.000000,0.000000,131.900009
1128223800.000000,0.000000,127.000008
1128223800.000000,0.000000,132.600006
1128225600.000000,0.000000,124.200005
1128225600.000000,0.000000,130.500000
1128227400.000000,0.000000,131.200012
1128227400.000000,0.000000,126.300011
1128229200.000000,0.000000,127.700005
1128229200.000000,0.000000,132.600006
1128231000.000000,0.000000,130.500000
1128231000.000000,0.000000,126.300011
1128232800.000000,0.000000,129.800003
1128232800.000000,0.000000,135.400009
1128234600.000000,0.000000,127.000008
1128234600.000000,0.000000,128.400009
1128236400.000000,0.305863,129.100006
1128236400.000000,0.305863,130.500000
1128238200.000000,0.000000,127.700005
1128238200.000000,0.000000,128.400009
1128240000.000000,0.000000,127.000008
1128240000.000000,0.000000,131.200012
1128241800.000000,0.000000,125.600006
1128241800.000000,0.000000,131.200012
1128243600.000000,0.000000,129.800003
1128243600.000000,0.305863,131.200012
1128245400.000000,0.000000,127.000008
1128245400.000000,0.000000,135.400009
1128247200.000000,0.611725,126.300011
1128247200.000000,0.305863,129.100006
1128249000.000000,0.000000,127.700005
1128249000.000000,0.305863,127.700005
1128250800.000000,0.305863,129.100006
1128250800.000000,0.305863,131.900009
1128252600.000000,0.000000,127.700005
1128252600.000000,0.917588,126.300011
1128254400.000000,0.000000,131.900009
1128254400.000000,0.305863,130.500000
1128256200.000000,0.000000,128.400009
1128256200.000000,0.000000,130.500000
1128258000.000000,0.611725,124.200005
1128258000.000000,0.305863,129.800003
1128259800.000000,0.000000,128.400009
1128259800.000000,0.611725,133.300003
1128261600.000000,0.305863,125.600006
1128261600.000000,0.305863,130.500000
1128263400.000000,0.305863,130.500000
1128263400.000000,0.917588,127.000008
1128265200.000000,0.305863,129.800003
1128265200.000000,0.000000,135.400009
1128267000.000000,0.611725,125.600006
1128267000.000000,0.000000,127.700005
1128268800.000000,0.000000,127.700005
1128268800.000000,0.305863,131.200012
1128270600.000000,0.611725,129.800003
1128270600.000000,0.305863,125.600006
1128272400.000000,0.000000,127.000008
1128272400.000000,0.000000,130.500000
1128274200.000000,0.305863,130.500000
1128274200.000000,0.305863,129.800003
1128276000.000000,0.000000,127.000008
1128276000.000000,0.000000,130.500000
1128277800.000000,0.000000,131.200012
1128277800.000000,1.223451,132.600006
1128279600.000000,0.000000,124.900009
1128279600.000000,0.000000,132.600006
1128281400.000000,0.000000,129.100006
1128281400.000000,0.000000,126.300011
1128283200.000000,0.000000,124.900009
1128283200.000000,0.000000,129.100006
1128285000.000000,0.611725,127.700005
1128285000.000000,0.000000,127.000008
1128286800.000000,0.000000,130.500000
1128286800.000000,0.000000,131.200012
1128288600.000000,0.305863,127.700005
1128288600.000000,0.000000,135.400009
1128290400.000000,0.000000,130.500000
1128290400.000000,0.000000,126.300011
1128292200.000000,0.305863,127.700005
1128292200.000000,0.000000,131.900009
1128294000.000000,0.000000,126.300011
1128294000.000000,0.000000,131.200012
1128295800.000000,0.611725,125.600006
1128295800.000000,0.000000,131.900009
1128297600.000000,0.000000,127.700005
1128297600.000000,0.000000,127.700005
1128299400.000000,0.000000,124.200005
1128299400.000000,0.000000,129.800003
1128301200.000000,0.000000,129.800003
1128301200.000000,0.000000,131.900009
1128303000.000000,0.000000,132.600006
1128303000.000000,0.000000,126.300011
1128304800.000000,0.000000,131.900009
1128304800.000000,0.000000,134.000000
1128306600.000000,0.000000,128.400009
1128306600.000000,0.000000,124.200005
1128308400.000000,0.000000,124.900009
1128308400.000000,0.000000,134.000000
1128310200.000000,0.611725,128.400009
1128310200.000000,1.223451,129.100006
1128312000.000000,0.305863,122.100006
1128312000.000000,0.611725,136.100006
1128313800.000000,0.000000,124.900009
1128313800.000000,0.305863,131.200012
1128315600.000000,0.000000,129.100006
1128315600.000000,0.305863,128.400009
1128317400.000000,0.305863,128.400009
1128317400.000000,0.305863,125.600006
1128319200.000000,0.611725,129.100006
1128319200.000000,0.917588,134.000000
1128321000.000000,0.000000,127.000008
1128321000.000000,0.917588,130.500000
1128322800.000000,0.917588,129.800003
1128322800.000000,1.529313,128.400009
1128324600.000000,0.917588,129.800003
1128324600.000000,4.587939,131.200012
1128326400.000000,1.835176,126.300011
1128326400.000000,5.000000,130.500000
1128328200.000000,1.223451,127.000008
1128328200.000000,3.976214,129.100006
1128330000.000000,3.670352,128.400009
1128330000.000000,5.000000,125.600006
1128331800.000000,2.752764,126.300011
1128331800.000000,2.446901,134.000000
1128333600.000000,5.000000,125.600006
1128333600.000000,2.446901,131.200012
1128335400.000000,2.752764,134.000000
1128335400.000000,2.446901,131.200012
1128337200.000000,2.446901,125.600006
1128337200.000000,5.000000,134.000000
1128339000.000000,2.752764,124.900009
1128339000.000000,5.000000,128.400009
1128340800.000000,3.058626,125.600006
1128340800.000000,4.587939,128.400009
1128342600.000000,4.282077,127.000008
1128342600.000000,5.000000,127.000008
1128344400.000000,4.587939,130.500000
1128344400.000000,5.000000,128.400009
1128346200.000000,5.000000,129.100006
1128346200.000000,5.000000,131.200012
1128348000.000000,5.000000,127.000008
1128348000.000000,5.000000,133.300003
1128349800.000000,5.000000,129.800003
1128349800.000000,3.976214,128.400009
1128351600.000000,4.893802,129.100006
1128351600.000000,2.446901,129.800003
1128353400.000000,5.000000,128.400009
1128353400.000000,1.835176,129.800003
1128355200.000000,2.446901,123.500008
1128355200.000000,0.917588,129.800003
1128357000.000000,1.223451,124.900009
1128357000.000000,0.305863,125.600006
1128358800.000000,0.611725,130.500000
1128358800.000000,0.305863,135.400009
1128360600.000000,0.611725,128.400009
1128360600.000000,0.305863,129.100006
1128362400.000000,0.305863,130.500000
1128362400.000000,0.000000,132.600006
1128364200.000000,0.611725,122.800011
1128364200.000000,0.917588,129.100006
1128366000.000000,0.000000,128.400009
1128366000.000000,0.000000,130.500000
1128367800.000000,0.305863,129.800003
1128367800.000000,0.305863,131.900009
1128369600.000000,0.611725,127.000008
1128369600.000000,0.611725,127.000008
1128371400.000000,0.000000,128.400009
1128371400.000000,0.000000,131.200012
1128373200.000000,0.305863,127.000008
1128373200.000000,0.000000,129.100006
1128375000.000000,0.000000,124.900009
1128375000.000000,0.000000,127.700005
1128376800.000000,0.917588,125.600006
1128376800.000000,0.000000,135.400009
1128378600.000000,0.000000,131.200012
1128378600.000000,0.000000,127.700005
1128380400.000000,0.000000,127.000008
1128380400.000000,0.000000,128.400009
1128382200.000000,0.000000,131.200012
1128382200.000000,0.000000,128.400009
1128384000.000000,0.000000,128.400009
1128384000.000000,0.000000,129.100006
1128385800.000000,0.000000,124.900009
1128385800.000000,0.000000,131.900009
1128387600.000000,0.000000,128.400009
1128387600.000000,0.000000,129.800003
1128389400.000000,0.000000,129.800003
1128389400.000000,0.000000,126.300011
1128391200.000000,0.000000,129.800003
1128391200.000000,0.000000,133.300003
1128393000.000000,0.000000,125.600006
1128393000.000000,0.000000,127.000008
1128394800.000000,0.000000,127.000008
1128394800.000000,0.000000,128.400009
1128396600.000000,0.305863,124.900009
1128396600.000000,0.305863,130.500000
1128398400.000000,1.835176,129.100006
1128398400.000000,1.529313,134.000000
1128400200.000000,0.305863,127.000008
1128400200.000000,0.917588,131.200012
1128402000.000000,2.141038,131.200012
1128402000.000000,1.529313,130.500000
1128403800.000000,0.611725,129.100006
1128403800.000000,0.611725,127.700005
1128405600.000000,0.611725,126.300011
1128405600.000000,0.611725,127.700005
1128407400.000000,0.305863,125.600006
1128407400.000000,3.058626,128.400009
1128409200.000000,0.917588,127.700005
1128409200.000000,1.529313,130.500000
1128411000.000000,1.223451,128.400009
1128411000.000000,5.000000,131.900009
1128412800.000000,2.752764,129.100006
1128412800.000000,5.000000,131.200012
1128414600.000000,3.670352,127.700005
1128414600.000000,4.893802,124.900009
1128416400.000000,5.000000,129.100006
1128416400.000000,5.000000,130.500000
1128418200.000000,5.000000,127.700005
1128418200.000000,4.282077,131.200012
1128420000.000000,4.282077,124.200005
1128420000.000000,5.000000,127.700005
1128421800.000000,4.893802,131.200012
1128421800.000000,5.000000,128.400009
1128423600.000000,3.364489,129.100006
1128423600.000000,5.000000,129.100006
1128425400.000000,5.000000,128.400009
1128425400.000000,5.000000,127.000008
1128427200.000000,5.000000,127.700005
1128427200.000000,5.000000,131.200012
1128429000.000000,3.058626,127.700005
1128429000.000000,4.893802,129.800003
1128430800.000000,4.587939,129.100006
1128430800.000000,5.000000,133.300003
1128432600.000000,5.000000,126.300011
1128432600.000000,5.000000,127.000008
1128434400.000000,3.670352,129.100006
1128434400.000000,3.058626,129.100006
1128436200.000000,3.058626,127.000008
1128436200.000000,2.752764,131.900009
1128438000.000000,5.000000,127.000008
1128438000.000000,1.223451,127.700005
1128439800.000000,3.058626,127.700005
1128439800.000000,0.917588,129.100006
1128441600.000000,4.587939,132.600006
1128441600.000000,0.917588,128.400009
1128443400.000000,1.835176,129.800003
1128443400.000000,2.446901,127.000008
1128445200.000000,0.611725,126.300011
1128445200.000000,0.305863,126.300011
1128447000.000000,0.305863,128.400009
1128447000.000000,0.000000,130.500000
1128448800.000000,2.141038,127.000008
1128448800.000000,1.835176,129.800003
1128450600.000000,0.305863,126.300011
1128450600.000000,0.611725,133.300003
1128452400.000000,0.305863,127.700005
1128452400.000000,0.000000,130.500000
1128454200.000000,0.000000,129.800003
1128454200.000000,0.000000,126.300011
1128456000.000000,0.917588,122.100006
1128456000.000000,0.611725,129.800003
1128457800.000000,0.000000,131.200012
1128457800.000000,0.000000,125.600006
1128459600.000000,0.611725,132.600006
1128459600.000000,0.305863,133.300003
1128461400.000000,1.223451,127.700005
1128461400.000000,0.000000,124.900009
1128463200.000000,0.305863,131.200012
1128463200.000000,0.611725,129.100006
1128465000.000000,0.000000,126.300011
1128465000.000000,0.000000,125.600006
1128466800.000000,0.305863,129.800003
1128466800.000000,0.305863,132.600006
1128468600.000000,0.000000,129.100006
1128468600.000000,0.000000,126.300011
1128470400.000000,0.000000,126.300011
1128470400.000000,0.000000,131.900009
1128472200.000000,0.000000,128.400009
1128472200.000000,0.000000,130.500000
1128474000.000000,0.611725,126.300011
1128474000.000000,0.000000,130.500000
1128475800.000000,0.000000,130.500000
1128475800.000000,0.000000,128.400009
1128477600.000000,0.000000,127.700005
1128477600.000000,0.000000,127.700005
1128479400.000000,0.000000,127.700005
1128479400.000000,0.000000,127.700005
1128481200.000000,0.000000,127.700005
1128481200.000000,0.000000,126.300011
1128483000.000000,0.611725,130.500000
1128483000.000000,0.305863,127.000008
1128484800.000000,0.000000,129.100006
1128484800.000000,0.305863,130.500000
1128486600.000000,1.223451,129.100006
1128486600.000000,0.000000,129.100006
1128488400.000000,0.611725,129.100006
1128488400.000000,1.529313,127.000008
1128490200.000000,0.000000,130.500000
1128490200.000000,0.305863,127.700005
1128492000.000000,0.611725,127.000008
1128492000.000000,0.611725,130.500000
1128493800.000000,0.305863,127.000008
1128493800.000000,1.529313,132.600006
1128495600.000000,0.305863,124.900009
1128495600.000000,2.446901,127.000008
1128497400.000000,2.141038,130.500000
1128497400.000000,4.282077,128.400009
1128499200.000000,0.305863,130.500000
1128499200.000000,3.670352,131.200012
1128501000.000000,3.058626,129.800003
1128501000.000000,3.670352,123.500008
1128502800.000000,4.282077,130.500000
1128502800.000000,4.893802,129.100006
1128504600.000000,3.058626,124.900009
1128504600.000000,3.976214,127.700005
1128506400.000000,5.000000,129.800003
1128506400.000000,5.000000,127.700005
1128508200.000000,3.058626,129.800003
1128508200.000000,3.058626,126.300011
1128510000.000000,2.141038,128.400009
1128510000.000000,5.000000,129.800003
1128511800.000000,2.141038,127.000008
1128511800.000000,5.000000,129.800003
1128513600.000000,4.587939,127.000008
1128513600.000000,3.976214,125.600006
1128515400.000000,2.446901,127.700005
1128515400.000000,4.893802,128.400009
1128517200.000000,4.282077,129.100006
1128517200.000000,3.976214,130.500000
1128519000.000000,5.000000,132.600006
1128519000.000000,3.364489,131.200012
1128520800.000000,3.670352,130.500000
1128520800.000000,4.587939,130.500000
1128522600.000000,4.282077,130.500000
1128522600.000000,3.976214,127.700005
1128524400.000000,3.058626,125.600006
1128524400.000000,1.835176,127.000008
1128526200.000000,2.752764,127.700005
1128526200.000000,2.141038,126.300011
1128528000.000000,2.446901,126.300011
1128528000.000000,1.223451,129.800003
1128529800.000000,2.752764,129.100006
1128529800.000000,0.000000,132.600006
1128531600.000000,1.223451,127.000008
1128531600.000000,1.835176,129.100006
1128533400.000000,1.529313,130.500000
1128533400.000000,2.752764,125.600006
1128535200.000000,0.305863,125.600006
1128535200.000000,0.000000,127.000008
1128537000.000000,0.917588,129.800003
1128537000.000000,0.305863,124.900009
1128538800.000000,0.917588,128.400009
1128538800.000000,0.917588,126.300011
1128540600.000000,0.000000,134.000000
1128540600.000000,0.000000,127.700005
1128542400.000000,0.917588,129.100006
1128542400.000000,0.000000,129.100006
1128544200.000000,0.305863,134.000000
1128544200.000000,0.305863,124.200005
1128546000.000000,0.305863,131.900009
1128546000.000000,0.000000,123.500008
1128547800.000000,0.000000,125.600006
1128547800.000000,0.000000,129.100006
1128549600.000000,0.305863,124.900009
1128549600.000000,0.000000,129.800003
1128551400.000000,0.305863,131.200012
1128551400.000000,0.000000,129.800003
1128553200.000000,0.000000,129.100006
1128553200.000000,0.000000,129.800003
1128555000.000000,0.000000,127.700005
1128555000.000000,0.000000,129.800003
1128556800.000000,0.000000,127.700005
1128556800.000000,0.000000,129.800003
1128558600.000000,0.000000,126.300011
1128558600.000000,0.000000,127.000008
1128560400.000000,0.000000,127.000008
1128560400.000000,0.000000,128.400009
1128562200.000000,0.305863,132.600006
1128562200.000000,0.000000,128.400009
1128564000.000000,0.305863,127.700005
1128564000.000000,0.000000,129.100006
1128565800.000000,0.000000,129.100006
1128565800.000000,0.000000,126.300011
1128567600.000000,0.000000,130.500000
1128567600.000000,0.000000,128.400009
1128569400.000000,0.000000,127.700005
1128569400.000000,0.000000,124.900009
1128571200.000000,0.000000,127.000008
1128571200.000000,0.000000,127.700005
1128573000.000000,0.611725,130.500000
1128573000.000000,0.611725,128.400009
1128574800.000000,0.000000,129.100006
1128574800.000000,0.000000,129.800003
1128576600.000000,0.611725,130.500000
1128576600.000000,1.223451,124.900009
1128578400.000000,0.305863,125.600006
1128578400.000000,0.305863,129.100006
1128580200.000000,0.000000,132.600006
1128580200.000000,0.611725,130.500000
1128582000.000000,0.611725,127.000008
1128582000.000000,3.364489,126.300011
1128583800.000000,0.917588,129.800003
1128583800.000000,3.670352,124.900009
1128585600.000000,1.835176,131.200012
1128585600.000000,3.670352,127.700005
1128587400.000000,1.223451,124.900009
1128587400.000000,2.446901,127.700005
1128589200.000000,2.141038,129.800003
1128589200.000000,3.058626,129.800003
1128591000.000000,2.141038,128.400009
1128591000.000000,2.141038,131.200012
1128592800.000000,3.670352,129.800003
1128592800.000000,2.141038,127.000008
1128594600.000000,4.893802,129.100006
1128594600.000000,4.282077,127.700005
1128596400.000000,1.529313,124.900009
1128596400.000000,5.000000,129.800003
1128598200.000000,5.000000,128.400009
1128598200.000000,5.000000,125.600006
1128600000.000000,4.893802,129.800003
1128600000.000000,5.000000,129.100006
1128601800.000000,3.976214,130.500000
1128601800.000000,3.364489,129.800003
1128603600.000000,3.058626,127.700005
1128603600.000000,4.587939,126.300011
1128605400.000000,5.000000,131.200012
1128605400.000000,3.976214,128.400009
1128607200.000000,2.752764,125.600006
1128607200.000000,3.058626,126.300011
1128609000.000000,4.587939,129.100006
1128609000.000000,3.670352,127.000008
1128610800.000000,4.282077,126.300011
1128610800.000000,3.058626,127.000008
1128612600.000000,1.835176,129.100006
1128612600.000000,2.752764,131.200012
1128614400.000000,2.446901,131.200012
1128614400.000000,0.305863,128.400009
1128616200.000000,3.976214,130.500000
1128616200.000000,0.000000,127.700005
1128618000.000000,0.305863,125.600006
1128618000.000000,0.000000,127.000008
1128619800.000000,1.223451,129.100006
1128619800.000000,0.000000,129.100006
1128621600.000000,1.529313,127.700005
1128621600.000000,1.223451,127.700005
1128623400.000000,2.752764,129.100006
1128623400.000000,0.000000,127.700005
1128625200.000000,0.000000,127.000008
1128625200.000000,0.000000,131.200012
1128627000.000000,0.305863,129.800003
1128627000.000000,0.000000,126.300011
1128628800.000000,0.917588,131.900009
1128628800.000000,0.000000,130.500000
1128630600.000000,0.000000,127.000008
1128630600.000000,0.000000,124.900009
1128632400.000000,1.223451,129.800003
1128632400.000000,0.000000,126.300011
1128634200.000000,0.611725,124.900009
1128634200.000000,0.000000,128.400009
1128636000.000000,0.000000,127.700005
1128636000.000000,0.000000,126.300011
1128637800.000000,0.000000,130.500000
1128637800.000000,0.000000,127.700005
1128639600.000000,0.000000,128.400009
1128639600.000000,0.000000,131.900009
1128641400.000000,0.305863,131.900009
1128641400.000000,0.000000,124.900009
1128643200.000000,0.000000,126.300011
1128643200.000000,0.000000,130.500000
1128645000.000000,0.000000,128.400009
1128645000.000000,0.000000,129.100006
1128646800.000000,0.000000,127.000008
1128646800.000000,0.000000,127.000008
1128648600.000000,0.000000,130.500000
1128648600.000000,0.000000,131.900009
1128650400.000000,0.000000,124.900009
1128650400.000000,0.000000,128.400009
1128652200.000000,0.000000,129.800003
1128652200.000000,0.000000,124.900009
1128654000.000000,0.305863,125.600006
1128654000.000000,0.000000,128.400009
1128655800.000000,0.305863,131.900009
1128655800.000000,0.000000,127.700005
1128657600.000000,0.000000,124.200005
1128657600.000000,0.000000,127.000008
1128659400.000000,0.611725,130.500000
1128659400.000000,1.529313,124.900009
1128661200.000000,0.611725,129.800003
1128661200.000000,0.611725,134.700012
1128663000.000000,0.000000,127.700005
1128663000.000000,0.305863,125.600006
1128664800.000000,3.670352,127.700005
1128664800.000000,3.364489,127.000008
1128666600.000000,1.529313,129.800003
1128666600.000000,1.835176,131.200012
1128668400.000000,2.141038,128.400009
1128668400.000000,5.000000,126.300011
1128670200.000000,2.752764,129.800003
1128670200.000000,5.000000,126.300011
1128672000.000000,5.000000,126.300011
1128672000.000000,5.000000,131.900009
1128673800.000000,3.364489,127.700005
1128673800.000000,5.000000,128.400009
1128675600.000000,5.000000,123.500008
1128675600.000000,4.282077,124.900009
1128677400.000000,3.364489,125.600006
1128677400.000000,5.000000,131.900009
1128679200.000000,5.000000,129.800003
1128679200.000000,5.000000,129.800003
1128681000.000000,3.058626,130.500000
1128681000.000000,2.141038,129.100006
1128682800.000000,5.000000,129.100006
1128682800.000000,5.000000,125.600006
1128684600.000000,3.976214,131.200012
1128684600.000000,5.000000,123.500008
1128686400.000000,5.000000,129.800003
1128686400.000000,5.000000,129.800003
1128688200.000000,4.587939,127.000008
1128688200.000000,1.529313,126.300011
1128690000.000000,5.000000,129.800003
1128690000.000000,3.364489,127.700005
1128691800.000000,3.364489,129.800003
1128691800.000000,1.529313,128.400009
1128693600.000000,1.529313,127.700005
1128693600.000000,2.752764,131.200012
1128695400.000000,2.446901,126.300011
1128695400.000000,3.058626,128.400009
1128697200.000000,4.893802,124.900009
1128697200.000000,1.529313,130.500000
1128699000.000000,4.282077,126.300011
1128699000.000000,1.529313,127.700005
1128700800.000000,2.141038,127.700005
1128700800.000000,0.000000,129.100006
1128702600.000000,0.611725,134.000000
1128702600.000000,0.000000,125.600006
1128704400.000000,1.529313,124.900009
1128704400.000000,0.000000,125.600006
1128706200.000000,0.917588,129.800003
1128706200.000000,0.000000,126.300011
1128708000.000000,0.305863,129.800003
1128708000.000000,0.000000,124.200005
1128709800.000000,0.000000,129.800003
1128709800.000000,0.000000,130.500000
1128711600.000000,0.305863,124.900009
1128711600.000000,0.000000,124.200005
1128713400.000000,0.000000,133.300003
1128713400.000000,0.000000,129.100006
1128715200.000000,0.000000,129.100006
1128715200.000000,0.000000,128.400009
1128717000.000000,1.529313,130.500000
1128717000.000000,0.000000,127.000008
1128718800.000000,0.000000,125.600006
1128718800.000000,0.000000,129.800003
1128720600.000000,0.000000,127.700005
1128720600.000000,0.000000,135.400009
1128722400.000000,0.000000,124.900009
1128722400.000000,0.000000,126.300011
1128724200.000000,0.611725,129.100006
1128724200.000000,0.000000,127.000008
1128726000.000000,0.000000,125.600006
1128726000.000000,0.000000,129.100006
1128727800.000000,0.000000,127.700005
1128727800.000000,0.000000,122.800011
1128729600.000000,0.000000,129.100006
1128729600.000000,0.000000,128.400009
1128731400.000000,0.000000,129.800003
1128731400.000000,0.000000,126.300011
1128733200.000000,0.305863,128.400009
1128733200.000000,0.000000,131.200012
1128735000.000000,0.000000,128.400009
1128735000.000000,0.000000,128.400009
1128736800.000000,0.000000,127.700005
1128736800.000000,0.000000,129.100006
1128738600.000000,0.000000,127.000008
1128738600.000000,0.000000,126.300011
1128740400.000000,0.000000,126.300011
1128740400.000000,0.000000,129.100006
1128742200.000000,0.000000,129.100006
1128742200.000000,0.000000,132.600006
1128744000.000000,0.000000,129.100006
1128744000.000000,0.000000,125.600006
1128745800.000000,0.000000,127.700005
1128745800.000000,0.000000,124.200005
1128747600.000000,0.000000,129.100006
1128747600.000000,0.000000,131.200012
1128749400.000000,0.000000,131.200012
1128749400.000000,0.000000,128.400009
1128751200.000000,0.000000,124.200005
1128751200.000000,0.000000,127.000008
1128753000.000000,0.000000,125.600006
1128753000.000000,0.000000,129.800003
1128754800.000000,0.000000,129.800003
1128754800.000000,0.000000,124.900009
1128756600.000000,0.000000,130.500000
1128756600.000000,0.000000,127.700005
1128758400.000000,0.000000,126.300011
1128758400.000000,0.000000,127.700005
1128760200.000000,0.000000,131.200012
1128760200.000000,0.000000,127.000008
1128762000.000000,0.611725,126.300011
1128762000.000000,0.000000,128.400009
1128763800.000000,0.000000,127.700005
1128763800.000000,0.000000,131.200012
1128765600.000000,0.305863,128.400009
1128765600.000000,0.000000,127.700005
1128767400.000000,0.305863,130.500000
1128767400.000000,0.000000,129.800003
1128769200.000000,0.000000,125.600006
1128769200.000000,0.000000,124.900009
1128771000.000000,0.000000,126.300011
1128771000.000000,0.000000,125.600006
1128772800.000000,0.305863,127.000008
1128772800.000000,0.000000,127.700005
1128774600.000000,0.611725,128.400009
1128774600.000000,0.000000,131.900009
1128776400.000000,0.305863,126.300011
1128776400.000000,0.000000,126.300011
1128778200.000000,0.611725,133.300003
1128778200.000000,0.000000,128.400009
1128780000.000000,0.611725,124.900009
1128780000.000000,0.000000,129.800003
1128781800.000000,0.000000,131.900009
1128781800.000000,0.000000,123.500008
1128783600.000000,0.305863,131.200012
1128783600.000000,0.000000,126.300011
1128785400.000000,0.305863,127.000008
1128785400.000000,0.000000,127.000008
1128787200.000000,1.223451,126.300011
1128787200.000000,0.000000,129.800003
1128789000.000000,0.000000,131.900009
1128789000.000000,0.000000,128.400009
1128790800.000000,0.000000,127.000008
1128790800.000000,0.000000,129.100006
1128792600.000000,0.000000,129.100006
1128792600.000000,0.000000,127.000008
1128794400.000000,0.305863,126.300011
1128794400.000000,0.000000,130.500000
1128796200.000000,0.000000,126.300011
1128796200.000000,0.000000,129.100006
1128798000.000000,0.000000,125.600006
1128798000.000000,0.000000,124.200005
1128799800.000000,0.305863,127.700005
1128799800.000000,0.000000,129.100006
1128801600.000000,0.000000,129.800003
1128801600.000000,0.000000,127.000008
1128803400.000000,0.000000,129.100006
1128803400.000000,0.000000,127.700005
1128805200.000000,0.000000,123.500008
1128805200.000000,0.000000,127.000008
1128807000.000000,0.000000,128.400009
1128807000.000000,0.000000,128.400009
1128808800.000000,0.000000,131.900009
1128808800.000000,0.000000,127.700005
1128810600.000000,0.000000,127.700005
1128810600.000000,0.000000,128.400009
1128812400.000000,0.000000,127.000008
1128812400.000000,0.000000,129.800003
1128814200.000000,0.000000,129.100006
1128814200.000000,0.000000,127.700005
1128816000.000000,0.000000,126.300011
1128816000.000000,0.000000,129.800003
1128817800.000000,0.000000,129.100006
1128817800.000000,0.000000,129.100006
1128819600.000000,0.000000,129.800003
1128819600.000000,0.000000,124.200005
1128821400.000000,0.000000,127.700005
1128821400.000000,0.000000,127.000008
1128823200.000000,0.000000,127.700005
1128823200.000000,0.000000,126.300011
1128825000.000000,0.305863,128.400009
1128825000.000000,0.000000,124.900009
1128826800.000000,0.000000,128.400009
1128826800.000000,0.000000,126.300011
1128828600.000000,0.000000,129.100006
1128828600.000000,0.000000,131.900009
1128830400.000000,0.000000,131.900009
1128830400.000000,0.000000,129.800003
1128832200.000000,0.000000,129.100006
1128832200.000000,0.000000,124.900009
1128834000.000000,0.000000,123.500008
1128834000.000000,0.000000,129.100006
1128835800.000000,0.000000,127.700005
1128835800.000000,0.000000,129.100006
1128837600.000000,0.000000,125.600006
1128837600.000000,0.000000,126.300011
1128839400.000000,0.000000,128.400009
1128839400.000000,0.000000,128.400009
1128841200.000000,0.000000,127.000008
1128841200.000000,0.000000,128.400009
1128843000.000000,0.000000,134.700012
1128843000.000000,0.000000,127.000008
1128844800.000000,0.000000,124.900009
1128844800.000000,0.000000,127.000008
1128846600.000000,0.000000,129.800003
1128846600.000000,0.000000,124.200005
1128848400.000000,0.000000,129.100006
1128848400.000000,0.000000,129.800003
1128850200.000000,0.305863,127.000008
1128850200.000000,0.000000,131.200012
1128852000.000000,0.000000,124.900009
1128852000.000000,0.000000,127.000008
1128853800.000000,0.305863,129.800003
1128853800.000000,0.000000,129.800003
1128855600.000000,0.305863,129.800003
1128855600.000000,0.000000,127.000008
1128857400.000000,0.611725,125.600006
1128857400.000000,0.611725,126.300011
1128859200.000000,0.000000,122.800011
1128859200.000000,0.000000,126.300011
1128861000.000000,0.611725,127.000008
1128861000.000000,0.000000,131.200012
1128862800.000000,0.000000,131.900009
1128862800.000000,0.000000,124.900009
1128864600.000000,0.305863,131.900009
1128864600.000000,0.000000,130.500000
1128866400.000000,1.223451,124.900009
1128866400.000000,0.000000,129.100006
1128868200.000000,0.305863,128.400009
1128868200.000000,0.000000,128.400009
1128870000.000000,0.917588,129.800003
1128870000.000000,0.000000,124.200005
1128871800.000000,0.611725,125.600006
1128871800.000000,0.000000,124.200005
1128873600.000000,0.305863,129.800003
1128873600.000000,0.000000,125.600006
1128875400.000000,0.611725,127.000008
1128875400.000000,0.000000,131.200012
1128877200.000000,0.305863,128.400009
1128877200.000000,0.000000,133.300003
1128879000.000000,0.917588,125.600006
1128879000.000000,0.000000,129.100006
1128880800.000000,0.000000,127.700005
1128880800.000000,0.000000,129.800003
1128882600.000000,0.305863,127.000008
1128882600.000000,0.000000,129.800003
1128884400.000000,0.917588,125.600006
1128884400.000000,0.000000,127.700005
1128886200.000000,0.000000,129.100006
1128886200.000000,0.000000,122.800011
1128888000.000000,0.000000,126.300011
1128888000.000000,0.000000,130.500000
1128889800.000000,0.917588,127.700005
1128889800.000000,0.000000,127.000008
1128891600.000000,0.305863,124.900009
1128891600.000000,0.000000,125.600006
1128893400.000000,0.000000,125.600006
1128893400.000000,0.000000,130.500000
1128895200.000000,0.000000,131.900009
1128895200.000000,0.000000,127.000008
1128897000.000000,0.000000,128.400009
1128897000.000000,0.000000,130.500000
1128898800.000000,0.000000,122.800011
1128898800.000000,0.000000,129.800003
1128900600.000000,0.000000,131.200012
1128900600.000000,0.000000,126.300011
1128902400.000000,0.000000,127.000008
1128902400.000000,0.000000,129.800003
1128904200.000000,0.000000,127.000008
1128904200.000000,0.000000,129.800003
1128906000.000000,0.000000,126.300011
1128906000.000000,0.000000,127.000008
1128907800.000000,0.000000,127.000008
1128907800.000000,0.000000,128.400009
1128909600.000000,0.000000,126.300011
1128909600.000000,0.000000,125.600006
1128911400.000000,0.000000,126.300011
1128911400.000000,0.000000,132.600006
1128913200.000000,0.305863,125.600006
1128913200.000000,0.305863,127.700005
1128915000.000000,0.000000,125.600006
1128915000.000000,0.000000,132.600006
1128916800.000000,0.611725,129.800003
1128916800.000000,0.000000,125.600006
1128918600.000000,0.000000,130.500000
1128918600.000000,0.000000,123.500008
1128920400.000000,0.611725,129.100006
1128920400.000000,1.529313,127.000008
1128922200.000000,0.611725,129.800003
1128922200.000000,0.611725,123.500008
1128924000.000000,0.000000,130.500000
1128924000.000000,0.305863,124.200005
1128925800.000000,0.000000,127.700005
1128925800.000000,0.305863,129.100006
1128927600.000000,0.000000,126.300011
1128927600.000000,2.446901,127.000008
1128929400.000000,0.611725,127.000008
1128929400.000000,2.752764,129.800003
1128931200.000000,2.752764,129.100006
1128931200.000000,5.000000,131.900009
1128933000.000000,3.364489,125.600006
1128933000.000000,3.364489,126.300011
1128934800.000000,2.446901,127.700005
1128934800.000000,3.058626,130.500000
1128936600.000000,1.835176,127.700005
1128936600.000000,2.752764,127.700005
1128938400.000000,5.000000,123.500008
1128938400.000000,3.670352,124.200005
1128940200.000000,1.223451,131.200012
1128940200.000000,1.835176,127.700005
1128942000.000000,2.141038,127.000008
1128942000.000000,5.000000,126.300011
1128943800.000000,4.282077,131.900009
1128943800.000000,5.000000,124.900009
1128945600.000000,2.446901,124.200005
1128945600.000000,5.000000,129.100006
1128947400.000000,2.446901,129.100006
1128947400.000000,3.364489,125.600006
1128949200.000000,1.835176,131.200012
1128949200.000000,5.000000,129.100006
1128951000.000000,3.670352,129.100006
1128951000.000000,3.976214,129.100006
1128952800.000000,5.000000,124.900009
1128952800.000000,4.587939,129.800003
1128954600.000000,5.000000,130.500000
1128954600.000000,5.000000,128.400009
1128956400.000000,5.000000,126.300011
1128956400.000000,5.000000,129.100006
1128958200.000000,4.282077,124.200005
1128958200.000000,1.835176,129.800003
1128960000.000000,4.893802,125.600006
1128960000.000000,0.917588,124.900009
1128961800.000000,2.446901,131.900009
1128961800.000000,0.000000,124.900009
1128963600.000000,5.000000,131.200012
1128963600.000000,1.223451,122.100006
1128965400.000000,3.058626,129.100006
1128965400.000000,0.000000,128.400009
1128967200.000000,0.611725,127.000008
1128967200.000000,0.000000,127.000008
1128969000.000000,0.000000,126.300011
1128969000.000000,0.000000,131.200012
1128970800.000000,0.917588,130.500000
1128970800.000000,0.000000,126.300011
1128972600.000000,0.000000,127.000008
1128972600.000000,0.000000,122.800011
1128974400.000000,0.305863,127.000008
1128974400.000000,0.000000,131.200012
1128976200.000000,0.611725,129.100006
1128976200.000000,0.000000,127.000008
1128978000.000000,0.305863,125.600006
1128978000.000000,0.000000,129.100006
1128979800.000000,0.305863,126.300011
1128979800.000000,0.000000,128.400009
1128981600.000000,0.611725,127.700005
1128981600.000000,0.611725,126.300011
1128983400.000000,0.305863,135.400009
1128983400.000000,0.000000,129.100006
1128985200.000000,0.000000,128.400009
1128985200.000000,0.000000,124.200005
1128987000.000000,0.000000,127.700005
1128987000.000000,0.000000,125.600006
1128988800.000000,0.305863,126.300011
1128988800.000000,0.000000,127.700005
1128990600.000000,0.000000,124.900009
1128990600.000000,0.000000,127.700005
1128992400.000000,0.000000,124.900009
1128992400.000000,0.000000,129.800003
1128994200.000000,0.000000,134.700012
1128994200.000000,0.000000,124.200005
1128996000.000000,0.000000,124.900009
1128996000.000000,0.000000,123.500008
1128997800.000000,0.000000,129.100006
1128997800.000000,0.000000,127.700005
1128999600.000000,0.305863,125.600006
1128999600.000000,0.305863,131.900009
1129001400.000000,0.000000,127.700005
1129001400.000000,0.000000,126.300011
1129003200.000000,0.000000,130.500000
1129003200.000000,0.000000,127.000008
1129005000.000000,0.000000,131.200012
1129005000.000000,0.611725,130.500000
1129006800.000000,0.000000,129.100006
1129006800.000000,0.611725,127.000008
1129008600.000000,0.305863,125.600006
1129008600.000000,0.917588,123.500008
1129010400.000000,0.000000,125.600006
1129010400.000000,0.000000,127.700005
1129012200.000000,0.000000,127.000008
1129012200.000000,0.917588,129.800003
1129014000.000000,1.223451,127.700005
1129014000.000000,4.282077,124.200005
1129015800.000000,0.305863,129.100006
1129015800.000000,3.058626,127.000008
1129017600.000000,2.446901,131.900009
1129017600.000000,5.000000,129.100006
1129019400.000000,2.141038,129.100006
1129019400.000000,2.141038,124.200005
1129021200.000000,4.282077,126.300011
1129021200.000000,5.000000,127.000008
1129023000.000000,4.587939,126.300011
1129023000.000000,3.058626,127.000008
1129024800.000000,5.000000,127.000008
1129024800.000000,2.446901,127.000008
1129026600.000000,5.000000,130.500000
1129026600.000000,5.000000,125.600006
1129028400.000000,3.364489,125.600006
1129028400.000000,5.000000,133.300003
1129030200.000000,5.000000,131.200012
1129030200.000000,5.000000,130.500000
1129032000.000000,5.000000,123.500008
1129032000.000000,5.000000,128.400009
1129033800.000000,3.976214,127.700005
1129033800.000000,4.587939,126.300011
1129035600.000000,2.141038,129.100006
1129035600.000000,2.141038,122.100006
1129037400.000000,3.976214,126.300011
1129037400.000000,4.587939,127.700005
1129039200.000000,1.223451,126.300011
1129039200.000000,3.364489,124.200005
1129041000.000000,3.364489,134.700012
1129041000.000000,2.446901,129.100006
1129042800.000000,2.446901,128.400009
1129042800.000000,4.282077,127.000008
1129044600.000000,5.000000,127.000008
1129044600.000000,1.529313,125.600006
1129046400.000000,3.976214,125.600006
1129046400.000000,0.000000,128.400009
1129048200.000000,2.752764,129.800003
1129048200.000000,0.000000,124.900009
1129050000.000000,2.141038,122.800011
1129050000.000000,0.000000,126.300011
1129051800.000000,0.917588,129.100006
1129051800.000000,0.611725,134.000000
1129053600.000000,0.917588,128.400009
1129053600.000000,0.000000,127.000008
1129055400.000000,1.223451,127.000008
1129055400.000000,0.000000,130.500000
1129057200.000000,0.305863,129.100006
1129057200.000000,0.000000,124.900009
1129059000.000000,0.611725,127.700005
1129059000.000000,0.000000,129.800003
1129060800.000000,0.305863,127.000008
1129060800.000000,0.000000,127.000008
1129062600.000000,0.305863,126.300011
1129062600.000000,0.000000,125.600006
1129064400.000000,0.000000,129.100006
1129064400.000000,0.000000,128.400009
1129066200.000000,0.917588,126.300011
1129066200.000000,0.000000,123.500008
1129068000.000000,0.917588,124.900009
1129068000.000000,0.000000,127.700005
1129069800.000000,0.000000,129.800003
1129069800.000000,0.000000,129.800003
1129071600.000000,0.000000,124.200005
1129071600.000000,0.000000,131.200012
1129073400.000000,0.305863,129.100006
1129073400.000000,0.000000,123.500008
1129075200.000000,0.000000,130.500000
1129075200.000000,0.000000,131.200012
1129077000.000000,0.000000,127.700005
1129077000.000000,0.000000,124.900009
1129078800.000000,0.000000,127.700005
1129078800.000000,0.000000,126.300011
1129080600.000000,0.000000,129.100006
1129080600.000000,0.000000,124.200005
1129082400.000000,0.000000,127.000008
1129082400.000000,0.000000,124.900009
1129084200.000000,0.000000,130.500000
1129084200.000000,0.000000,128.400009
1129086000.000000,0.000000,124.200005
1129086000.000000,0.000000,124.900009
1129087800.000000,0.000000,130.500000
1129087800.000000,0.000000,127.000008
1129089600.000000,0.000000,127.000008
1129089600.000000,0.000000,128.400009
1129091400.000000,0.305863,127.000008
1129091400.000000,0.000000,130.500000
1129093200.000000,0.305863,126.300011
1129093200.000000,0.000000,127.000008
1129095000.000000,0.000000,127.700005
1129095000.000000,0.000000,126.300011
1129096800.000000,0.611725,126.300011
1129096800.000000,0.000000,128.400009
1129098600.000000,0.000000,127.000008
1129098600.000000,0.917588,129.800003
1129100400.000000,1.529313,127.000008
1129100400.000000,1.223451,127.000008
1129102200.000000,0.611725,131.200012
1129102200.000000,0.305863,125.600006
1129104000.000000,3.976214,129.100006
1129104000.000000,1.529313,124.200005
1129105800.000000,1.223451,131.200012
1129105800.000000,3.364489,127.700005
1129107600.000000,1.223451,127.700005
1129107600.000000,3.364489,125.600006
1129109400.000000,2.752764,124.200005
1129109400.000000,5.000000,128.400009
1129111200.000000,5.000000,129.100006
1129111200.000000,4.282077,128.400009
1129113000.000000,4.587939,128.400009
1129113000.000000,3.364489,127.000008
1129114800.000000,3.364489,124.900009
1129114800.000000,3.976214,127.000008
1129116600.000000,3.364489,125.600006
1129116600.000000,5.000000,126.300011
1129118400.000000,1.835176,128.400009
1129118400.000000,3.364489,127.000008
1129120200.000000,2.446901,127.700005
1129120200.000000,4.282077,125.600006
1129122000.000000,4.587939,127.700005
1129122000.000000,5.000000,130.500000
1129123800.000000,3.976214,129.100006
1129123800.000000,4.282077,127.700005
1129125600.000000,3.670352,126.300011
1129125600.000000,5.000000,124.200005
1129127400.000000,2.141038,131.200012
1129127400.000000,3.058626,127.000008
1129129200.000000,3.058626,129.800003
1129129200.000000,1.223451,129.100006
1129131000.000000,3.670352,122.800011
1129131000.000000,1.529313,129.800003
1129132800.000000,3.364489,125.600006
1129132800.000000,1.835176,126.300011
1129134600.000000,2.446901,131.900009
1129134600.000000,0.917588,126.300011
1129136400.000000,0.917588,127.000008
1129136400.000000,0.000000,122.800011
1129138200.000000,0.917588,131.200012
1129138200.000000,0.305863,127.700005
1129140000.000000,0.917588,125.600006
1129140000.000000,0.305863,128.400009
1129141800.000000,1.529313,129.800003
1129141800.000000,0.000000,127.000008
1129143600.000000,0.000000,124.900009
1129143600.000000,0.000000,124.900009
1129145400.000000,0.305863,126.300011
1129145400.000000,0.611725,129.100006
1129147200.000000,0.000000,129.100006
1129147200.000000,0.000000,130.500000
1129149000.000000,0.000000,124.200005
1129149000.000000,0.000000,125.600006
1129150800.000000,0.611725,129.100006
1129150800.000000,0.000000,129.800003
1129152600.000000,1.223451,127.700005
1129152600.000000,0.000000,129.100006
1129154400.000000,0.000000,128.400009
1129154400.000000,0.000000,124.900009
1129156200.000000,0.611725,129.100006
1129156200.000000,0.000000,124.900009
1129158000.000000,0.000000,129.800003
1129158000.000000,0.000000,125.600006
1129159800.000000,0.305863,129.100006
1129159800.000000,0.000000,125.600006
1129161600.000000,0.000000,124.900009
1129161600.000000,0.000000,125.600006
1129163400.000000,0.000000,127.000008
1129163400.000000,0.000000,129.100006
1129165200.000000,0.305863,130.500000
1129165200.000000,0.000000,123.500008
1129167000.000000,0.000000,127.000008
1129167000.000000,0.000000,127.000008
1129168800.000000,0.000000,124.200005
1129168800.000000,0.000000,131.900009
1129170600.000000,0.000000,127.000008
1129170600.000000,0.000000,131.200012
1129172400.000000,0.000000,122.800011
1129172400.000000,0.000000,131.200012
1129174200.000000,0.305863,127.700005
1129174200.000000,0.305863,127.000008
1129176000.000000,0.305863,128.400009
1129176000.000000,0.000000,128.400009
1129177800.000000,0.000000,130.500000
1129177800.000000,0.000000,125.600006
1129179600.000000,0.000000,129.800003
1129179600.000000,0.000000,124.200005
1129181400.000000,0.000000,130.500000
1129181400.000000,0.305863,124.900009
1129183200.000000,0.000000,126.300011
1129183200.000000,0.305863,126.300011
1129185000.000000,0.305863,125.600006
1129185000.000000,1.835176,128.400009
1129186800.000000,0.305863,124.900009
1129186800.000000,2.752764,126.300011
1129188600.000000,1.223451,131.900009
1129188600.000000,2.752764,127.000008
1129190400.000000,2.141038,126.300011
1129190400.000000,1.835176,125.600006
1129192200.000000,2.141038,128.400009
1129192200.000000,3.976214,129.100006
1129194000.000000,1.835176,125.600006
1129194000.000000,4.587939,129.100006
1129195800.000000,1.835176,125.600006
1129195800.000000,1.835176,125.600006
1129197600.000000,5.000000,127.000008
1129197600.000000,2.141038,127.000008
1129199400.000000,1.529313,128.400009
1129199400.000000,2.446901,127.700005
1129201200.000000,3.976214,129.100006
1129201200.000000,5.000000,125.600006
1129203000.000000,3.976214,126.300011
1129203000.000000,5.000000,131.200012
1129204800.000000,3.670352,127.000008
1129204800.000000,4.587939,129.100006
1129206600.000000,2.446901,125.600006
1129206600.000000,3.058626,127.000008
1129208400.000000,2.446901,125.600006
1129208400.000000,2.752764,129.800003
1129210200.000000,4.587939,125.600006
1129210200.000000,5.000000,128.400009
1129212000.000000,4.282077,125.600006
1129212000.000000,3.058626,125.600006
1129213800.000000,3.976214,130.500000
1129213800.000000,2.141038,125.600006
1129215600.000000,4.587939,127.700005
1129215600.000000,3.364489,129.100006
1129217400.000000,3.058626,126.300011
1129217400.000000,2.752764,124.900009
1129219200.000000,3.364489,130.500000
1129219200.000000,1.529313,124.900009
1129221000.000000,3.364489,128.400009
1129221000.000000,0.611725,127.000008
1129222800.000000,0.000000,130.500000
1129222800.000000,0.000000,127.000008
1129224600.000000,0.611725,128.400009
1129224600.000000,0.000000,126.300011
1129226400.000000,1.835176,122.100006
1129226400.000000,0.000000,122.800011
1129228200.000000,1.223451,127.700005
1129228200.000000,0.000000,131.200012
1129230000.000000,0.611725,126.300011
1129230000.000000,0.611725,126.300011
1129231800.000000,0.305863,129.800003
1129231800.000000,0.000000,131.200012
1129233600.000000,0.000000,124.900009
1129233600.000000,0.000000,127.000008
1129235400.000000,0.305863,128.400009
1129235400.000000,0.000000,129.800003
1129237200.000000,0.611725,128.400009
1129237200.000000,0.000000,124.200005
1129239000.000000,0.917588,129.100006
1129239000.000000,0.000000,127.700005
1129240800.000000,0.611725,124.200005
1129240800.000000,0.000000,125.600006
1129242600.000000,0.305863,127.700005
1129242600.000000,0.000000,127.000008
1129244400.000000,0.305863,127.000008
1129244400.000000,0.000000,123.500008
1129246200.000000,0.000000,129.100006
1129246200.000000,0.000000,125.600006
1129248000.000000,0.000000,129.100006
1129248000.000000,0.000000,134.000000
1129249800.000000,0.000000,125.600006
1129249800.000000,0.000000,128.400009
1129251600.000000,0.000000,130.500000
1129251600.000000,0.000000,126.300011
1129253400.000000,0.305863,127.000008
1129253400.000000,0.000000,122.800011
1129255200.000000,0.000000,127.700005
1129255200.000000,0.000000,126.300011
1129257000.000000,0.000000,127.000008
1129257000.000000,0.000000,129.800003
1129258800.000000,0.000000,126.300011
1129258800.000000,0.000000,128.400009
1129260600.000000,0.000000,125.600006
1129260600.000000,0.000000,127.000008
1129262400.000000,0.305863,126.300011
1129262400.000000,0.000000,129.800003
1129264200.000000,0.000000,127.000008
1129264200.000000,0.000000,124.900009
1129266000.000000,0.305863,126.300011
1129266000.000000,0.000000,127.000008
1129267800.000000,0.000000,127.700005
1129267800.000000,0.000000,128.400009
1129269600.000000,2.446901,128.400009
1129269600.000000,0.917588,127.000008
1129271400.000000,0.611725,128.400009
1129271400.000000,1.835176,129.800003
1129273200.000000,3.976214,127.000008
1129273200.000000,5.000000,124.900009
1129275000.000000,5.000000,129.100006
1129275000.000000,5.000000,126.300011
1129276800.000000,5.000000,129.800003
1129276800.000000,4.893802,120.700005
1129278600.000000,0.917588,131.200012
1129278600.000000,4.893802,124.200005
1129280400.000000,4.587939,125.600006
1129280400.000000,5.000000,128.400009
1129282200.000000,5.000000,125.600006
1129282200.000000,3.670352,127.700005
1129284000.000000,5.000000,129.100006
1129284000.000000,5.000000,127.700005
1129285800.000000,2.446901,125.600006
1129285800.000000,3.364489,133.300003
1129287600.000000,2.446901,125.600006
1129287600.000000,5.000000,125.600006
1129289400.000000,5.000000,129.100006
1129289400.000000,5.000000,127.700005
1129291200.000000,4.893802,125.600006
1129291200.000000,5.000000,124.200005
1129293000.000000,3.976214,127.700005
1129293000.000000,4.893802,127.700005
1129294800.000000,5.000000,127.000008
1129294800.000000,4.587939,124.900009
1129296600.000000,2.752764,127.000008
1129296600.000000,3.058626,125.600006
1129298400.000000,2.752764,130.500000
1129298400.000000,3.058626,127.000008
1129300200.000000,1.835176,128.400009
1129300200.000000,3.364489,125.600006
1129302000.000000,4.893802,128.400009
1129302000.000000,1.835176,129.100006
1129303800.000000,3.364489,124.900009
1129303800.000000,0.611725,127.700005
1129305600.000000,2.752764,126.300011
1129305600.000000,0.000000,127.700005
1129307400.000000,1.835176,127.700005
1129307400.000000,0.000000,124.900009
1129309200.000000,0.917588,124.900009
1129309200.000000,0.000000,127.700005
1129311000.000000,0.611725,129.800003
1129311000.000000,0.000000,126.300011
1129312800.000000,0.000000,128.400009
1129312800.000000,0.000000,126.300011
1129314600.000000,0.611725,131.200012
1129314600.000000,0.000000,126.300011
1129316400.000000,0.305863,129.100006
1129316400.000000,0.000000,127.000008
1129318200.000000,0.000000,127.700005
1129318200.000000,0.000000,126.300011
1129320000.000000,0.000000,127.000008
1129320000.000000,0.000000,126.300011
1129321800.000000,0.305863,127.700005
1129321800.000000,0.000000,124.200005
1129323600.000000,1.223451,129.800003
1129323600.000000,0.000000,126.300011
1129325400.000000,0.000000,124.200005
1129325400.000000,0.000000,128.400009
1129327200.000000,0.000000,125.600006
1129327200.000000,0.000000,127.000008
1129329000.000000,0.000000,129.100006
1129329000.000000,0.000000,129.100006
1129330800.000000,0.000000,124.900009
1129330800.000000,0.000000,125.600006
1129332600.000000,0.000000,127.700005
1129332600.000000,0.000000,129.100006
1129334400.000000,0.000000,126.300011
1129334400.000000,0.000000,124.900009
1129336200.000000,0.000000,131.900009
1129336200.000000,0.000000,127.000008
1129338000.000000,0.000000,129.800003
1129338000.000000,0.000000,124.200005
1129339800.000000,0.000000,128.400009
1129339800.000000,0.000000,127.000008
1129341600.000000,0.000000,127.700005
1129341600.000000,0.000000,124.900009
1129343400.000000,0.000000,127.000008
1129343400.000000,0.000000,124.900009
1129345200.000000,0.000000,127.700005
1129345200.000000,0.000000,129.100006
1129347000.000000,0.000000,124.200005
1129347000.000000,0.000000,127.700005
1129348800.000000,0.000000,126.300011
1129348800.000000,0.000000,125.600006
1129350600.000000,0.000000,130.500000
1129350600.000000,0.000000,128.400009
1129352400.000000,0.000000,127.700005
1129352400.000000,0.000000,124.200005
1129354200.000000,0.000000,124.900009
1129354200.000000,0.000000,127.000008
1129356000.000000,0.000000,126.300011
1129356000.000000,0.000000,129.800003
1129357800.000000,0.000000,129.100006
1129357800.000000,0.000000,129.100006
1129359600.000000,0.000000,124.900009
1129359600.000000,0.000000,129.800003
1129361400.000000,0.000000,128.400009
1129361400.000000,0.000000,124.900009
1129363200.000000,0.000000,130.500000
1129363200.000000,0.000000,127.000008
1129365000.000000,0.000000,129.100006
1129365000.000000,0.000000,125.600006
1129366800.000000,0.000000,127.700005
1129366800.000000,0.000000,124.200005
1129368600.000000,0.000000,125.600006
1129368600.000000,0.000000,127.000008
1129370400.000000,0.611725,126.300011
1129370400.000000,0.305863,124.900009
1129372200.000000,0.611725,126.300011
1129372200.000000,0.000000,126.300011
1129374000.000000,0.000000,129.100006
1129374000.000000,0.000000,127.700005
1129375800.000000,0.000000,131.900009
1129375800.000000,0.000000,127.000008
1129377600.000000,0.917588,128.400009
1129377600.000000,0.000000,124.200005
1129379400.000000,0.611725,127.000008
1129379400.000000,0.000000,127.700005
1129381200.000000,0.305863,125.600006
1129381200.000000,0.000000,127.000008
1129383000.000000,0.000000,127.700005
1129383000.000000,0.000000,125.600006
1129384800.000000,0.611725,124.900009
1129384800.000000,0.000000,128.400009
1129386600.000000,0.305863,128.400009
1129386600.000000,0.000000,129.800003
1129388400.000000,0.305863,126.300011
1129388400.000000,0.000000,127.000008
1129390200.000000,0.917588,124.900009
1129390200.000000,0.000000,127.700005
1129392000.000000,0.611725,132.600006
1129392000.000000,0.000000,124.200005
1129393800.000000,0.000000,126.300011
1129393800.000000,0.000000,127.700005
1129395600.000000,0.305863,127.000008
1129395600.000000,0.000000,126.300011
1129397400.000000,0.000000,128.400009
1129397400.000000,0.000000,126.300011
1129399200.000000,0.000000,127.700005
1129399200.000000,0.000000,127.000008
1129401000.000000,0.000000,125.600006
1129401000.000000,0.000000,125.600006
1129402800.000000,0.000000,127.700005
1129402800.000000,0.000000,124.900009
1129404600.000000,0.000000,128.400009
1129404600.000000,0.000000,124.200005
1129406400.000000,0.000000,129.800003
1129406400.000000,0.000000,127.000008
1129408200.000000,0.000000,127.000008
1129408200.000000,0.000000,127.700005
1129410000.000000,0.000000,128.400009
1129410000.000000,0.000000,125.600006
1129411800.000000,0.305863,128.400009
1129411800.000000,0.000000,128.400009
1129413600.000000,0.917588,124.900009
1129413600.000000,0.000000,123.500008
1129415400.000000,0.000000,130.500000
1129415400.000000,0.000000,127.700005
1129417200.000000,0.000000,124.200005
1129417200.000000,0.000000,127.700005
1129419000.000000,0.000000,127.700005
1129419000.000000,0.000000,129.800003
1129420800.000000,0.000000,126.300011
1129420800.000000,0.000000,127.700005
1129422600.000000,0.305863,131.200012
1129422600.000000,0.000000,129.100006
1129424400.000000,0.000000,128.400009
1129424400.000000,0.000000,125.600006
1129426200.000000,0.000000,124.900009
1129426200.000000,0.000000,127.000008
1129428000.000000,0.000000,127.700005
1129428000.000000,0.000000,122.800011
1129429800.000000,0.000000,123.500008
1129429800.000000,0.000000,128.400009
1129431600.000000,0.000000,130.500000
1129431600.000000,0.000000,128.400009
1129433400.000000,0.000000,127.000008
1129433400.000000,0.000000,125.600006
1129435200.000000,0.000000,124.900009
1129435200.000000,0.000000,124.200005
1129437000.000000,0.000000,133.300003
1129437000.000000,0.000000,126.300011
1129438800.000000,1.529313,125.600006
1129438800.000000,1.835176,125.600006
1129440600.000000,0.305863,126.300011
1129440600.000000,0.000000,125.600006
1129442400.000000,0.000000,127.000008
1129442400.000000,0.000000,129.100006
1129444200.000000,0.000000,122.800011
1129444200.000000,0.000000,130.500000
1129446000.000000,0.000000,128.400009
1129446000.000000,0.000000,128.400009
1129447800.000000,0.000000,127.700005
1129447800.000000,0.000000,124.200005
1129449600.000000,0.611725,126.300011
1129449600.000000,0.000000,128.400009
1129451400.000000,0.000000,129.800003
1129451400.000000,0.000000,127.000008
1129453200.000000,0.000000,128.400009
1129453200.000000,0.000000,122.800011
1129455000.000000,0.611725,125.600006
1129455000.000000,0.000000,125.600006
1129456800.000000,0.000000,127.000008
1129456800.000000,0.000000,125.600006
1129458600.000000,0.000000,130.500000
1129458600.000000,0.000000,127.000008
1129460400.000000,0.000000,124.200005
1129460400.000000,0.000000,128.400009
1129462200.000000,0.305863,129.800003
1129462200.000000,0.000000,123.500008
1129464000.000000,0.000000,130.500000
1129464000.000000,0.000000,124.900009
1129465800.000000,0.611725,129.800003
1129465800.000000,0.000000,127.700005
1129467600.000000,0.000000,126.300011
1129467600.000000,0.000000,125.600006
1129469400.000000,0.917588,127.000008
1129469400.000000,0.000000,127.000008
1129471200.000000,0.000000,132.600006
1129471200.000000,0.000000,123.500008
1129473000.000000,1.529313,124.200005
1129473000.000000,0.000000,124.900009
1129474800.000000,0.000000,127.000008
1129474800.000000,0.000000,127.000008
1129476600.000000,0.917588,125.600006
1129476600.000000,0.000000,131.900009
1129478400.000000,0.611725,128.400009
1129478400.000000,0.000000,124.900009
1129480200.000000,0.305863,129.800003
1129480200.000000,0.000000,127.000008
1129482000.000000,0.000000,122.800011
1129482000.000000,0.000000,129.100006
1129483800.000000,0.305863,127.000008
1129483800.000000,0.000000,127.000008
1129485600.000000,0.000000,125.600006
1129485600.000000,0.000000,127.000008
1129487400.000000,1.223451,129.100006
1129487400.000000,0.000000,124.900009
1129489200.000000,1.835176,127.700005
1129489200.000000,1.223451,124.900009
1129491000.000000,0.000000,132.600006
1129491000.000000,0.000000,123.500008
1129492800.000000,0.000000,129.100006
1129492800.000000,0.000000,126.300011
1129494600.000000,0.305863,124.900009
1129494600.000000,0.000000,123.500008
1129496400.000000,0.000000,125.600006
1129496400.000000,0.000000,124.200005
1129498200.000000,0.000000,125.600006
1129498200.000000,0.000000,127.000008
1129500000.000000,0.000000,131.200012
1129500000.000000,0.000000,127.700005
1129501800.000000,0.000000,130.500000
1129501800.000000,0.000000,126.300011
1129503600.000000,0.305863,129.100006
1129503600.000000,0.000000,135.400009
1129505400.000000,0.000000,126.300011
1129505400.000000,0.000000,123.500008
1129507200.000000,0.000000,124.900009
1129507200.000000,0.000000,124.900009
1129509000.000000,0.000000,127.000008
1129509000.000000,0.000000,126.300011
1129510800.000000,0.000000,127.000008
1129510800.000000,0.000000,124.200005
1129512600.000000,0.000000,126.300011
1129512600.000000,0.000000,128.400009
1129514400.000000,0.000000,124.900009
1129514400.000000,0.000000,124.900009
1129516200.000000,0.000000,127.700005
1129516200.000000,0.000000,128.400009
1129518000.000000,0.000000,133.300003
1129518000.000000,0.000000,124.900009
1129519800.000000,0.305863,124.900009
1129519800.000000,0.305863,127.000008
1129521600.000000,0.000000,124.900009
1129521600.000000,0.000000,125.600006
1129523400.000000,0.000000,126.300011
1129523400.000000,0.000000,124.200005
1129525200.000000,0.000000,129.100006
1129525200.000000,0.611725,124.900009
1129527000.000000,0.611725,128.400009
1129527000.000000,0.305863,124.200005
1129528800.000000,0.000000,132.600006
1129528800.000000,1.223451,124.900009
1129530600.000000,0.000000,128.400009
1129530600.000000,0.611725,131.200012
1129532400.000000,0.917588,129.100006
1129532400.000000,3.976214,124.200005
1129534200.000000,0.305863,127.700005
1129534200.000000,2.752764,126.300011
1129536000.000000,0.611725,124.900009
1129536000.000000,4.893802,125.600006
1129537800.000000,2.141038,127.000008
1129537800.000000,5.000000,124.900009
1129539600.000000,2.141038,126.300011
1129539600.000000,4.282077,129.100006
1129541400.000000,2.446901,128.400009
1129541400.000000,5.000000,124.900009
1129543200.000000,5.000000,124.900009
1129543200.000000,5.000000,125.600006
1129545000.000000,3.976214,132.600006
1129545000.000000,4.282077,127.000008
1129546800.000000,4.282077,125.600006
1129546800.000000,5.000000,130.500000
1129548600.000000,4.893802,121.400009
1129548600.000000,5.000000,124.900009
1129550400.000000,2.446901,131.200012
1129550400.000000,4.893802,127.700005
1129552200.000000,3.058626,127.000008
1129552200.000000,5.000000,124.200005
1129554000.000000,4.587939,129.100006
1129554000.000000,3.058626,122.800011
1129555800.000000,3.364489,124.900009
1129555800.000000,4.893802,124.900009
1129557600.000000,4.282077,122.800011
1129557600.000000,3.670352,131.900009
1129559400.000000,4.893802,132.600006
1129559400.000000,2.141038,128.400009
1129561200.000000,1.529313,129.800003
1129561200.000000,2.752764,126.300011
1129563000.000000,5.000000,129.800003
1129563000.000000,3.976214,124.900009
1129564800.000000,3.364489,127.000008
1129564800.000000,0.917588,124.900009
1129566600.000000,0.611725,125.600006
1129566600.000000,0.305863,125.600006
1129568400.000000,2.752764,124.200005
1129568400.000000,0.305863,125.600006
1129570200.000000,1.223451,125.600006
1129570200.000000,0.305863,124.900009
1129572000.000000,0.305863,132.600006
1129572000.000000,0.000000,124.900009
1129573800.000000,1.223451,125.600006
1129573800.000000,0.000000,127.700005
1129575600.000000,1.223451,131.900009
1129575600.000000,0.000000,126.300011
1129577400.000000,0.305863,125.600006
1129577400.000000,0.000000,127.000008
1129579200.000000,0.305863,123.500008
1129579200.000000,0.000000,124.900009
1129581000.000000,0.611725,128.400009
1129581000.000000,0.000000,124.900009
1129582800.000000,0.611725,127.700005
1129582800.000000,0.000000,127.700005
1129584600.000000,0.000000,129.100006
1129584600.000000,0.000000,131.200012
1129586400.000000,0.000000,126.300011
1129586400.000000,0.000000,124.900009
1129588200.000000,0.611725,127.000008
1129588200.000000,0.000000,123.500008
1129590000.000000,0.305863,133.300003
1129590000.000000,0.000000,127.000008
1129591800.000000,0.000000,127.700005
1129591800.000000,0.000000,123.500008
1129593600.000000,0.305863,127.700005
1129593600.000000,0.000000,127.700005
1129595400.000000,0.000000,122.800011
1129595400.000000,0.000000,128.400009
1129597200.000000,0.000000,126.300011
1129597200.000000,0.000000,125.600006
1129599000.000000,0.000000,129.800003
1129599000.000000,0.000000,124.900009
1129600800.000000,0.305863,130.500000
1129600800.000000,0.000000,123.500008
1129602600.000000,0.000000,124.200005
1129602600.000000,0.000000,126.300011
1129604400.000000,0.000000,127.000008
1129604400.000000,0.000000,127.000008
1129606200.000000,0.305863,127.000008
1129606200.000000,0.305863,124.200005
1129608000.000000,0.000000,130.500000
1129608000.000000,0.000000,126.300011
1129609800.000000,0.000000,131.900009
1129609800.000000,0.000000,128.400009
1129611600.000000,0.000000,122.100006
1129611600.000000,0.000000,131.200012
1129613400.000000,0.305863,124.900009
1129613400.000000,0.000000,122.800011
1129615200.000000,1.223451,129.100006
1129615200.000000,0.917588,126.300011
1129617000.000000,0.305863,126.300011
1129617000.000000,1.223451,124.200005
1129618800.000000,1.223451,127.000008
1129618800.000000,3.364489,127.000008
1129620600.000000,0.917588,127.000008
1129620600.000000,3.364489,127.000008
1129622400.000000,0.611725,124.900009
1129622400.000000,4.282077,130.500000
1129624200.000000,2.752764,127.000008
1129624200.000000,3.058626,124.200005
1129626000.000000,3.670352,134.000000
1129626000.000000,5.000000,124.200005
1129627800.000000,2.141038,126.300011
1129627800.000000,1.835176,125.600006
1129629600.000000,5.000000,129.100006
1129629600.000000,2.141038,124.200005
1129631400.000000,3.976214,128.400009
1129631400.000000,4.893802,123.500008
1129633200.000000,2.141038,124.200005
1129633200.000000,5.000000,127.700005
1129635000.000000,3.976214,132.600006
1129635000.000000,3.976214,128.400009
1129636800.000000,2.752764,124.900009
1129636800.000000,2.752764,127.000008
1129638600.000000,2.446901,125.600006
1129638600.000000,5.000000,134.000000
1129640400.000000,3.976214,127.700005
1129640400.000000,5.000000,123.500008
1129642200.000000,2.752764,122.800011
1129642200.000000,4.587939,124.200005
1129644000.000000,2.752764,124.900009
1129644000.000000,4.893802,127.000008
1129645800.000000,3.058626,127.000008
1129645800.000000,2.446901,124.200005
1129647600.000000,5.000000,126.300011
1129647600.000000,1.529313,129.800003
1129649400.000000,2.752764,128.400009
1129649400.000000,1.835176,124.200005
1129651200.000000,4.587939,131.200012
1129651200.000000,0.000000,125.600006
1129653000.000000,3.670352,131.900009
1129653000.000000,0.000000,122.100006
1129654800.000000,0.611725,129.800003
1129654800.000000,0.000000,127.700005
1129656600.000000,0.917588,124.900009
1129656600.000000,0.000000,124.900009
1129658400.000000,0.611725,123.500008
1129658400.000000,0.000000,125.600006
1129660200.000000,0.305863,122.800011
1129660200.000000,0.000000,124.900009
1129662000.000000,0.000000,129.800003
1129662000.000000,0.000000,127.700005
1129663800.000000,0.000000,127.000008
1129663800.000000,0.000000,126.300011
1129665600.000000,0.917588,128.400009
1129665600.000000,0.305863,135.400009
1129667400.000000,0.305863,124.900009
1129667400.000000,0.000000,124.200005
1129669200.000000,0.305863,127.700005
1129669200.000000,0.000000,127.000008
1129671000.000000,0.000000,124.900009
1129671000.000000,0.000000,126.300011
1129672800.000000,0.000000,129.100006
1129672800.000000,0.000000,125.600006
1129674600.000000,0.000000,126.300011
1129674600.000000,0.000000,127.000008
1129676400.000000,0.000000,128.400009
1129676400.000000,0.000000,123.500008
1129678200.000000,0.000000,127.700005
1129678200.000000,0.000000,126.300011
1129680000.000000,0.000000,132.600006
1129680000.000000,0.000000,124.900009
1129681800.000000,0.000000,123.500008
1129681800.000000,0.000000,126.300011
1129683600.000000,0.000000,124.900009
1129683600.000000,0.000000,125.600006
1129685400.000000,0.000000,125.600006
1129685400.000000,0.000000,128.400009
1129687200.000000,0.000000,125.600006
1129687200.000000,0.000000,125.600006
1129689000.000000,0.000000,133.300003
1129689000.000000,0.000000,124.200005
1129690800.000000,0.000000,129.100006
1129690800.000000,0.000000,129.100006
1129692600.000000,0.000000,126.300011
1129692600.000000,0.000000,126.300011
1129694400.000000,0.000000,124.900009
1129694400.000000,0.000000,127.000008
1129696200.000000,0.000000,127.000008
1129696200.000000,0.000000,125.600006
1129698000.000000,0.000000,128.400009
1129698000.000000,0.000000,124.900009
1129699800.000000,0.305863,124.200005
1129699800.000000,1.529313,126.300011
1129701600.000000,0.611725,125.600006
1129701600.000000,0.917588,128.400009
1129703400.000000,0.000000,127.700005
1129703400.000000,1.835176,122.800011
1129705200.000000,1.835176,127.700005
1129705200.000000,3.670352,122.800011
1129707000.000000,1.223451,133.300003
1129707000.000000,3.670352,124.900009
1129708800.000000,1.835176,122.800011
1129708800.000000,4.893802,129.100006
1129710600.000000,2.141038,128.400009
1129710600.000000,3.058626,129.100006
1129712400.000000,4.893802,127.000008
1129712400.000000,4.282077,125.600006
1129714200.000000,2.752764,127.000008
1129714200.000000,4.587939,124.200005
1129716000.000000,5.000000,133.300003
1129716000.000000,5.000000,124.900009
1129717800.000000,5.000000,127.000008
1129717800.000000,3.364489,122.800011
1129719600.000000,1.835176,127.700005
1129719600.000000,5.000000,129.100006
1129721400.000000,2.446901,124.200005
1129721400.000000,4.893802,126.300011
1129723200.000000,5.000000,129.100006
1129723200.000000,4.282077,127.000008
1129725000.000000,2.446901,124.200005
1129725000.000000,4.893802,123.500008
1129726800.000000,4.587939,124.900009
1129726800.000000,5.000000,124.200005
1129728600.000000,4.282077,127.000008
1129728600.000000,4.587939,129.800003
1129730400.000000,2.446901,127.000008
1129730400.000000,5.000000,127.700005
1129732200.000000,0.611725,127.700005
1129732200.000000,3.058626,129.100006
1129734000.000000,2.141038,132.600006
1129734000.000000,2.446901,125.600006
1129735800.000000,5.000000,127.000008
1129735800.000000,1.529313,124.200005
1129737600.000000,3.058626,126.300011
1129737600.000000,1.223451,124.900009
1129739400.000000,3.364489,124.200005
1129739400.000000,0.917588,123.500008
1129741200.000000,3.058626,127.000008
1129741200.000000,0.305863,124.900009
1129743000.000000,1.223451,130.500000
1129743000.000000,0.000000,124.200005
1129744800.000000,1.529313,125.600006
1129744800.000000,0.000000,125.600006
1129746600.000000,0.611725,129.800003
1129746600.000000,0.000000,128.400009
1129748400.000000,0.611725,130.500000
1129748400.000000,0.000000,129.100006
1129750200.000000,0.000000,123.500008
1129750200.000000,0.000000,122.800011
1129752000.000000,2.141038,128.400009
1129752000.000000,0.305863,127.700005
1129753800.000000,5.000000,128.400009
1129753800.000000,4.282077,124.900009
1129755600.000000,1.835176,125.600006
1129755600.000000,1.835176,128.400009
1129757400.000000,0.305863,123.500008
1129757400.000000,0.000000,125.600006
1129759200.000000,0.000000,124.900009
1129759200.000000,0.000000,125.600006
1129761000.000000,0.000000,131.900009
1129761000.000000,0.000000,127.000008
1129762800.000000,0.917588,128.400009
1129762800.000000,0.000000,127.700005
1129764600.000000,0.000000,128.400009
1129764600.000000,0.000000,124.900009
1129766400.000000,0.000000,126.300011
1129766400.000000,0.000000,124.200005
1129768200.000000,0.000000,127.700005
1129768200.000000,0.000000,124.200005
1129770000.000000,0.000000,134.000000
1129770000.000000,0.000000,123.500008
1129771800.000000,0.000000,124.200005
1129771800.000000,0.000000,124.200005
1129773600.000000,0.305863,129.100006
1129773600.000000,0.000000,131.200012
1129775400.000000,0.000000,122.800011
1129775400.000000,0.000000,124.900009
1129777200.000000,0.000000,128.400009
1129777200.000000,0.000000,127.000008
1129779000.000000,0.305863,129.100006
1129779000.000000,0.305863,122.800011
1129780800.000000,0.000000,127.000008
1129780800.000000,0.000000,127.700005
1129782600.000000,0.000000,124.900009
1129782600.000000,0.000000,129.800003
1129784400.000000,0.000000,123.500008
1129784400.000000,0.000000,124.200005
1129786200.000000,0.000000,125.600006
1129786200.000000,0.305863,125.600006
1129788000.000000,0.000000,131.900009
1129788000.000000,0.305863,125.600006
1129789800.000000,0.305863,124.200005
1129789800.000000,2.446901,124.200005
1129791600.000000,0.917588,128.400009
1129791600.000000,4.282077,127.000008
1129793400.000000,1.835176,124.900009
1129793400.000000,5.000000,128.400009
1129795200.000000,2.446901,126.300011
1129795200.000000,4.282077,127.000008
1129797000.000000,3.670352,129.100006
1129797000.000000,3.364489,124.200005
1129798800.000000,3.976214,127.700005
1129798800.000000,3.976214,127.000008
1129800600.000000,3.364489,127.000008
1129800600.000000,2.446901,127.700005
1129802400.000000,4.587939,127.700005
1129802400.000000,1.835176,124.900009
1129804200.000000,2.752764,127.700005
1129804200.000000,2.141038,126.300011
1129806000.000000,1.835176,127.000008
1129806000.000000,5.000000,125.600006
1129807800.000000,3.058626,124.900009
1129807800.000000,5.000000,124.900009
1129809600.000000,4.893802,126.300011
1129809600.000000,5.000000,128.400009
1129811400.000000,1.835176,131.200012
1129811400.000000,1.529313,123.500008
1129813200.000000,3.976214,124.900009
1129813200.000000,5.000000,127.700005
1129815000.000000,3.670352,131.200012
1129815000.000000,2.752764,125.600006
1129816800.000000,1.835176,129.800003
1129816800.000000,1.529313,125.600006
1129818600.000000,3.670352,127.700005
1129818600.000000,2.752764,124.900009
1129820400.000000,3.976214,127.700005
1129820400.000000,1.835176,124.900009
1129822200.000000,3.058626,123.500008
1129822200.000000,1.223451,122.800011
1129824000.000000,3.058626,128.400009
1129824000.000000,0.000000,124.200005
1129825800.000000,1.223451,127.000008
1129825800.000000,0.000000,127.000008
1129827600.000000,2.141038,128.400009
1129827600.000000,0.305863,130.500000
1129829400.000000,0.917588,128.400009
1129829400.000000,0.611725,122.800011
1129831200.000000,0.305863,125.600006
1129831200.000000,0.917588,125.600006
1129833000.000000,0.305863,128.400009
1129833000.000000,0.000000,123.500008
1129834800.000000,1.223451,125.600006
1129834800.000000,0.000000,128.400009
1129836600.000000,0.611725,129.100006
1129836600.000000,0.000000,129.800003
1129838400.000000,0.000000,124.200005
1129838400.000000,0.000000,125.600006
1129840200.000000,0.611725,125.600006
1129840200.000000,0.000000,124.900009
1129842000.000000,0.000000,130.500000
1129842000.000000,0.000000,124.900009
1129843800.000000,0.305863,126.300011
1129843800.000000,0.000000,124.900009
1129845600.000000,0.305863,126.300011
1129845600.000000,0.000000,129.100006
1129847400.000000,0.000000,124.200005
1129847400.000000,0.000000,123.500008
1129849200.000000,0.000000,127.000008
1129849200.000000,0.000000,126.300011
1129851000.000000,0.305863,127.000008
1129851000.000000,0.000000,126.300011
1129852800.000000,0.305863,127.000008
1129852800.000000,0.000000,126.300011
1129854600.000000,0.000000,131.200012
1129854600.000000,0.000000,128.400009
1129856400.000000,0.000000,128.400009
1129856400.000000,0.000000,125.600006
1129858200.000000,0.000000,124.900009
1129858200.000000,0.000000,127.000008
1129860000.000000,0.305863,128.400009
1129860000.000000,0.000000,124.200005
1129861800.000000,0.000000,126.300011
1129861800.000000,0.000000,126.300011
1129863600.000000,0.611725,128.400009
1129863600.000000,0.305863,125.600006
1129865400.000000,0.000000,125.600006
1129865400.000000,0.000000,123.500008
1129867200.000000,0.000000,129.800003
1129867200.000000,0.305863,124.900009
1129869000.000000,0.611725,129.100006
1129869000.000000,0.000000,121.400009
1129870800.000000,0.000000,127.700005
1129870800.000000,0.000000,124.900009
1129872600.000000,0.305863,126.300011
1129872600.000000,0.611725,124.900009
1129874400.000000,0.611725,126.300011
1129874400.000000,1.529313,130.500000
1129876200.000000,1.223451,122.800011
1129876200.000000,2.752764,127.000008
1129878000.000000,1.529313,131.200012
1129878000.000000,5.000000,126.300011
1129879800.000000,3.058626,131.200012
1129879800.000000,5.000000,124.200005
1129881600.000000,5.000000,129.800003
1129881600.000000,5.000000,125.600006
1129883400.000000,3.058626,127.000008
1129883400.000000,4.893802,127.000008
1129885200.000000,3.670352,124.200005
1129885200.000000,5.000000,124.200005
1129887000.000000,3.670352,130.500000
1129887000.000000,5.000000,124.200005
1129888800.000000,5.000000,123.500008
1129888800.000000,4.587939,122.800011
1129890600.000000,2.752764,129.100006
1129890600.000000,4.893802,123.500008
1129892400.000000,5.000000,128.400009
1129892400.000000,5.000000,124.200005
1129894200.000000,5.000000,127.700005
1129894200.000000,5.000000,127.000008
1129896000.000000,4.587939,129.100006
1129896000.000000,5.000000,127.000008
1129897800.000000,2.446901,129.800003
1129897800.000000,4.282077,127.000008
1129899600.000000,3.976214,127.000008
1129899600.000000,2.446901,126.300011
1129901400.000000,3.670352,128.400009
1129901400.000000,4.282077,124.900009
1129903200.000000,4.893802,127.700005
1129903200.000000,2.752764,122.100006
1129905000.000000,3.670352,129.800003
1129905000.000000,2.752764,124.900009
1129906800.000000,3.976214,128.400009
1129906800.000000,1.835176,123.500008
1129908600.000000,5.000000,129.800003
1129908600.000000,2.141038,127.000008
1129910400.000000,1.529313,127.000008
1129910400.000000,0.305863,126.300011
1129912200.000000,1.223451,127.000008
1129912200.000000,0.000000,124.200005
1129914000.000000,0.917588,126.300011
1129914000.000000,0.000000,124.900009
1129915800.000000,1.223451,122.100006
1129915800.000000,0.000000,124.200005
1129917600.000000,0.000000,127.700005
1129917600.000000,0.000000,128.400009
1129919400.000000,0.000000,124.200005
1129919400.000000,0.000000,123.500008
1129921200.000000,0.611725,126.300011
1129921200.000000,0.000000,129.800003
1129923000.000000,0.000000,129.800003
1129923000.000000,0.000000,124.900009
1129924800.000000,0.305863,128.400009
1129924800.000000,0.000000,127.000008
1129926600.000000,0.000000,131.900009
1129926600.000000,0.000000,129.100006
1129928400.000000,0.305863,127.700005
1129928400.000000,0.000000,122.100006
1129930200.000000,0.305863,127.000008
1129930200.000000,0.000000,123.500008
1129932000.000000,0.611725,129.800003
1129932000.000000,0.000000,124.200005
1129933800.000000,0.000000,124.900009
1129933800.000000,0.000000,122.800011
1129935600.000000,0.000000,126.300011
1129935600.000000,0.000000,125.600006
1129937400.000000,0.305863,125.600006
1129937400.000000,0.000000,124.900009
1129939200.000000,0.000000,127.700005
1129939200.000000,0.000000,129.800003
1129941000.000000,0.000000,132.600006
1129941000.000000,0.000000,125.600006
1129942800.000000,0.000000,127.700005
1129942800.000000,0.000000,126.300011
1129944600.000000,0.000000,127.000008
1129944600.000000,0.000000,129.800003
1129946400.000000,0.305863,125.600006
1129946400.000000,0.000000,125.600006
1129948200.000000,0.000000,122.100006
1129948200.000000,0.000000,126.300011
1129950000.000000,0.305863,126.300011
1129950000.000000,0.000000,123.500008
1129951800.000000,0.000000,130.500000
1129951800.000000,0.000000,124.900009
1129953600.000000,0.000000,125.600006
1129953600.000000,0.000000,124.200005
1129955400.000000,0.000000,131.900009
1129955400.000000,0.000000,123.500008
1129957200.000000,0.000000,127.700005
1129957200.000000,0.000000,122.800011
1129959000.000000,0.000000,126.300011
1129959000.000000,0.000000,125.600006
1129960800.000000,0.000000,129.100006
1129960800.000000,0.000000,124.900009
1129962600.000000,0.000000,127.700005
1129962600.000000,0.000000,124.900009
1129964400.000000,0.000000,124.200005
1129964400.000000,0.000000,127.700005
1129966200.000000,0.000000,130.500000
1129966200.000000,0.000000,127.700005
1129968000.000000,0.000000,125.600006
1129968000.000000,0.000000,123.500008
1129969800.000000,0.000000,131.200012
1129969800.000000,0.000000,124.900009
1129971600.000000,0.000000,126.300011
1129971600.000000,0.000000,128.400009
1129973400.000000,0.305863,128.400009
1129973400.000000,0.000000,123.500008
1129975200.000000,0.000000,125.600006
1129975200.000000,0.000000,129.100006
1129977000.000000,0.000000,122.800011
1129977000.000000,0.000000,124.200005
1129978800.000000,0.305863,126.300011
1129978800.000000,0.000000,124.900009
1129980600.000000,0.000000,131.900009
1129980600.000000,0.000000,126.300011
1129982400.000000,0.000000,129.800003
1129982400.000000,0.000000,124.200005
1129984200.000000,0.305863,125.600006
1129984200.000000,0.000000,125.600006
1129986000.000000,1.223451,127.000008
1129986000.000000,0.000000,127.000008
1129987800.000000,0.305863,127.700005
1129987800.000000,0.000000,125.600006
1129989600.000000,0.305863,127.000008
1129989600.000000,0.000000,126.300011
1129991400.000000,0.000000,125.600006
1129991400.000000,0.000000,125.600006
1129993200.000000,0.611725,126.300011
1129993200.000000,0.000000,126.300011
1129995000.000000,0.611725,129.800003
1129995000.000000,0.000000,124.900009
1129996800.000000,0.611725,124.900009
1129996800.000000,0.305863,125.600006
1129998600.000000,0.305863,128.400009
1129998600.000000,0.000000,124.200005
1130000400.000000,0.000000,123.500008
1130000400.000000,0.000000,126.300011
1130002200.000000,0.611725,121.400009
1130002200.000000,0.000000,127.700005
1130004000.000000,0.000000,131.900009
1130004000.000000,0.000000,124.200005
1130005800.000000,0.000000,131.200012
1130005800.000000,0.000000,124.200005
1130007600.000000,0.000000,127.000008
1130007600.000000,0.000000,127.700005
1130009400.000000,0.000000,129.100006
1130009400.000000,0.000000,126.300011
1130011200.000000,0.000000,123.500008
1130011200.000000,0.000000,128.400009
1130013000.000000,0.000000,127.000008
1130013000.000000,0.000000,124.900009
1130014800.000000,0.305863,124.900009
1130014800.000000,0.000000,124.200005
1130016600.000000,0.611725,131.900009
1130016600.000000,0.000000,122.100006
1130018400.000000,0.000000,127.000008
1130018400.000000,0.000000,124.200005
1130020200.000000,0.000000,124.200005
1130020200.000000,0.000000,126.300011
1130022000.000000,0.000000,127.000008
1130022000.000000,0.000000,125.600006
1130023800.000000,0.000000,129.100006
1130023800.000000,0.000000,125.600006
1130025600.000000,0.000000,128.400009
1130025600.000000,0.000000,128.400009
1130027400.000000,0.000000,127.700005
1130027400.000000,0.000000,127.000008
1130029200.000000,0.000000,124.900009
1130029200.000000,0.000000,124.900009
1130031000.000000,0.000000,127.700005
1130031000.000000,0.000000,125.600006
1130032800.000000,0.305863,124.900009
1130032800.000000,0.000000,123.500008
1130034600.000000,0.000000,127.700005
1130034600.000000,0.000000,127.700005
1130036400.000000,0.000000,126.300011
1130036400.000000,0.000000,125.600006
1130038200.000000,0.000000,129.100006
1130038200.000000,0.000000,122.800011
1130040000.000000,0.000000,128.400009
1130040000.000000,0.000000,125.600006
1130041800.000000,0.000000,129.800003
1130041800.000000,0.000000,124.200005
1130043600.000000,0.000000,126.300011
1130043600.000000,0.000000,124.900009
1130045400.000000,0.000000,126.300011
1130045400.000000,0.000000,128.400009
1130047200.000000,0.000000,127.700005
1130047200.000000,0.000000,127.000008
1130049000.000000,0.000000,124.200005
1130049000.000000,0.000000,128.400009
1130050800.000000,0.000000,124.900009
1130050800.000000,0.000000,126.300011
1130052600.000000,0.000000,129.100006
1130052600.000000,0.000000,124.900009
1130054400.000000,0.000000,127.000008
1130054400.000000,0.000000,127.000008
1130056200.000000,0.000000,128.400009
1130056200.000000,0.000000,124.900009
1130058000.000000,0.000000,124.900009
1130058000.000000,0.000000,126.300011
1130059800.000000,0.000000,123.500008
1130059800.000000,0.000000,125.600006
1130061600.000000,0.000000,123.500008
1130061600.000000,0.000000,124.900009
1130063400.000000,0.000000,129.100006
1130063400.000000,0.000000,123.500008
1130065200.000000,0.000000,126.300011
1130065200.000000,0.000000,124.200005
1130067000.000000,0.000000,129.100006
1130067000.000000,0.000000,126.300011
1130068800.000000,0.305863,129.800003
1130068800.000000,0.000000,126.300011
1130070600.000000,0.000000,133.300003
1130070600.000000,0.000000,126.300011
1130072400.000000,0.917588,124.900009
1130072400.000000,0.305863,129.100006
1130074200.000000,0.611725,123.500008
1130074200.000000,0.000000,127.000008
1130076000.000000,0.305863,122.800011
1130076000.000000,0.000000,127.700005
1130077800.000000,0.611725,124.200005
1130077800.000000,0.000000,121.400009
1130079600.000000,0.611725,127.000008
1130079600.000000,0.000000,127.000008
1130081400.000000,0.917588,127.000008
1130081400.000000,0.000000,123.500008
1130083200.000000,1.835176,124.200005
1130083200.000000,0.000000,127.700005
1130085000.000000,0.305863,127.700005
1130085000.000000,0.000000,128.400009
1130086800.000000,0.305863,127.000008
1130086800.000000,0.000000,123.500008
1130088600.000000,0.000000,128.400009
1130088600.000000,0.000000,125.600006
1130090400.000000,0.611725,127.700005
1130090400.000000,0.000000,127.700005
1130092200.000000,0.305863,129.100006
1130092200.000000,0.611725,124.200005
1130094000.000000,5.000000,126.300011
1130094000.000000,5.000000,124.200005
1130095800.000000,0.000000,129.800003
1130095800.000000,0.000000,125.600006
1130097600.000000,3.670352,128.400009
1130097600.000000,1.529313,124.900009
1130099400.000000,0.000000,124.200005
1130099400.000000,0.000000,125.600006
1130101200.000000,0.305863,125.600006
1130101200.000000,0.000000,127.000008
1130103000.000000,0.000000,124.900009
1130103000.000000,0.000000,126.300011
1130104800.000000,0.000000,127.000008
1130104800.000000,0.000000,123.500008
1130106600.000000,0.305863,126.300011
1130106600.000000,0.000000,126.300011
1130108400.000000,0.305863,125.600006
1130108400.000000,0.000000,127.000008
1130110200.000000,0.000000,129.800003
1130110200.000000,0.000000,129.100006
1130112000.000000,0.000000,127.000008
1130112000.000000,0.000000,124.200005
1130113800.000000,0.305863,127.700005
1130113800.000000,0.000000,127.000008
1130115600.000000,0.000000,125.600006
1130115600.000000,0.000000,124.900009
1130117400.000000,0.000000,129.100006
1130117400.000000,0.000000,124.200005
1130119200.000000,0.000000,125.600006
1130119200.000000,0.000000,122.100006
1130121000.000000,0.000000,124.200005
1130121000.000000,0.000000,128.400009
1130122800.000000,0.000000,127.700005
1130122800.000000,0.000000,126.300011
1130124600.000000,0.000000,127.700005
1130124600.000000,0.000000,124.900009
1130126400.000000,0.305863,125.600006
1130126400.000000,0.000000,127.700005
1130128200.000000,0.917588,126.300011
1130128200.000000,0.000000,126.300011
1130130000.000000,1.529313,124.900009
1130130000.000000,1.529313,124.900009
1130131800.000000,0.000000,127.700005
1130131800.000000,0.611725,123.500008
1130133600.000000,0.305863,126.300011
1130133600.000000,1.529313,127.700005
1130135400.000000,1.223451,126.300011
1130135400.000000,3.976214,129.100006
1130137200.000000,0.305863,123.500008
1130137200.000000,2.141038,126.300011
1130139000.000000,0.305863,128.400009
1130139000.000000,2.141038,128.400009
1130140800.000000,1.835176,127.700005
1130140800.000000,3.976214,127.700005
1130142600.000000,2.752764,128.400009
1130142600.000000,3.670352,123.500008
1130144400.000000,3.670352,127.000008
1130144400.000000,5.000000,125.600006
1130146200.000000,3.670352,124.200005
1130146200.000000,3.670352,125.600006
1130148000.000000,5.000000,125.600006
1130148000.000000,3.364489,127.000008
1130149800.000000,4.587939,127.000008
1130149800.000000,5.000000,124.200005
1130151600.000000,5.000000,123.500008
1130151600.000000,5.000000,124.200005
1130153400.000000,3.364489,127.700005
1130153400.000000,5.000000,127.700005
1130155200.000000,2.141038,127.700005
1130155200.000000,4.587939,125.600006
1130157000.000000,3.058626,129.100006
1130157000.000000,5.000000,128.400009
1130158800.000000,3.670352,124.200005
1130158800.000000,3.670352,124.900009
1130160600.000000,3.976214,125.600006
1130160600.000000,4.282077,124.900009
1130162400.000000,3.670352,126.300011
1130162400.000000,2.141038,126.300011
1130164200.000000,5.000000,124.900009
1130164200.000000,2.141038,126.300011
1130166000.000000,4.282077,125.600006
1130166000.000000,3.670352,123.500008
1130167800.000000,5.000000,129.800003
1130167800.000000,5.000000,124.900009
1130169600.000000,5.000000,132.600006
1130169600.000000,5.000000,124.200005
1130171400.000000,4.587939,126.300011
1130171400.000000,5.000000,126.300011
1130173200.000000,5.000000,126.300011
1130173200.000000,5.000000,125.600006
1130175000.000000,5.000000,127.000008
1130175000.000000,3.058626,128.400009
1130176800.000000,3.670352,127.000008
1130176800.000000,5.000000,127.700005
1130178600.000000,5.000000,125.600006
1130178600.000000,3.670352,123.500008
1130180400.000000,5.000000,125.600006
1130180400.000000,0.611725,126.300011
1130182200.000000,5.000000,128.400009
1130182200.000000,0.000000,126.300011
1130184000.000000,0.305863,124.200005
1130184000.000000,0.000000,126.300011
1130185800.000000,0.611725,127.000008
1130185800.000000,0.000000,124.200005
1130187600.000000,0.000000,126.300011
1130187600.000000,0.000000,127.000008
1130189400.000000,1.223451,126.300011
1130189400.000000,0.000000,128.400009
1130191200.000000,0.305863,124.200005
1130191200.000000,0.000000,126.300011
1130193000.000000,0.305863,128.400009
1130193000.000000,0.000000,125.600006
1130194800.000000,0.917588,125.600006
1130194800.000000,0.000000,124.900009
1130196600.000000,0.000000,124.200005
1130196600.000000,0.000000,129.100006
1130198400.000000,0.000000,127.000008
1130198400.000000,0.000000,124.900009
1130200200.000000,0.000000,127.000008
1130200200.000000,0.000000,125.600006
1130202000.000000,0.305863,124.200005
1130202000.000000,0.000000,126.300011
1130203800.000000,0.305863,128.400009
1130203800.000000,0.000000,124.900009
1130205600.000000,0.000000,128.400009
1130205600.000000,0.000000,124.900009
1130207400.000000,0.000000,124.200005
1130207400.000000,0.000000,124.200005
1130209200.000000,0.611725,130.500000
1130209200.000000,0.305863,126.300011
1130211000.000000,0.000000,131.200012
1130211000.000000,0.000000,126.300011
1130212800.000000,0.000000,125.600006
1130212800.000000,0.000000,123.500008
1130214600.000000,0.000000,125.600006
1130214600.000000,0.000000,122.800011
1130216400.000000,0.000000,125.600006
1130216400.000000,0.000000,125.600006
1130218200.000000,0.000000,127.700005
1130218200.000000,0.000000,126.300011
1130220000.000000,0.000000,123.500008
1130220000.000000,2.141038,127.700005
1130221800.000000,0.611725,122.800011
1130221800.000000,0.611725,126.300011
1130223600.000000,1.223451,125.600006
1130223600.000000,3.670352,125.600006
1130225400.000000,0.611725,131.200012
1130225400.000000,5.000000,125.600006
1130227200.000000,3.058626,125.600006
1130227200.000000,5.000000,127.000008
1130229000.000000,3.058626,126.300011
1130229000.000000,3.976214,127.000008
1130230800.000000,4.282077,131.200012
1130230800.000000,2.446901,127.700005
1130232600.000000,4.587939,124.900009
1130232600.000000,4.282077,122.800011
1130234400.000000,5.000000,126.300011
1130234400.000000,3.364489,124.900009
1130236200.000000,3.364489,127.000008
1130236200.000000,4.893802,124.200005
1130238000.000000,4.282077,124.900009
1130238000.000000,5.000000,127.000008
1130239800.000000,5.000000,127.700005
1130239800.000000,5.000000,127.000008
1130241600.000000,3.976214,127.000008
1130241600.000000,3.670352,123.500008
1130243400.000000,3.670352,125.600006
1130243400.000000,5.000000,126.300011
1130245200.000000,4.587939,126.300011
1130245200.000000,5.000000,126.300011
1130247000.000000,3.058626,127.700005
1130247000.000000,5.000000,128.400009
1130248800.000000,2.752764,124.900009
1130248800.000000,1.835176,122.100006
1130250600.000000,5.000000,127.000008
1130250600.000000,3.058626,127.700005
1130252400.000000,5.000000,128.400009
1130252400.000000,2.446901,124.200005
1130254200.000000,1.835176,126.300011
1130254200.000000,1.529313,127.000008
1130256000.000000,4.893802,125.600006
1130256000.000000,1.223451,125.600006
1130257800.000000,1.223451,127.000008
1130257800.000000,0.000000,124.200005
1130259600.000000,0.917588,127.000008
1130259600.000000,0.000000,126.300011
1130261400.000000,2.141038,128.400009
1130261400.000000,0.917588,127.700005
1130263200.000000,1.529313,125.600006
1130263200.000000,0.305863,126.300011
1130265000.000000,0.305863,124.200005
1130265000.000000,0.000000,123.500008
1130266800.000000,0.611725,131.200012
1130266800.000000,0.000000,124.200005
1130268600.000000,0.000000,127.700005
1130268600.000000,0.000000,123.500008
1130270400.000000,1.529313,122.800011
1130270400.000000,0.000000,127.000008
1130272200.000000,0.305863,130.500000
1130272200.000000,0.305863,129.100006
1130274000.000000,0.611725,124.200005
1130274000.000000,0.000000,127.000008
1130275800.000000,0.000000,123.500008
1130275800.000000,0.000000,126.300011
1130277600.000000,0.305863,123.500008
1130277600.000000,0.000000,124.900009
1130279400.000000,0.917588,127.000008
1130279400.000000,0.000000,122.100006
1130281200.000000,0.000000,127.000008
1130281200.000000,0.000000,126.300011
1130283000.000000,0.305863,129.800003
1130283000.000000,0.000000,126.300011
1130284800.000000,0.000000,129.800003
1130284800.000000,0.000000,127.000008
1130286600.000000,0.000000,127.000008
1130286600.000000,0.000000,127.000008
1130288400.000000,0.000000,122.100006
1130288400.000000,0.000000,125.600006
1130290200.000000,0.000000,127.700005
1130290200.000000,0.000000,124.200005
1130292000.000000,0.000000,126.300011
1130292000.000000,0.000000,125.600006
1130293800.000000,0.305863,126.300011
1130293800.000000,0.000000,126.300011
1130295600.000000,0.000000,125.600006
1130295600.000000,0.000000,124.200005
1130297400.000000,0.305863,129.800003
1130297400.000000,0.305863,127.700005
1130299200.000000,0.000000,127.700005
1130299200.000000,0.000000,123.500008
1130301000.000000,0.000000,125.600006
1130301000.000000,0.000000,126.300011
1130302800.000000,0.611725,129.100006
1130302800.000000,0.611725,124.900009
1130304600.000000,0.000000,123.500008
1130304600.000000,0.000000,124.900009
1130306400.000000,0.000000,129.100006
1130306400.000000,0.305863,126.300011
1130308200.000000,0.000000,120.700005
1130308200.000000,1.223451,123.500008
1130310000.000000,1.223451,127.000008
1130310000.000000,3.670352,125.600006
1130311800.000000,0.305863,128.400009
1130311800.000000,3.058626,127.700005
1130313600.000000,1.223451,125.600006
1130313600.000000,5.000000,126.300011
1130315400.000000,5.000000,129.800003
1130315400.000000,3.670352,124.900009
1130317200.000000,4.587939,127.000008
1130317200.000000,4.282077,126.300011
1130319000.000000,1.835176,126.300011
1130319000.000000,4.587939,125.600006
1130320800.000000,5.000000,123.500008
1130320800.000000,3.976214,127.700005
1130322600.000000,4.587939,125.600006
1130322600.000000,5.000000,126.300011
1130324400.000000,5.000000,128.400009
1130324400.000000,5.000000,126.300011
1130326200.000000,3.058626,125.600006
1130326200.000000,5.000000,125.600006
1130328000.000000,3.976214,124.200005
1130328000.000000,4.587939,125.600006
1130329800.000000,3.976214,125.600006
1130329800.000000,2.752764,126.300011
1130331600.000000,2.446901,126.300011
1130331600.000000,4.587939,125.600006
1130333400.000000,2.752764,129.100006
1130333400.000000,4.893802,126.300011
1130335200.000000,3.058626,127.000008
1130335200.000000,1.835176,123.500008
1130337000.000000,4.587939,123.500008
1130337000.000000,2.141038,125.600006
1130338800.000000,4.587939,127.700005
1130338800.000000,2.446901,125.600006
1130340600.000000,3.976214,128.400009
1130340600.000000,1.529313,124.900009
1130342400.000000,2.446901,124.200005
1130342400.000000,0.305863,127.700005
1130344200.000000,1.529313,128.400009
1130344200.000000,0.000000,126.300011
1130346000.000000,1.529313,125.600006
1130346000.000000,0.611725,125.600006
1130347800.000000,1.835176,129.100006
1130347800.000000,0.000000,127.000008
1130349600.000000,1.835176,123.500008
1130349600.000000,0.000000,124.900009
1130351400.000000,0.305863,122.800011
1130351400.000000,0.000000,126.300011
1130353200.000000,0.000000,127.700005
1130353200.000000,0.000000,125.600006
1130355000.000000,0.611725,127.000008
1130355000.000000,0.000000,129.100006
1130356800.000000,0.000000,126.300011
1130356800.000000,0.000000,127.700005
1130358600.000000,0.305863,125.600006
1130358600.000000,0.000000,126.300011
1130360400.000000,0.305863,125.600006
1130360400.000000,0.000000,129.800003
1130362200.000000,0.305863,125.600006
1130362200.000000,0.000000,123.500008
1130364000.000000,0.000000,126.300011
1130364000.000000,0.000000,123.500008
1130365800.000000,0.611725,124.200005
1130365800.000000,0.000000,122.100006
1130367600.000000,0.000000,127.700005
1130367600.000000,0.000000,124.200005
1130369400.000000,0.000000,127.000008
1130369400.000000,0.000000,124.900009
1130371200.000000,0.000000,127.000008
1130371200.000000,0.000000,123.500008
1130373000.000000,0.611725,125.600006
1130373000.000000,0.000000,128.400009
1130374800.000000,0.305863,127.000008
1130374800.000000,0.000000,127.000008
1130376600.000000,0.305863,129.800003
1130376600.000000,0.000000,124.900009
1130378400.000000,0.000000,127.700005
1130378400.000000,0.000000,127.700005
1130380200.000000,0.000000,125.600006
1130380200.000000,0.000000,126.300011
1130382000.000000,0.000000,127.700005
1130382000.000000,0.000000,124.900009
1130383800.000000,0.305863,126.300011
1130383800.000000,0.000000,127.700005
1130385600.000000,0.000000,125.600006
1130385600.000000,0.000000,124.200005
1130387400.000000,0.000000,124.900009
1130387400.000000,0.000000,124.200005
1130389200.000000,0.000000,127.000008
1130389200.000000,0.000000,125.600006
1130391000.000000,0.000000,126.300011
1130391000.000000,0.611725,128.400009
1130392800.000000,0.917588,127.000008
1130392800.000000,0.305863,123.500008
1130394600.000000,0.305863,124.900009
1130394600.000000,1.529313,123.500008
1130396400.000000,0.305863,128.400009
1130396400.000000,1.529313,127.000008
1130398200.000000,0.305863,124.900009
1130398200.000000,3.670352,130.500000
1130400000.000000,1.529313,126.300011
1130400000.000000,1.835176,124.900009
1130401800.000000,1.223451,123.500008
1130401800.000000,1.835176,125.600006
1130403600.000000,2.752764,123.500008
1130403600.000000,3.364489,127.700005
1130405400.000000,2.141038,126.300011
1130405400.000000,2.752764,122.800011
1130407200.000000,3.670352,126.300011
1130407200.000000,3.058626,125.600006
1130409000.000000,2.446901,125.600006
1130409000.000000,3.058626,125.600006
1130410800.000000,0.917588,128.400009
1130410800.000000,5.000000,125.600006
1130412600.000000,4.587939,124.200005
1130412600.000000,5.000000,125.600006
1130414400.000000,3.670352,130.500000
1130414400.000000,2.446901,127.700005
1130416200.000000,4.282077,127.000008
1130416200.000000,4.893802,123.500008
1130418000.000000,2.141038,123.500008
1130418000.000000,3.364489,126.300011
1130419800.000000,3.976214,130.500000
1130419800.000000,4.282077,124.900009
1130421600.000000,3.058626,124.900009
1130421600.000000,3.670352,127.000008
1130423400.000000,5.000000,126.300011
1130423400.000000,3.058626,124.900009
1130425200.000000,4.893802,128.400009
1130425200.000000,4.587939,124.900009
1130427000.000000,3.976214,123.500008
1130427000.000000,1.835176,127.000008
1130428800.000000,3.670352,127.000008
1130428800.000000,0.305863,126.300011
1130430600.000000,2.141038,125.600006
1130430600.000000,0.305863,124.200005
1130432400.000000,0.000000,126.300011
1130432400.000000,0.000000,129.100006
1130434200.000000,0.917588,124.200005
1130434200.000000,0.000000,128.400009
1130436000.000000,0.611725,125.600006
1130436000.000000,0.305863,123.500008
1130437800.000000,0.611725,127.000008
1130437800.000000,0.000000,129.100006
1130439600.000000,0.305863,125.600006
1130439600.000000,0.000000,123.500008
1130441400.000000,0.917588,122.800011
1130441400.000000,0.000000,125.600006
1130443200.000000,0.611725,127.000008
1130443200.000000,0.000000,122.800011
1130445000.000000,0.305863,132.600006
1130445000.000000,0.000000,125.600006
1130446800.000000,0.611725,127.000008
1130446800.000000,0.000000,124.900009
1130448600.000000,0.305863,128.400009
1130448600.000000,0.000000,125.600006
1130450400.000000,0.000000,129.100006
1130450400.000000,0.000000,127.700005
1130452200.000000,0.305863,123.500008
1130452200.000000,0.000000,123.500008
1130454000.000000,0.000000,127.000008
1130454000.000000,0.000000,127.700005
1130455800.000000,0.000000,124.900009
1130455800.000000,0.000000,122.800011
1130457600.000000,0.000000,124.900009
1130457600.000000,0.000000,124.200005
1130459400.000000,0.000000,124.900009
1130459400.000000,0.000000,126.300011
1130461200.000000,0.000000,129.800003
1130461200.000000,0.000000,127.000008
1130463000.000000,0.000000,127.700005
1130463000.000000,0.000000,125.600006
1130464800.000000,0.000000,127.700005
1130464800.000000,0.000000,125.600006
1130466600.000000,0.000000,124.900009
1130466600.000000,0.000000,124.200005
1130468400.000000,0.000000,127.700005
1130468400.000000,0.000000,126.300011
1130470200.000000,0.305863,125.600006
1130470200.000000,0.305863,124.900009
1130472000.000000,0.000000,122.800011
1130472000.000000,0.000000,126.300011
1130473800.000000,0.305863,126.300011
1130473800.000000,0.305863,124.900009
1130475600.000000,0.611725,127.700005
1130475600.000000,0.917588,124.200005
1130477400.000000,0.000000,124.900009
1130477400.000000,0.000000,127.700005
1130479200.000000,0.305863,125.600006
1130479200.000000,1.223451,126.300011
1130481000.000000,1.223451,126.300011
1130481000.000000,2.446901,124.900009
1130482800.000000,3.670352,125.600006
1130482800.000000,5.000000,127.000008
1130484600.000000,2.141038,129.800003
1130484600.000000,5.000000,126.300011
1130486400.000000,5.000000,128.400009
1130486400.000000,5.000000,129.100006
1130488200.000000,5.000000,126.300011
1130488200.000000,5.000000,122.800011
1130490000.000000,2.141038,128.400009
1130490000.000000,2.752764,124.200005
1130491800.000000,0.917588,124.900009
1130491800.000000,2.446901,124.200005
1130493600.000000,5.000000,122.800011
1130493600.000000,5.000000,124.900009
1130495400.000000,3.058626,125.600006
1130495400.000000,3.364489,123.500008
1130497200.000000,3.670352,128.400009
1130497200.000000,5.000000,123.500008
1130499000.000000,2.752764,129.100006
1130499000.000000,4.282077,124.900009
1130500800.000000,4.587939,130.500000
1130500800.000000,5.000000,128.400009
1130502600.000000,5.000000,124.200005
1130502600.000000,3.976214,124.900009
1130504400.000000,5.000000,124.200005
1130504400.000000,2.446901,128.400009
1130506200.000000,3.364489,127.000008
1130506200.000000,5.000000,125.600006
1130508000.000000,3.058626,124.200005
1130508000.000000,1.835176,124.200005
1130509800.000000,1.529313,124.900009
1130509800.000000,4.587939,123.500008
1130511600.000000,3.976214,128.400009
1130511600.000000,0.917588,129.800003
1130513400.000000,2.752764,126.300011
1130513400.000000,0.305863,127.000008
1130515200.000000,3.364489,123.500008
1130515200.000000,0.305863,124.900009
1130517000.000000,0.917588,127.700005
1130517000.000000,0.000000,124.200005
1130518800.000000,0.611725,126.300011
1130518800.000000,0.000000,125.600006
1130520600.000000,0.611725,125.600006
1130520600.000000,0.000000,125.600006
1130522400.000000,0.000000,127.000008
1130522400.000000,0.000000,124.900009
1130524200.000000,1.529313,129.800003
1130524200.000000,0.000000,124.200005
1130526000.000000,0.000000,126.300011
1130526000.000000,0.000000,124.200005
1130527800.000000,0.917588,125.600006
1130527800.000000,0.000000,125.600006
1130529600.000000,0.305863,127.700005
1130529600.000000,0.000000,124.200005
1130531400.000000,0.000000,128.400009
1130531400.000000,0.000000,128.400009
1130533200.000000,0.917588,126.300011
1130533200.000000,0.305863,121.400009
1130535000.000000,0.611725,124.200005
1130535000.000000,0.000000,125.600006
1130536800.000000,0.000000,126.300011
1130536800.000000,0.000000,124.900009
1130538600.000000,0.000000,123.500008
1130538600.000000,0.000000,124.200005
1130540400.000000,0.305863,126.300011
1130540400.000000,0.000000,129.800003
1130542200.000000,0.000000,127.700005
1130542200.000000,0.000000,125.600006
1130544000.000000,0.000000,126.300011
1130544000.000000,0.000000,127.000008
1130545800.000000,0.000000,126.300011
1130545800.000000,0.000000,128.400009
1130547600.000000,0.000000,124.900009
1130547600.000000,0.000000,128.400009
1130549400.000000,0.000000,125.600006
1130549400.000000,0.000000,123.500008
1130551200.000000,0.305863,125.600006
1130551200.000000,0.000000,124.900009
1130553000.000000,0.000000,125.600006
1130553000.000000,0.000000,122.800011
1130554800.000000,0.000000,127.700005
1130554800.000000,0.000000,125.600006
1130556600.000000,0.000000,125.600006
1130556600.000000,0.000000,124.200005
1130558400.000000,0.000000,130.500000
1130558400.000000,0.000000,127.700005
1130560200.000000,0.000000,128.400009
1130560200.000000,0.000000,123.500008
1130562000.000000,0.000000,123.500008
1130562000.000000,0.000000,127.000008
1130563800.000000,0.000000,127.000008
1130563800.000000,0.000000,123.500008
1130565600.000000,0.000000,129.100006
1130565600.000000,0.000000,122.800011
1130567400.000000,0.000000,128.400009
1130567400.000000,0.000000,123.500008
1130569200.000000,0.000000,125.600006
1130569200.000000,0.000000,124.200005
1130571000.000000,0.000000,126.300011
1130571000.000000,0.000000,126.300011
1130572800.000000,0.000000,127.000008
1130572800.000000,0.000000,127.000008
1130574600.000000,0.000000,124.200005
1130574600.000000,0.000000,128.400009
1130576400.000000,0.000000,125.600006
1130576400.000000,0.000000,127.000008
1130578200.000000,0.000000,127.700005
1130578200.000000,0.000000,126.300011
1130580000.000000,0.000000,121.400009
1130580000.000000,0.000000,124.200005
1130581800.000000,0.000000,122.800011
1130581800.000000,0.000000,124.200005
1130583600.000000,0.000000,129.800003
1130583600.000000,0.000000,129.100006
1130585400.000000,0.000000,125.600006
1130585400.000000,0.000000,127.000008
1130587200.000000,0.611725,127.700005
1130587200.000000,0.000000,124.200005
1130589000.000000,0.305863,126.300011
1130589000.000000,0.000000,124.200005
1130590800.000000,0.000000,125.600006
1130590800.000000,0.000000,124.900009
1130592600.000000,0.000000,126.300011
1130592600.000000,0.000000,127.700005
1130594400.000000,0.917588,124.900009
1130594400.000000,0.000000,127.000008
1130596200.000000,0.917588,123.500008
1130596200.000000,0.000000,123.500008
1130598000.000000,0.305863,129.800003
1130598000.000000,0.000000,127.000008
1130599800.000000,0.305863,128.400009
1130599800.000000,0.000000,124.200005
1130601600.000000,0.917588,127.700005
1130601600.000000,0.000000,123.500008
1130603400.000000,0.000000,125.600006
1130603400.000000,0.000000,124.900009
1130605200.000000,0.305863,124.200005
1130605200.000000,0.000000,123.500008
1130607000.000000,0.917588,127.700005
1130607000.000000,0.000000,123.500008
1130608800.000000,0.000000,124.900009
1130608800.000000,0.000000,124.900009
1130610600.000000,1.529313,127.700005
1130610600.000000,0.000000,125.600006
1130612400.000000,0.305863,126.300011
1130612400.000000,0.000000,132.600006
1130614200.000000,0.000000,129.100006
1130614200.000000,0.000000,127.000008
1130616000.000000,0.000000,127.700005
1130616000.000000,0.000000,125.600006
1130617800.000000,0.305863,122.800011
1130617800.000000,0.000000,128.400009
1130619600.000000,0.305863,125.600006
1130619600.000000,0.000000,121.400009
1130621400.000000,0.000000,124.200005
1130621400.000000,0.000000,122.800011
1130623200.000000,0.000000,122.100006
1130623200.000000,0.000000,126.300011
1130625000.000000,0.611725,128.400009
1130625000.000000,0.000000,127.700005
1130626800.000000,0.000000,131.200012
1130626800.000000,0.000000,125.600006
1130628600.000000,0.000000,125.600006
1130628600.000000,0.000000,124.200005
1130630400.000000,0.611725,127.700005
1130630400.000000,0.000000,124.900009
1130632200.000000,0.000000,125.600006
1130632200.000000,0.000000,127.000008
1130634000.000000,0.000000,122.800011
1130634000.000000,0.000000,124.200005
1130635800.000000,0.000000,126.300011
1130635800.000000,0.000000,127.000008
1130637600.000000,0.000000,124.900009
1130637600.000000,0.000000,125.600006
1130639400.000000,0.000000,125.600006
1130639400.000000,0.000000,124.200005
1130641200.000000,0.305863,127.000008
1130641200.000000,0.000000,127.700005
1130643000.000000,0.000000,123.500008
1130643000.000000,0.000000,128.400009
1130644800.000000,0.000000,124.900009
1130644800.000000,0.000000,123.500008
1130646600.000000,0.000000,125.600006
1130646600.000000,0.000000,125.600006
1130648400.000000,0.000000,124.200005
1130648400.000000,0.000000,127.700005
1130650200.000000,0.000000,127.700005
1130650200.000000,0.000000,127.000008
1130652000.000000,0.000000,129.100006
1130652000.000000,0.000000,125.600006
1130653800.000000,0.000000,125.600006
1130653800.000000,0.000000,124.200005
1130655600.000000,0.611725,127.000008
1130655600.000000,0.000000,124.200005
1130657400.000000,0.000000,126.300011
1130657400.000000,0.000000,124.900009
1130659200.000000,0.000000,129.100006
1130659200.000000,0.000000,126.300011
1130661000.000000,0.000000,127.000008
1130661000.000000,0.000000,122.800011
1130662800.000000,0.305863,125.600006
1130662800.000000,0.000000,122.800011
1130664600.000000,0.000000,126.300011
1130664600.000000,0.000000,124.900009
1130666400.000000,0.000000,126.300011
1130666400.000000,0.000000,130.500000
1130668200.000000,0.000000,127.000008
1130668200.000000,0.000000,123.500008
1130670000.000000,0.000000,125.600006
1130670000.000000,0.000000,124.900009
1130671800.000000,0.305863,122.800011
1130671800.000000,0.000000,124.900009
1130673600.000000,0.000000,129.100006
1130673600.000000,0.000000,127.700005
1130675400.000000,0.000000,126.300011
1130675400.000000,0.000000,126.300011
1130677200.000000,0.000000,123.500008
1130677200.000000,0.000000,127.700005
1130679000.000000,0.000000,123.500008
1130679000.000000,0.000000,124.200005
1130680800.000000,0.000000,127.000008
1130680800.000000,0.000000,124.900009
1130682600.000000,0.000000,128.400009
1130682600.000000,0.000000,126.300011
1130684400.000000,0.611725,129.100006
1130684400.000000,0.000000,124.200005
1130686200.000000,0.000000,126.300011
1130686200.000000,0.000000,125.600006
1130688000.000000,0.611725,124.900009
1130688000.000000,0.000000,125.600006
1130689800.000000,0.305863,126.300011
1130689800.000000,0.000000,127.000008
1130691600.000000,0.000000,124.200005
1130691600.000000,0.000000,123.500008
1130693400.000000,0.305863,126.300011
1130693400.000000,0.000000,124.200005
1130695200.000000,0.917588,128.400009
1130695200.000000,0.000000,124.900009
1130697000.000000,0.305863,124.900009
1130697000.000000,0.305863,127.700005
1130698800.000000,0.000000,123.500008
1130698800.000000,0.000000,124.200005
1130700600.000000,0.305863,128.400009
1130700600.000000,0.000000,123.500008
1130702400.000000,0.000000,124.900009
1130702400.000000,0.000000,122.800011
1130704200.000000,0.305863,124.900009
1130704200.000000,0.000000,131.200012
1130706000.000000,0.000000,127.700005
1130706000.000000,0.000000,124.200005
1130707800.000000,0.000000,127.700005
1130707800.000000,0.000000,129.100006
1130709600.000000,0.000000,125.600006
1130709600.000000,0.000000,122.800011
1130711400.000000,0.000000,126.300011
1130711400.000000,0.000000,126.300011
1130713200.000000,0.000000,127.000008
1130713200.000000,0.000000,123.500008
1130715000.000000,0.000000,127.000008
1130715000.000000,0.000000,123.500008
1130716800.000000,0.000000,124.900009
1130716800.000000,0.000000,125.600006
1130718600.000000,0.000000,124.200005
1130718600.000000,0.000000,126.300011
1130720400.000000,0.000000,127.700005
1130720400.000000,0.000000,126.300011
1130722200.000000,0.000000,126.300011
1130722200.000000,0.000000,124.200005
1130724000.000000,0.000000,128.400009
1130724000.000000,0.000000,125.600006
1130725800.000000,0.000000,122.800011
1130725800.000000,0.000000,127.000008
1130727600.000000,0.000000,127.700005
1130727600.000000,0.000000,125.600006
1130729400.000000,0.305863,131.900009
1130729400.000000,0.000000,123.500008
1130731200.000000,0.000000,124.900009
1130731200.000000,0.000000,125.600006
1130733000.000000,0.000000,124.900009
1130733000.000000,0.000000,122.800011
1130734800.000000,0.611725,123.500008
1130734800.000000,0.000000,129.100006
1130736600.000000,0.000000,124.900009
1130736600.000000,0.305863,124.200005
1130738400.000000,0.000000,127.000008
1130738400.000000,0.917588,126.300011
1130740200.000000,0.305863,122.800011
1130740200.000000,0.611725,123.500008
1130742000.000000,0.305863,127.000008
1130742000.000000,0.611725,124.200005
1130743800.000000,0.305863,127.700005
1130743800.000000,5.000000,125.600006
1130745600.000000,0.611725,127.000008
1130745600.000000,3.670352,124.200005
1130747400.000000,0.305863,127.000008
1130747400.000000,2.141038,127.700005
1130749200.000000,1.529313,126.300011
1130749200.000000,3.364489,125.600006
1130751000.000000,5.000000,125.600006
1130751000.000000,5.000000,124.900009
1130752800.000000,4.282077,127.700005
1130752800.000000,5.000000,124.900009
1130754600.000000,1.223451,125.600006
1130754600.000000,2.752764,122.800011
1130756400.000000,5.000000,124.900009
1130756400.000000,1.223451,127.700005
1130758200.000000,3.670352,124.900009
1130758200.000000,2.752764,129.800003
1130760000.000000,3.364489,127.000008
1130760000.000000,5.000000,123.500008
1130761800.000000,1.529313,129.800003
1130761800.000000,5.000000,124.900009
1130763600.000000,3.058626,126.300011
1130763600.000000,5.000000,123.500008
1130765400.000000,2.752764,125.600006
1130765400.000000,3.364489,126.300011
1130767200.000000,5.000000,125.600006
1130767200.000000,5.000000,122.800011
1130769000.000000,5.000000,124.200005
1130769000.000000,5.000000,127.000008
1130770800.000000,5.000000,126.300011
1130770800.000000,3.976214,125.600006
1130772600.000000,5.000000,130.500000
1130772600.000000,3.976214,127.700005
1130774400.000000,5.000000,125.600006
1130774400.000000,2.446901,122.800011
1130776200.000000,5.000000,127.700005
1130776200.000000,2.141038,130.500000
1130778000.000000,5.000000,123.500008
1130778000.000000,0.305863,122.100006
1130779800.000000,2.752764,122.800011
1130779800.000000,0.000000,123.500008
1130781600.000000,1.529313,126.300011
1130781600.000000,0.000000,125.600006
1130783400.000000,1.529313,128.400009
1130783400.000000,0.000000,125.600006
1130785200.000000,0.917588,124.900009
1130785200.000000,0.000000,129.100006
1130787000.000000,1.223451,125.600006
1130787000.000000,0.000000,125.600006
1130788800.000000,0.305863,127.000008
1130788800.000000,0.000000,126.300011
1130790600.000000,0.305863,127.000008
1130790600.000000,0.000000,124.200005
1130792400.000000,0.611725,124.900009
1130792400.000000,0.000000,124.200005
1130794200.000000,0.305863,123.500008
1130794200.000000,0.000000,122.100006
1130796000.000000,0.917588,123.500008
1130796000.000000,0.000000,127.700005
1130797800.000000,0.305863,125.600006
1130797800.000000,0.000000,124.200005
1130799600.000000,0.611725,129.100006
1130799600.000000,0.611725,127.700005
1130801400.000000,0.611725,127.000008
1130801400.000000,0.000000,128.400009
1130803200.000000,0.305863,130.500000
1130803200.000000,0.000000,127.000008
1130805000.000000,0.000000,125.600006
1130805000.000000,0.000000,129.100006
1130806800.000000,0.000000,122.800011
1130806800.000000,0.000000,121.400009
1130808600.000000,0.305863,123.500008
1130808600.000000,0.000000,122.100006
1130810400.000000,0.000000,124.200005
1130810400.000000,0.000000,124.200005
1130812200.000000,0.000000,127.000008
1130812200.000000,0.000000,127.000008
1130814000.000000,0.000000,124.200005
1130814000.000000,0.000000,122.800011
1130815800.000000,0.000000,127.700005
1130815800.000000,0.000000,127.000008
1130817600.000000,0.000000,127.700005
1130817600.000000,0.000000,124.200005
1130819400.000000,0.000000,127.000008
1130819400.000000,0.000000,127.700005
1130821200.000000,0.611725,129.100006
1130821200.000000,0.611725,127.700005
1130823000.000000,0.000000,122.800011
1130823000.000000,0.000000,124.900009
1130824800.000000,1.529313,126.300011
1130824800.000000,0.917588,122.800011
1130826600.000000,0.000000,125.600006
1130826600.000000,0.305863,127.000008
1130828400.000000,0.611725,125.600006
1130828400.000000,3.364489,124.200005
1130830200.000000,1.835176,124.900009
1130830200.000000,5.000000,125.600006
1130832000.000000,1.223451,126.300011
1130832000.000000,4.282077,124.900009
1130833800.000000,2.141038,123.500008
1130833800.000000,3.364489,127.700005
1130835600.000000,1.529313,126.300011
1130835600.000000,5.000000,125.600006
1130837400.000000,2.141038,127.000008
1130837400.000000,4.282077,126.300011
1130839200.000000,3.058626,124.900009
1130839200.000000,5.000000,127.000008
1130841000.000000,5.000000,125.600006
1130841000.000000,3.058626,122.800011
1130842800.000000,5.000000,127.000008
1130842800.000000,3.364489,124.200005
1130844600.000000,3.058626,127.000008
1130844600.000000,3.670352,127.000008
1130846400.000000,5.000000,128.400009
1130846400.000000,3.976214,123.500008
1130848200.000000,2.752764,124.200005
1130848200.000000,5.000000,124.200005
1130850000.000000,1.529313,122.800011
1130850000.000000,4.893802,126.300011
1130851800.000000,2.141038,124.900009
1130851800.000000,3.058626,127.000008
1130853600.000000,3.364489,126.300011
1130853600.000000,5.000000,128.400009
1130855400.000000,3.364489,123.500008
1130855400.000000,5.000000,127.000008
1130857200.000000,5.000000,125.600006
1130857200.000000,3.364489,128.400009
1130859000.000000,3.976214,129.100006
1130859000.000000,3.364489,126.300011
1130860800.000000,5.000000,127.700005
1130860800.000000,5.000000,127.700005
1130862600.000000,5.000000,124.900009
1130862600.000000,5.000000,122.100006
1130864400.000000,5.000000,123.500008
1130864400.000000,5.000000,122.800011
1130866200.000000,5.000000,123.500008
1130866200.000000,5.000000,124.900009
1130868000.000000,5.000000,124.200005
1130868000.000000,5.000000,124.900009
1130869800.000000,5.000000,127.700005
1130869800.000000,5.000000,128.400009
1130871600.000000,5.000000,129.800003
1130871600.000000,5.000000,124.900009
1130873400.000000,5.000000,127.000008
1130873400.000000,5.000000,126.300011
1130875200.000000,5.000000,125.600006
1130875200.000000,4.893802,124.200005
1130877000.000000,2.446901,124.200005
1130877000.000000,1.529313,125.600006
1130878800.000000,0.917588,125.600006
1130878800.000000,1.223451,120.700005
1130880600.000000,1.223451,124.900009
1130880600.000000,0.305863,125.600006
1130882400.000000,0.611725,125.600006
1130882400.000000,0.000000,125.600006
1130884200.000000,0.611725,124.900009
1130884200.000000,0.000000,126.300011
1130886000.000000,0.000000,126.300011
1130886000.000000,0.000000,132.600006
1130887800.000000,0.000000,123.500008
1130887800.000000,0.000000,124.900009
1130889600.000000,0.000000,127.000008
1130889600.000000,0.000000,126.300011
1130891400.000000,0.000000,129.100006
1130891400.000000,0.000000,124.200005
1130893200.000000,0.305863,123.500008
1130893200.000000,0.000000,127.000008
1130895000.000000,0.000000,125.600006
1130895000.000000,0.000000,127.000008
1130896800.000000,0.000000,129.100006
1130896800.000000,0.000000,122.100006
1130898600.000000,0.000000,123.500008
1130898600.000000,0.000000,124.900009
1130900400.000000,0.000000,125.600006
1130900400.000000,0.000000,124.900009
1130902200.000000,0.305863,124.200005
1130902200.000000,0.000000,125.600006
1130904000.000000,0.000000,125.600006
1130904000.000000,0.000000,124.200005
1130905800.000000,0.917588,129.800003
1130905800.000000,0.917588,127.700005
1130907600.000000,0.000000,127.000008
1130907600.000000,0.000000,123.500008
1130909400.000000,0.000000,125.600006
1130909400.000000,0.000000,124.900009
1130911200.000000,1.223451,126.300011
1130911200.000000,0.917588,124.900009
1130913000.000000,0.000000,125.600006
1130913000.000000,1.223451,124.200005
1130914800.000000,2.141038,124.200005
1130914800.000000,1.835176,127.000008
1130916600.000000,0.611725,126.300011
1130916600.000000,5.000000,124.900009
1130918400.000000,0.305863,122.800011
1130918400.000000,2.752764,126.300011
1130920200.000000,0.611725,125.600006
1130920200.000000,2.446901,129.100006
1130922000.000000,1.835176,129.100006
1130922000.000000,3.670352,127.000008
1130923800.000000,0.917588,125.600006
1130923800.000000,3.364489,126.300011
1130925600.000000,4.282077,123.500008
1130925600.000000,4.282077,124.900009
1130927400.000000,3.670352,124.200005
1130927400.000000,5.000000,124.200005
1130929200.000000,5.000000,125.600006
1130929200.000000,4.587939,126.300011
1130931000.000000,4.282077,124.900009
1130931000.000000,4.282077,123.500008
1130932800.000000,3.364489,124.900009
1130932800.000000,5.000000,122.800011
1130934600.000000,5.000000,127.000008
1130934600.000000,5.000000,130.500000
1130936400.000000,2.141038,125.600006
1130936400.000000,3.670352,127.000008
1130938200.000000,2.446901,125.600006
1130938200.000000,3.058626,126.300011
1130940000.000000,4.282077,127.700005
1130940000.000000,3.364489,121.400009
1130941800.000000,3.364489,127.000008
1130941800.000000,5.000000,126.300011
1130943600.000000,4.893802,125.600006
1130943600.000000,5.000000,122.100006
1130945400.000000,5.000000,126.300011
1130945400.000000,2.446901,124.900009
1130947200.000000,4.893802,127.700005
1130947200.000000,3.364489,125.600006
1130949000.000000,5.000000,123.500008
1130949000.000000,0.611725,124.900009
1130950800.000000,4.282077,125.600006
1130950800.000000,0.305863,127.700005
1130952600.000000,3.364489,124.200005
1130952600.000000,0.000000,125.600006
1130954400.000000,1.529313,127.000008
1130954400.000000,0.000000,131.900009
1130956200.000000,0.611725,122.100006
1130956200.000000,0.000000,124.200005
1130958000.000000,0.305863,126.300011
1130958000.000000,0.000000,124.200005
1130959800.000000,0.917588,127.000008
1130959800.000000,0.000000,124.900009
1130961600.000000,0.305863,126.300011
1130961600.000000,0.305863,124.200005
1130963400.000000,0.000000,125.600006
1130963400.000000,0.611725,127.700005
1130965200.000000,0.305863,122.800011
1130965200.000000,0.000000,125.600006
1130967000.000000,0.611725,127.000008
1130967000.000000,0.000000,126.300011
1130968800.000000,0.000000,124.200005
1130968800.000000,0.000000,124.900009
1130970600.000000,0.917588,126.300011
1130970600.000000,0.000000,127.000008
1130972400.000000,0.917588,130.500000
1130972400.000000,0.000000,124.200005
1130974200.000000,0.000000,124.900009
1130974200.000000,0.000000,127.700005
1130976000.000000,0.000000,124.200005
1130976000.000000,0.000000,120.700005
1130977800.000000,0.000000,124.900009
1130977800.000000,0.000000,124.200005
1130979600.000000,0.000000,124.200005
1130979600.000000,0.000000,123.500008
1130981400.000000,0.000000,131.900009
1130981400.000000,0.000000,124.200005
1130983200.000000,0.000000,125.600006
1130983200.000000,0.000000,127.000008
1130985000.000000,0.000000,124.900009
1130985000.000000,0.000000,124.900009
1130986800.000000,0.000000,125.600006
1130986800.000000,0.000000,124.900009
1130988600.000000,0.000000,128.400009
1130988600.000000,0.000000,129.100006
1130990400.000000,0.000000,127.000008
1130990400.000000,0.305863,124.200005
1130992200.000000,0.611725,125.600006
1130992200.000000,0.305863,126.300011
1130994000.000000,0.000000,120.700005
1130994000.000000,0.000000,124.900009
1130995800.000000,0.000000,124.200005
1130995800.000000,0.000000,127.000008
1130997600.000000,0.000000,124.200005
1130997600.000000,0.000000,124.200005
1130999400.000000,0.000000,125.600006
1130999400.000000,0.305863,127.000008
1131001200.000000,1.223451,124.200005
1131001200.000000,3.976214,127.000008
1131003000.000000,0.917588,126.300011
1131003000.000000,2.752764,127.000008
1131004800.000000,0.305863,128.400009
1131004800.000000,3.058626,126.300011
1131006600.000000,2.446901,127.000008
1131006600.000000,4.893802,127.000008
1131008400.000000,1.223451,122.800011
1131008400.000000,4.282077,122.800011
1131010200.000000,1.835176,125.600006
1131010200.000000,3.976214,121.400009
1131012000.000000,4.893802,127.000008
1131012000.000000,5.000000,123.500008
1131013800.000000,5.000000,125.600006
1131013800.000000,4.282077,126.300011
1131015600.000000,5.000000,129.100006
1131015600.000000,2.752764,128.400009
1131017400.000000,5.000000,122.800011
1131017400.000000,2.752764,124.900009
1131019200.000000,1.835176,126.300011
1131019200.000000,5.000000,126.300011
1131021000.000000,2.752764,127.000008
1131021000.000000,3.976214,127.000008
1131022800.000000,3.058626,127.000008
1131022800.000000,4.282077,126.300011
1131024600.000000,2.141038,122.100006
1131024600.000000,3.670352,122.800011
1131026400.000000,3.364489,123.500008
1131026400.000000,3.670352,125.600006
1131028200.000000,3.058626,125.600006
1131028200.000000,3.976214,124.900009
1131030000.000000,1.835176,128.400009
1131030000.000000,2.141038,126.300011
1131031800.000000,3.976214,127.000008
1131031800.000000,2.141038,127.700005
1131033600.000000,3.976214,124.900009
1131033600.000000,3.058626,126.300011
1131035400.000000,3.976214,127.700005
1131035400.000000,1.223451,125.600006
1131037200.000000,1.835176,124.200005
1131037200.000000,0.305863,124.200005
1131039000.000000,2.141038,122.100006
1131039000.000000,0.305863,124.200005
1131040800.000000,0.611725,126.300011
1131040800.000000,0.000000,122.100006
1131042600.000000,0.611725,127.700005
1131042600.000000,0.000000,124.200005
1131044400.000000,0.917588,125.600006
1131044400.000000,0.305863,126.300011
1131046200.000000,1.223451,124.900009
1131046200.000000,0.000000,127.000008
1131048000.000000,0.611725,124.900009
1131048000.000000,0.000000,125.600006
1131049800.000000,0.305863,126.300011
1131049800.000000,0.000000,124.900009
1131051600.000000,0.611725,127.000008
1131051600.000000,0.000000,128.400009
1131053400.000000,0.611725,124.200005
1131053400.000000,0.000000,124.900009
1131055200.000000,0.611725,127.000008
1131055200.000000,0.000000,126.300011
1131057000.000000,2.141038,124.200005
1131057000.000000,0.000000,127.700005
1131058800.000000,0.000000,128.400009
1131058800.000000,0.000000,124.900009
1131060600.000000,0.000000,123.500008
1131060600.000000,0.000000,124.200005
1131062400.000000,0.305863,125.600006
1131062400.000000,0.000000,123.500008
1131064200.000000,0.000000,123.500008
1131064200.000000,0.000000,127.000008
1131066000.000000,0.305863,122.100006
1131066000.000000,0.000000,125.600006
1131067800.000000,0.000000,128.400009
1131067800.000000,0.000000,129.100006
1131069600.000000,0.305863,126.300011
1131069600.000000,0.000000,122.100006
1131071400.000000,0.000000,126.300011
1131071400.000000,0.000000,127.700005
1131073200.000000,0.000000,127.000008
1131073200.000000,0.000000,125.600006
1131075000.000000,0.000000,129.800003
1131075000.000000,0.000000,126.300011
1131076800.000000,0.000000,126.300011
1131076800.000000,0.000000,124.200005
1131078600.000000,0.000000,123.500008
1131078600.000000,0.000000,123.500008
1131080400.000000,0.611725,124.900009
1131080400.000000,0.611725,127.000008
1131082200.000000,0.000000,124.200005
1131082200.000000,0.000000,122.800011
1131084000.000000,0.000000,123.500008
1131084000.000000,0.000000,125.600006
1131085800.000000,2.141038,124.900009
1131085800.000000,2.752764,125.600006
1131087600.000000,0.611725,124.200005
1131087600.000000,0.917588,127.000008
1131089400.000000,0.917588,126.300011
1131089400.000000,3.364489,124.200005
1131091200.000000,1.835176,127.000008
1131091200.000000,5.000000,127.700005
1131093000.000000,3.058626,125.600006
1131093000.000000,5.000000,125.600006
1131094800.000000,5.000000,127.000008
1131094800.000000,5.000000,123.500008
1131096600.000000,5.000000,125.600006
1131096600.000000,4.282077,127.000008
1131098400.000000,5.000000,125.600006
1131098400.000000,5.000000,124.900009
1131100200.000000,1.835176,123.500008
1131100200.000000,5.000000,126.300011
1131102000.000000,3.058626,124.200005
1131102000.000000,5.000000,124.900009
1131103800.000000,3.058626,124.900009
1131103800.000000,3.058626,129.100006
1131105600.000000,5.000000,123.500008
1131105600.000000,5.000000,124.200005
1131107400.000000,5.000000,126.300011
1131107400.000000,5.000000,123.500008
1131109200.000000,5.000000,124.200005
1131109200.000000,5.000000,127.700005
1131111000.000000,3.976214,125.600006
1131111000.000000,4.893802,125.600006
1131112800.000000,5.000000,126.300011
1131112800.000000,4.282077,129.100006
1131114600.000000,3.670352,126.300011
1131114600.000000,4.893802,128.400009
1131116400.000000,2.752764,124.200005
1131116400.000000,5.000000,126.300011
1131118200.000000,3.670352,124.200005
1131118200.000000,4.282077,124.900009
1131120000.000000,5.000000,126.300011
1131120000.000000,0.611725,122.100006
1131121800.000000,1.835176,127.700005
1131121800.000000,1.223451,125.600006
1131123600.000000,2.446901,125.600006
1131123600.000000,0.000000,124.200005
1131125400.000000,0.917588,124.900009
1131125400.000000,0.000000,126.300011
1131127200.000000,1.529313,127.700005
1131127200.000000,0.000000,125.600006
1131129000.000000,0.611725,126.300011
1131129000.000000,0.000000,125.600006
1131130800.000000,0.305863,124.900009
1131130800.000000,0.000000,125.600006
1131132600.000000,0.611725,126.300011
1131132600.000000,0.000000,124.200005
1131134400.000000,0.000000,128.400009
1131134400.000000,0.000000,123.500008
1131136200.000000,0.305863,123.500008
1131136200.000000,0.000000,124.200005
1131138000.000000,0.305863,122.800011
1131138000.000000,0.000000,125.600006
1131139800.000000,0.305863,124.200005
1131139800.000000,0.000000,126.300011
1131141600.000000,0.000000,127.700005
1131141600.000000,0.000000,124.200005
1131143400.000000,0.305863,131.200012
1131143400.000000,0.000000,124.900009
1131145200.000000,0.000000,123.500008
1131145200.000000,0.000000,128.400009
1131147000.000000,0.611725,124.200005
1131147000.000000,0.000000,127.700005
1131148800.000000,0.000000,124.900009
1131148800.000000,0.000000,126.300011
1131150600.000000,0.000000,125.600006
1131150600.000000,0.000000,123.500008
1131152400.000000,0.000000,124.200005
1131152400.000000,0.000000,129.100006
1131154200.000000,0.000000,123.500008
1131154200.000000,0.000000,124.200005
1131156000.000000,0.000000,127.700005
1131156000.000000,0.000000,123.500008
1131157800.000000,0.000000,123.500008
1131157800.000000,0.000000,124.900009
1131159600.000000,0.000000,123.500008
1131159600.000000,0.000000,126.300011
1131161400.000000,0.000000,123.500008
1131161400.000000,0.000000,127.700005
1131163200.000000,0.000000,124.900009
1131163200.000000,0.000000,127.700005
1131165000.000000,0.000000,129.100006
1131165000.000000,0.000000,124.900009
1131166800.000000,0.000000,123.500008
1131166800.000000,0.000000,123.500008
1131168600.000000,0.000000,127.000008
1131168600.000000,0.000000,121.400009
1131170400.000000,0.000000,124.900009
1131170400.000000,0.000000,126.300011
1131172200.000000,0.000000,127.000008
1131172200.000000,0.000000,122.800011
1131174000.000000,0.000000,125.600006
1131174000.000000,0.000000,127.000008
1131175800.000000,0.000000,127.700005
1131175800.000000,0.000000,127.000008
1131177600.000000,0.000000,126.300011
1131177600.000000,0.000000,127.000008
1131179400.000000,0.305863,122.100006
1131179400.000000,0.000000,127.000008
1131181200.000000,1.529313,126.300011
1131181200.000000,0.000000,129.800003
1131183000.000000,0.000000,124.900009
1131183000.000000,0.000000,125.600006
1131184800.000000,0.000000,125.600006
1131184800.000000,0.000000,124.900009
1131186600.000000,0.305863,126.300011
1131186600.000000,0.611725,122.100006
1131188400.000000,0.305863,124.200005
1131188400.000000,0.000000,127.700005
1131190200.000000,0.305863,124.900009
1131190200.000000,0.000000,125.600006
1131192000.000000,0.000000,122.800011
1131192000.000000,0.000000,122.100006
1131193800.000000,0.000000,127.000008
1131193800.000000,0.000000,127.700005
1131195600.000000,0.000000,122.100006
1131195600.000000,0.000000,126.300011
1131197400.000000,0.917588,123.500008
1131197400.000000,0.000000,126.300011
1131199200.000000,0.000000,127.000008
1131199200.000000,0.000000,124.900009
1131201000.000000,0.305863,124.200005
1131201000.000000,0.611725,125.600006
1131202800.000000,0.305863,129.100006
1131202800.000000,0.000000,125.600006
1131204600.000000,0.000000,125.600006
1131204600.000000,0.000000,122.800011
1131206400.000000,0.305863,128.400009
1131206400.000000,0.000000,123.500008
1131208200.000000,0.000000,124.200005
1131208200.000000,0.000000,125.600006
1131210000.000000,0.611725,126.300011
1131210000.000000,0.000000,129.800003
1131211800.000000,0.305863,124.900009
1131211800.000000,0.000000,124.900009
1131213600.000000,0.305863,127.700005
1131213600.000000,0.000000,124.900009
1131215400.000000,0.611725,124.900009
1131215400.000000,0.000000,123.500008
1131217200.000000,0.000000,122.800011
1131217200.000000,0.000000,129.100006
1131219000.000000,0.000000,124.900009
1131219000.000000,0.000000,124.900009
1131220800.000000,0.917588,123.500008
1131220800.000000,0.000000,124.900009
1131222600.000000,0.000000,122.800011
1131222600.000000,0.000000,125.600006
1131224400.000000,0.000000,127.000008
1131224400.000000,0.000000,124.900009
1131226200.000000,0.305863,124.900009
1131226200.000000,0.000000,131.200012
1131226200.000000,0.000000,127.000008
1131226200.000000,0.000000,126.300011
1131226200.000000,0.000000,125.600006
1131226200.000000,0.000000,129.800003
1131226200.000000,0.000000,124.900009
1131226200.000000,0.000000,125.600006
1131226200.000000,0.000000,124.200005
1131226200.000000,0.000000,122.100006
1131226200.000000,0.000000,124.200005
1131226200.000000,0.000000,124.200005
1131226200.000000,0.000000,128.400009
1131226200.000000,0.000000,121.400009
1131226200.000000,0.000000,123.500008
1131226200.000000,0.000000,128.400009
1131226200.000000,0.000000,122.800011
1131226200.000000,0.000000,126.300011
1131226200.000000,0.000000,122.800011
1131226200.000000,0.000000,130.500000
1131226200.000000,0.000000,124.200005
1131226200.000000,0.000000,123.500008
1131226200.000000,0.000000,127.000008
1131226200.000000,0.000000,126.300011
1131226200.000000,0.000000,125.600006
1131226200.000000,0.000000,125.600006
1131226200.000000,0.000000,125.600006
1131226200.000000,0.000000,127.700005
1131226200.000000,0.000000,124.200005
1131226200.000000,0.000000,127.700005
1131226200.000000,0.000000,124.200005
1131226200.000000,0.000000,124.900009
1131226200.000000,0.000000,123.500008
1131226200.000000,0.000000,123.500008
1131226200.000000,0.000000,127.000008
1131226200.000000,0.000000,124.900009
1131226200.000000,0.000000,126.300011
1131226200.000000,0.000000,125.600006
1131226200.000000,0.000000,127.000008
1131226200.000000,0.000000,126.300011
1131226200.000000,0.000000,125.600006
1131226200.000000,0.000000,129.800003
1131226200.000000,0.000000,123.500008
1131226200.000000,0.000000,122.800011
1131226200.000000,0.000000,124.200005
1131226200.000000,0.000000,126.300011
1131226200.000000,0.000000,124.900009
1131226200.000000,0.000000,124.200005
1131226200.000000,0.000000,126.300011
1131226200.000000,0.000000,125.600006
1131226200.000000,0.000000,121.400009
1131226200.000000,0.000000,126.300011
1131226200.000000,0.000000,124.200005
1131226200.000000,0.000000,124.200005
1131226200.000000,0.000000,126.300011
1131226200.000000,0.000000,125.600006
1131226200.000000,0.000000,122.800011
1131226200.000000,0.000000,128.400009
1131226200.000000,0.000000,127.000008
1131226200.000000,0.000000,124.200005
1131226200.000000,0.000000,127.000008
1131226200.000000,0.000000,125.600006
1131226200.000000,0.000000,124.200005
1131226200.000000,0.000000,127.700005
1131226200.000000,0.000000,124.200005
1131226200.000000,0.000000,126.300011
1131226200.000000,0.000000,128.400009
1131226200.000000,0.000000,124.200005
1131226200.000000,0.000000,127.700005
1131226200.000000,0.000000,122.800011
1131226200.000000,0.000000,124.200005
1131226200.000000,0.000000,127.000008
1131226200.000000,0.000000,121.400009
1131226200.000000,0.000000,126.300011
1131226200.000000,0.000000,122.800011
1131226200.000000,0.000000,125.600006
1131226200.000000,0.000000,130.500000
1131226200.000000,0.000000,125.600006
1131226200.000000,0.000000,123.500008
1131226200.000000,0.000000,128.400009
1131226200.000000,0.000000,124.200005
1131226200.000000,0.000000,122.100006
1131226200.000000,0.000000,124.900009
1131226200.000000,0.000000,124.900009
1131226200.000000,0.000000,124.200005
1131226200.000000,0.000000,127.000008
1131226200.000000,0.000000,124.900009
1131226200.000000,0.000000,126.300011
1131226200.000000,0.000000,124.200005
1131226200.000000,0.000000,126.300011
1131226200.000000,0.000000,127.000008
1131226200.000000,0.000000,122.800011
1131226200.000000,0.000000,127.700005
1131226200.000000,0.000000,127.000008
1131226200.000000,0.000000,126.300011
1131226200.000000,0.000000,129.800003
1131226200.000000,0.000000,125.600006
1131226200.000000,0.000000,123.500008
1131226200.000000,0.000000,125.600006
1131226200.000000,0.000000,123.500008
1131226200.000000,0.000000,126.300011
1131226200.000000,0.000000,124.900009
1131226200.000000,0.000000,122.800011
1131226200.000000,0.000000,123.500008
1131226200.000000,0.000000,123.500008
1131226200.000000,0.000000,127.000008
1131226200.000000,0.000000,122.100006
1131226200.000000,0.000000,127.700005
1131226200.000000,0.000000,124.200005
1131226200.000000,0.000000,128.400009
1131226200.000000,0.000000,122.100006
1131226200.000000,0.000000,127.700005
1131226200.000000,0.000000,128.400009
1131226200.000000,0.000000,124.900009
1131226200.000000,0.000000,129.800003
1131226200.000000,0.000000,126.300011
1131226200.000000,0.000000,122.100006
1131226200.000000,0.000000,129.100006
1131226200.000000,0.000000,124.900009
1131226200.000000,0.000000,125.600006
1131226200.000000,0.000000,125.600006
1131226200.000000,0.000000,122.800011
1131226200.000000,0.000000,122.800011
1131226200.000000,0.000000,124.200005
1131226200.000000,0.000000,124.900009
1131226200.000000,0.000000,122.800011
1131226200.000000,0.000000,124.900009
1131226200.000000,0.000000,125.600006
1131226200.000000,0.000000,123.500008
1131226200.000000,0.000000,126.300011
1131226200.000000,0.000000,129.800003
1131226200.000000,0.000000,127.700005
1131226200.000000,0.000000,124.200005
1131226200.000000,0.000000,124.900009
1131226200.000000,0.000000,127.000008
1131226200.000000,0.000000,122.800011
1131226200.000000,0.000000,126.300011
1131226200.000000,0.000000,124.900009
1131226200.000000,0.000000,128.400009
1131226200.000000,0.000000,124.200005
1131226200.000000,0.000000,122.800011
1131226200.000000,0.000000,126.300011
1131226200.000000,0.000000,126.300011
1131226200.000000,0.000000,127.700005
1131226200.000000,0.000000,124.200005
1131226200.000000,0.000000,121.400009
1131226200.000000,0.000000,126.300011
1131226200.000000,0.000000,127.000008
1131226200.000000,0.000000,125.600006
1131226200.000000,0.000000,125.600006
1131226200.000000,0.000000,123.500008
1131226200.000000,0.000000,129.100006
1131226200.000000,0.000000,127.700005
1131226200.000000,0.000000,122.800011
1131226200.000000,0.000000,124.200005
1131226200.000000,0.000000,125.600006
1131226200.000000,0.000000,125.600006
1131226200.000000,0.000000,123.500008
1131226200.000000,0.000000,123.500008
1131226200.000000,0.000000,127.000008
1131226200.000000,0.000000,124.900009
1131226200.000000,0.000000,124.200005
1131226200.000000,0.000000,126.300011
1131226200.000000,0.000000,123.500008
1131226200.000000,0.000000,125.600006
1131226200.000000,0.000000,124.200005
1131226200.000000,0.000000,125.600006
1131226200.000000,0.000000,127.700005
1131226200.000000,0.000000,127.700005
1131226200.000000,0.000000,128.400009
1131226200.000000,0.000000,122.100006
1131226200.000000,0.000000,124.900009
1131226200.000000,0.000000,127.700005
1131226200.000000,0.000000,124.900009
1131226200.000000,0.000000,125.600006
1131226200.000000,0.000000,125.600006
1131226200.000000,0.000000,125.600006
1131226200.000000,0.000000,123.500008
1131226200.000000,0.000000,122.800011
1131226200.000000,0.000000,120.700005
1131226200.000000,0.000000,127.700005
1131226200.000000,0.000000,127.700005
1131226200.000000,0.000000,124.900009
1131226200.000000,0.000000,127.000008
1131226200.000000,0.000000,124.900009
1131226200.000000,0.000000,127.700005
1131226200.000000,0.000000,121.400009
1131226200.000000,0.000000,126.300011
1131226200.000000,0.000000,126.300011
1131226200.000000,0.000000,124.200005
1131226200.000000,0.000000,126.300011
1131226200.000000,0.000000,125.600006
1131226200.000000,0.000000,126.300011
1131226200.000000,0.000000,122.100006
1131226200.000000,0.000000,126.300011
1131226200.000000,0.000000,125.600006
1131226200.000000,0.000000,127.000008
1131226200.000000,0.000000,124.900009
1131226200.000000,0.000000,124.900009
1131226200.000000,0.000000,127.700005
1131226200.000000,0.000000,124.200005
1131226200.000000,0.000000,127.000008
1131226200.000000,0.000000,123.500008
1131226200.000000,0.000000,125.600006
1131226200.000000,0.000000,127.700005
1131226200.000000,0.000000,124.900009
1131226200.000000,0.000000,122.800011
1131226200.000000,0.000000,127.700005
1131226200.000000,0.000000,122.100006
1131226200.000000,0.000000,127.000008
1131226200.000000,0.000000,127.000008
1131226200.000000,0.000000,125.600006
