0.000000000000000000e+00
0.000000000000000000e+00
0.000000000000000000e+00
0.000000000000000000e+00
0.000000000000000000e+00
0.000000000000000000e+00
0.000000000000000000e+00
0.000000000000000000e+00
0.000000000000000000e+00
0.000000000000000000e+00
0.000000000000000000e+00
0.000000000000000000e+00
0.000000000000000000e+00
0.000000000000000000e+00
0.000000000000000000e+00
0.000000000000000000e+00
0.000000000000000000e+00
0.000000000000000000e+00
0.000000000000000000e+00
0.000000000000000000e+00
0.000000000000000000e+00
0.000000000000000000e+00
5.700000286102294922e+00
1.889999961853027344e+01
3.900000095367431641e+00
9.800000190734863281e+00
0.000000000000000000e+00
0.000000000000000000e+00
4.200000286102294922e+00
1.189999961853027344e+01
6.000000238418579102e-01
2.799999952316284180e+00
0.000000000000000000e+00
3.300000190734863281e+00
1.089999961853027344e+01
7.300000190734863281e+00
1.180000019073486328e+01
6.599999904632568359e+00
7.000000000000000000e+00
1.200000047683715820e+00
3.800000190734863281e+00
9.399999618530273438e+00
5.900000095367431641e+00
8.699999809265136719e+00
8.500000000000000000e+00
9.699999809265136719e+00
7.699999809265136719e+00
1.700000047683715820e+00
3.500000000000000000e+00
9.800000190734863281e+00
7.900000095367431641e+00
8.199999809265136719e+00
1.289999961853027344e+01
6.500000476837158203e+00
9.099999427795410156e+00
2.100000143051147461e+00
4.800000190734863281e+00
8.300000190734863281e+00
8.700000762939453125e+00
1.469999980926513672e+01
1.500000000000000000e+00
5.300000190734863281e+00
5.800000190734863281e+00
5.399999618530273438e+00
7.700000286102294922e+00
1.369999980926513672e+01
7.000000000000000000e+00
6.400000095367431641e+00
4.099999904632568359e+00
6.400000095367431641e+00
4.700000286102294922e+00
6.300000190734863281e+00
1.019999980926513672e+01
7.099999904632568359e+00
6.500000000000000000e+00
1.040000057220458984e+01
4.000000000000000000e+00
5.500000000000000000e+00
6.900000095367431641e+00
9.000000000000000000e+00
2.399999856948852539e+00
5.300000190734863281e+00
7.000000000000000000e+00
1.800000071525573730e+00
3.500000000000000000e+00
3.600000143051147461e+00
8.399999618530273438e+00
3.600000143051147461e+00
9.099999427795410156e+00
3.000000119209289551e-01
0.000000000000000000e+00
0.000000000000000000e+00
0.000000000000000000e+00
0.000000000000000000e+00
0.000000000000000000e+00
0.000000000000000000e+00
0.000000000000000000e+00
0.000000000000000000e+00
0.000000000000000000e+00
0.000000000000000000e+00
0.000000000000000000e+00
0.000000000000000000e+00
0.000000000000000000e+00
5.400000095367431641e+00
2.029999923706054688e+01
0.000000000000000000e+00
0.000000000000000000e+00
0.000000000000000000e+00
0.000000000000000000e+00
0.000000000000000000e+00
0.000000000000000000e+00
0.000000000000000000e+00
0.000000000000000000e+00
0.000000000000000000e+00
0.000000000000000000e+00
0.000000000000000000e+00
0.000000000000000000e+00
0.000000000000000000e+00
0.000000000000000000e+00
0.000000000000000000e+00
0.000000000000000000e+00
0.000000000000000000e+00
4.500000000000000000e+00
1.259999942779541016e+01
2.700000047683715820e+00
4.900000095367431641e+00
4.200000286102294922e+00
1.040000057220458984e+01
4.000000000000000000e+00
5.599999904632568359e+00
2.400000095367431641e+00
7.500000000000000000e+00
1.019999980926513672e+01
6.699999809265136719e+00
8.399999618530273438e+00
1.200000047683715820e+00
3.599999904632568359e+00
4.800000190734863281e+00
1.030000019073486328e+01
7.400000095367431641e+00
6.400000095367431641e+00
8.800000190734863281e+00
7.300000190734863281e+00
5.699999809265136719e+00
5.300000190734863281e+00
9.099999427795410156e+00
2.700000047683715820e+00
7.799999713897705078e+00
5.699999809265136719e+00
7.500000000000000000e+00
6.400000095367431641e+00
8.899999618530273438e+00
3.200000047683715820e+00
7.400000095367431641e+00
9.699999809265136719e+00
3.800000190734863281e+00
5.699999809265136719e+00
6.500000476837158203e+00
1.080000019073486328e+01
4.200000286102294922e+00
7.199999809265136719e+00
5.000000000000000000e+00
7.199999809265136719e+00
6.300000190734863281e+00
1.040000057220458984e+01
5.300000190734863281e+00
1.019999980926513672e+01
5.500000000000000000e+00
4.699999809265136719e+00
6.800000190734863281e+00
8.500000000000000000e+00
7.100000381469726562e+00
7.799999713897705078e+00
5.300000190734863281e+00
9.299999237060546875e+00
4.800000190734863281e+00
6.899999618530273438e+00
5.400000095367431641e+00
9.199999809265136719e+00
6.500000000000000000e+00
4.900000095367431641e+00
0.000000000000000000e+00
0.000000000000000000e+00
0.000000000000000000e+00
0.000000000000000000e+00
0.000000000000000000e+00
0.000000000000000000e+00
0.000000000000000000e+00
0.000000000000000000e+00
0.000000000000000000e+00
0.000000000000000000e+00
0.000000000000000000e+00
0.000000000000000000e+00
0.000000000000000000e+00
0.000000000000000000e+00
0.000000000000000000e+00
0.000000000000000000e+00
0.000000000000000000e+00
0.000000000000000000e+00
0.000000000000000000e+00
0.000000000000000000e+00
0.000000000000000000e+00
0.000000000000000000e+00
0.000000000000000000e+00
0.000000000000000000e+00
0.000000000000000000e+00
0.000000000000000000e+00
0.000000000000000000e+00
0.000000000000000000e+00
0.000000000000000000e+00
6.000000000000000000e+00
1.610000038146972656e+01
3.000000119209289551e-01
6.999999880790710449e-01
0.000000000000000000e+00
0.000000000000000000e+00
3.600000143051147461e+00
1.119999980926513672e+01
3.600000143051147461e+00
8.399999618530273438e+00
2.700000047683715820e+00
7.000000000000000000e+00
6.900000095367431641e+00
1.289999961853027344e+01
3.900000095367431641e+00
1.040000057220458984e+01
3.100000143051147461e+00
4.099999904632568359e+00
7.000000000000000000e+00
9.399999618530273438e+00
3.400000095367431641e+00
7.500000000000000000e+00
7.000000000000000000e+00
2.700000047683715820e+00
9.100000381469726562e+00
2.799999952316284180e+00
4.200000286102294922e+00
9.299999237060546875e+00
6.900000095367431641e+00
8.599999427795410156e+00
4.599999904632568359e+00
7.300000190734863281e+00
4.500000000000000000e+00
1.040000057220458984e+01
4.900000095367431641e+00
6.899999618530273438e+00
5.500000000000000000e+00
9.800000190734863281e+00
4.200000286102294922e+00
7.000000000000000000e+00
3.600000143051147461e+00
3.000000119209289551e-01
5.100000381469726562e+00
6.000000238418579102e-01
5.700000286102294922e+00
3.000000119209289551e-01
2.400000095367431641e+00
2.100000143051147461e+00
2.200000047683715820e+00
2.100000143051147461e+00
1.800000071525573730e+00
4.800000190734863281e+00
6.999999880790710449e-01
3.900000095367431641e+00
2.599999904632568359e+00
3.700000047683715820e+00
2.800000190734863281e+00
1.800000071525573730e+00
5.199999809265136719e+00
1.399999976158142090e+00
3.300000190734863281e+00
1.600000023841857910e+00
2.700000047683715820e+00
4.800000190734863281e+00
3.200000047683715820e+00
2.400000095367431641e+00
3.800000190734863281e+00
3.700000047683715820e+00
1.299999952316284180e+00
3.300000190734863281e+00
1.800000071525573730e+00
3.700000047683715820e+00
3.100000143051147461e+00
2.500000000000000000e+00
9.000000357627868652e-01
4.599999904632568359e+00
6.999999880790710449e-01
5.400000095367431641e+00
3.099999904632568359e+00
4.200000286102294922e+00
2.000000000000000000e+00
2.700000047683715820e+00
1.200000047683715820e+00
2.400000095367431641e+00
5.000000000000000000e+00
2.799999952316284180e+00
1.500000000000000000e+00
2.100000143051147461e+00
4.900000095367431641e+00
5.000000000000000000e+00
2.200000047683715820e+00
3.600000143051147461e+00
2.500000000000000000e+00
6.999999880790710449e-01
0.000000000000000000e+00
2.100000143051147461e+00
0.000000000000000000e+00
6.300000190734863281e+00
2.099999904632568359e+00
4.500000000000000000e+00
1.399999976158142090e+00
0.000000000000000000e+00
1.200000047683715820e+00
4.900000095367431641e+00
2.100000143051147461e+00
4.099999904632568359e+00
4.099999904632568359e+00
2.800000190734863281e+00
2.200000047683715820e+00
2.700000047683715820e+00
1.600000023841857910e+00
5.400000095367431641e+00
1.600000023841857910e+00
2.400000095367431641e+00
3.700000047683715820e+00
2.200000047683715820e+00
4.000000000000000000e+00
1.200000047683715820e+00
4.200000286102294922e+00
3.400000095367431641e+00
1.800000071525573730e+00
5.199999809265136719e+00
2.299999952316284180e+00
6.999999880790710449e-01
0.000000000000000000e+00
6.000000000000000000e+00
1.399999976158142090e+00
0.000000000000000000e+00
2.700000047683715820e+00
6.300000190734863281e+00
2.000000000000000000e+00
5.700000286102294922e+00
3.400000095367431641e+00
1.800000071525573730e+00
6.000000238418579102e-01
3.000000000000000000e+00
3.400000095367431641e+00
2.800000190734863281e+00
5.600000381469726562e+00
1.000000000000000000e+00
3.400000095367431641e+00
0.000000000000000000e+00
4.800000190734863281e+00
2.699999809265136719e+00
4.800000190734863281e+00
1.600000023841857910e+00
3.400000095367431641e+00
3.100000143051147461e+00
2.299999952316284180e+00
3.000000000000000000e+00
1.900000095367431641e+00
5.600000381469726562e+00
4.000000000000000000e+00
2.100000143051147461e+00
2.800000190734863281e+00
2.500000000000000000e+00
3.400000095367431641e+00
1.600000023841857910e+00
5.400000095367431641e+00
2.000000000000000000e+00
1.800000071525573730e+00
4.200000286102294922e+00
1.000000000000000000e+00
2.400000095367431641e+00
2.800000190734863281e+00
4.300000190734863281e+00
2.000000000000000000e+00
3.300000190734863281e+00
2.700000047683715820e+00
2.599999904632568359e+00
2.100000143051147461e+00
3.100000143051147461e+00
4.500000000000000000e+00
2.699999809265136719e+00
2.700000047683715820e+00
2.800000190734863281e+00
3.900000095367431641e+00
1.500000000000000000e+00
2.700000047683715820e+00
4.300000190734863281e+00
2.599999904632568359e+00
2.900000095367431641e+00
4.599999904632568359e+00
2.000000000000000000e+00
3.900000095367431641e+00
2.299999952316284180e+00
2.400000095367431641e+00
1.800000071525573730e+00
2.100000143051147461e+00
4.000000000000000000e+00
1.200000047683715820e+00
3.000000000000000000e+00
2.100000143051147461e+00
4.099999904632568359e+00
1.900000095367431641e+00
4.800000190734863281e+00
2.000000000000000000e+00
2.400000095367431641e+00
2.599999904632568359e+00
3.600000143051147461e+00
4.800000190734863281e+00
1.700000047683715820e+00
5.700000286102294922e+00
3.099999904632568359e+00
1.500000000000000000e+00
3.100000143051147461e+00
3.800000190734863281e+00
2.200000047683715820e+00
3.000000000000000000e+00
4.000000000000000000e+00
3.200000047683715820e+00
2.800000190734863281e+00
2.500000000000000000e+00
4.000000000000000000e+00
1.900000095367431641e+00
2.500000000000000000e+00
5.500000000000000000e+00
3.799999952316284180e+00
2.700000047683715820e+00
1.500000000000000000e+00
4.000000000000000000e+00
2.299999952316284180e+00
6.300000190734863281e+00
1.600000023841857910e+00
1.500000000000000000e+00
3.900000095367431641e+00
3.000000119209289551e-01
3.000000000000000000e+00
2.500000000000000000e+00
3.000000000000000000e+00
9.000000357627868652e-01
5.500000000000000000e+00
1.000000000000000000e+00
2.400000095367431641e+00
4.599999904632568359e+00
1.399999976158142090e+00
5.100000381469726562e+00
1.399999976158142090e+00
2.400000095367431641e+00
1.700000047683715820e+00
6.400000095367431641e+00
2.799999952316284180e+00
5.100000381469726562e+00
2.299999952316284180e+00
2.100000143051147461e+00
2.800000190734863281e+00
4.099999904632568359e+00
1.600000023841857910e+00
4.599999904632568359e+00
3.599999904632568359e+00
2.700000047683715820e+00
1.500000000000000000e+00
3.300000190734863281e+00
1.800000071525573730e+00
3.100000143051147461e+00
3.700000047683715820e+00
2.299999952316284180e+00
4.599999904632568359e+00
2.099999904632568359e+00
2.700000047683715820e+00
0.000000000000000000e+00
2.100000143051147461e+00
6.999999880790710449e-01
0.000000000000000000e+00
0.000000000000000000e+00
0.000000000000000000e+00
0.000000000000000000e+00
0.000000000000000000e+00
0.000000000000000000e+00
0.000000000000000000e+00
0.000000000000000000e+00
0.000000000000000000e+00
0.000000000000000000e+00
0.000000000000000000e+00
8.100000381469726562e+00
1.399999976158142090e+00
0.000000000000000000e+00
0.000000000000000000e+00
0.000000000000000000e+00
0.000000000000000000e+00
0.000000000000000000e+00
0.000000000000000000e+00
0.000000000000000000e+00
0.000000000000000000e+00
0.000000000000000000e+00
0.000000000000000000e+00
0.000000000000000000e+00
0.000000000000000000e+00
0.000000000000000000e+00
0.000000000000000000e+00
0.000000000000000000e+00
0.000000000000000000e+00
0.000000000000000000e+00
0.000000000000000000e+00
5.400000095367431641e+00
6.999999880790710449e-01
1.800000071525573730e+00
4.200000286102294922e+00
1.399999976158142090e+00
0.000000000000000000e+00
6.600000381469726562e+00
3.500000000000000000e+00
2.700000047683715820e+00
3.100000143051147461e+00
3.600000143051147461e+00
1.299999952316284180e+00
8.200000762939453125e+00
6.999999880790710449e-01
3.300000190734863281e+00
2.500000000000000000e+00
3.700000047683715820e+00
1.299999952316284180e+00
3.700000047683715820e+00
0.000000000000000000e+00
3.300000190734863281e+00
5.199999809265136719e+00
1.000000000000000000e+00
4.000000000000000000e+00
6.999999880790710449e-01
2.400000095367431641e+00
2.800000190734863281e+00
4.000000000000000000e+00
1.900000095367431641e+00
6.400000095367431641e+00
6.999999880790710449e-01
3.300000190734863281e+00
1.900000095367431641e+00
3.000000000000000000e+00
1.200000047683715820e+00
4.199999809265136719e+00
1.500000000000000000e+00
3.600000143051147461e+00
1.500000000000000000e+00
3.400000095367431641e+00
5.099999904632568359e+00
1.299999952316284180e+00
2.400000095367431641e+00
3.000000000000000000e+00
1.600000023841857910e+00
4.200000286102294922e+00
1.000000000000000000e+00
3.900000095367431641e+00
3.700000047683715820e+00
3.000000000000000000e+00
3.500000000000000000e+00
1.500000000000000000e+00
4.400000095367431641e+00
1.800000071525573730e+00
3.700000047683715820e+00
2.800000190734863281e+00
1.800000071525573730e+00
3.400000095367431641e+00
2.800000190734863281e+00
1.900000095367431641e+00
6.999999880790710449e-01
2.700000047683715820e+00
1.399999976158142090e+00
4.500000000000000000e+00
6.999999880790710449e-01
0.000000000000000000e+00
0.000000000000000000e+00
2.700000047683715820e+00
0.000000000000000000e+00
0.000000000000000000e+00
0.000000000000000000e+00
0.000000000000000000e+00
0.000000000000000000e+00
0.000000000000000000e+00
0.000000000000000000e+00
0.000000000000000000e+00
0.000000000000000000e+00
0.000000000000000000e+00
0.000000000000000000e+00
0.000000000000000000e+00
0.000000000000000000e+00
0.000000000000000000e+00
0.000000000000000000e+00
0.000000000000000000e+00
0.000000000000000000e+00
0.000000000000000000e+00
0.000000000000000000e+00
0.000000000000000000e+00
0.000000000000000000e+00
0.000000000000000000e+00
0.000000000000000000e+00
0.000000000000000000e+00
0.000000000000000000e+00
0.000000000000000000e+00
0.000000000000000000e+00
0.000000000000000000e+00
0.000000000000000000e+00
0.000000000000000000e+00
3.900000095367431641e+00
0.000000000000000000e+00
3.600000143051147461e+00
3.300000190734863281e+00
1.200000047683715820e+00
0.000000000000000000e+00
3.600000143051147461e+00
5.000000000000000000e+00
2.000000000000000000e+00
0.000000000000000000e+00
3.900000095367431641e+00
8.600000381469726562e+00
2.500000000000000000e+00
2.200000047683715820e+00
2.100000143051147461e+00
3.900000095367431641e+00
1.600000023841857910e+00
3.300000190734863281e+00
2.700000047683715820e+00
3.800000190734863281e+00
3.500000000000000000e+00
3.700000047683715820e+00
3.700000047683715820e+00
2.099999904632568359e+00
2.100000143051147461e+00
3.700000047683715820e+00
6.000000238418579102e-01
5.100000381469726562e+00
1.000000000000000000e+00
5.400000095367431641e+00
6.000000238418579102e-01
6.000000238418579102e-01
3.600000143051147461e+00
9.000000357627868652e-01
2.400000095367431641e+00
2.100000143051147461e+00
3.300000190734863281e+00
2.299999952316284180e+00
4.300000190734863281e+00
1.800000071525573730e+00
2.599999904632568359e+00
3.700000047683715820e+00
1.900000095367431641e+00
5.800000190734863281e+00
6.999999880790710449e-01
2.700000047683715820e+00
2.599999904632568359e+00
0.000000000000000000e+00
0.000000000000000000e+00
5.700000286102294922e+00
2.799999952316284180e+00
6.900000095367431641e+00
0.000000000000000000e+00
0.000000000000000000e+00
0.000000000000000000e+00
2.400000095367431641e+00
4.400000095367431641e+00
0.000000000000000000e+00
0.000000000000000000e+00
0.000000000000000000e+00
0.000000000000000000e+00
0.000000000000000000e+00
0.000000000000000000e+00
0.000000000000000000e+00
0.000000000000000000e+00
0.000000000000000000e+00
0.000000000000000000e+00
0.000000000000000000e+00
0.000000000000000000e+00
0.000000000000000000e+00
0.000000000000000000e+00
0.000000000000000000e+00
0.000000000000000000e+00
0.000000000000000000e+00
0.000000000000000000e+00
0.000000000000000000e+00
0.000000000000000000e+00
0.000000000000000000e+00
0.000000000000000000e+00
0.000000000000000000e+00
0.000000000000000000e+00
0.000000000000000000e+00
0.000000000000000000e+00
0.000000000000000000e+00
0.000000000000000000e+00
0.000000000000000000e+00
0.000000000000000000e+00
0.000000000000000000e+00
0.000000000000000000e+00
0.000000000000000000e+00
0.000000000000000000e+00
0.000000000000000000e+00
0.000000000000000000e+00
0.000000000000000000e+00
3.900000095367431641e+00
6.999999880790710449e-01
0.000000000000000000e+00
0.000000000000000000e+00
1.800000071525573730e+00
5.100000381469726562e+00
1.299999952316284180e+00
3.400000095367431641e+00
1.800000071525573730e+00
0.000000000000000000e+00
0.000000000000000000e+00
4.500000000000000000e+00
2.500000000000000000e+00
4.800000190734863281e+00
2.099999904632568359e+00
3.000000119209289551e-01
3.600000143051147461e+00
1.200000047683715820e+00
3.600000143051147461e+00
3.900000095367431641e+00
5.000000000000000000e+00
2.699999809265136719e+00
5.199999809265136719e+00
1.000000000000000000e+00
3.600000143051147461e+00
2.700000047683715820e+00
9.000000357627868652e-01
3.000000000000000000e+00
9.000000357627868652e-01
4.800000190734863281e+00
2.399999856948852539e+00
4.200000286102294922e+00
1.299999952316284180e+00
4.000000000000000000e+00
3.400000095367431641e+00
2.299999952316284180e+00
5.500000000000000000e+00
2.399999856948852539e+00
3.900000095367431641e+00
1.200000047683715820e+00
2.100000143051147461e+00
3.400000095367431641e+00
1.600000023841857910e+00
6.699999809265136719e+00
1.700000047683715820e+00
2.400000095367431641e+00
3.000000000000000000e+00
3.600000143051147461e+00
3.000000000000000000e+00
3.400000095367431641e+00
4.300000190734863281e+00
1.600000023841857910e+00
3.600000143051147461e+00
9.000000357627868652e-01
3.000000119209289551e-01
4.800000190734863281e+00
1.600000023841857910e+00
4.000000000000000000e+00
1.399999976158142090e+00
2.400000095367431641e+00
1.500000000000000000e+00
0.000000000000000000e+00
0.000000000000000000e+00
5.400000095367431641e+00
6.999999880790710449e-01
0.000000000000000000e+00
0.000000000000000000e+00
0.000000000000000000e+00
0.000000000000000000e+00
0.000000000000000000e+00
0.000000000000000000e+00
0.000000000000000000e+00
0.000000000000000000e+00
0.000000000000000000e+00
0.000000000000000000e+00
0.000000000000000000e+00
0.000000000000000000e+00
0.000000000000000000e+00
0.000000000000000000e+00
0.000000000000000000e+00
0.000000000000000000e+00
0.000000000000000000e+00
0.000000000000000000e+00
0.000000000000000000e+00
0.000000000000000000e+00
0.000000000000000000e+00
0.000000000000000000e+00
0.000000000000000000e+00
0.000000000000000000e+00
0.000000000000000000e+00
0.000000000000000000e+00
0.000000000000000000e+00
0.000000000000000000e+00
0.000000000000000000e+00
0.000000000000000000e+00
0.000000000000000000e+00
4.500000000000000000e+00
0.000000000000000000e+00
2.400000095367431641e+00
6.999999880790710449e-01
4.200000286102294922e+00
1.000000000000000000e+00
6.900000095367431641e+00
1.399999976158142090e+00
0.000000000000000000e+00
2.100000143051147461e+00
2.500000000000000000e+00
3.100000143051147461e+00
3.900000095367431641e+00
9.000000357627868652e-01
6.200000286102294922e+00
2.799999952316284180e+00
9.000000357627868652e-01
0.000000000000000000e+00
3.900000095367431641e+00
3.300000190734863281e+00
2.500000000000000000e+00
3.000000000000000000e+00
5.399999618530273438e+00
4.500000000000000000e+00
6.999999880790710449e-01
3.300000190734863281e+00
4.599999904632568359e+00
6.000000238418579102e-01
4.300000190734863281e+00
1.600000023841857910e+00
3.300000190734863281e+00
1.299999952316284180e+00
3.900000095367431641e+00
2.100000143051147461e+00
2.200000047683715820e+00
5.100000381469726562e+00
1.399999976158142090e+00
1.800000071525573730e+00
1.800000071525573730e+00
4.200000286102294922e+00
1.000000000000000000e+00
4.800000190734863281e+00
6.000000238418579102e-01
1.500000000000000000e+00
3.300000190734863281e+00
1.399999976158142090e+00
4.800000190734863281e+00
2.799999952316284180e+00
4.500000000000000000e+00
1.000000000000000000e+00
0.000000000000000000e+00
3.300000190734863281e+00
4.599999904632568359e+00
5.199999809265136719e+00
1.399999976158142090e+00
5.100000381469726562e+00
2.099999904632568359e+00
3.000000000000000000e+00
2.599999904632568359e+00
0.000000000000000000e+00
0.000000000000000000e+00
4.500000000000000000e+00
1.399999976158142090e+00
0.000000000000000000e+00
0.000000000000000000e+00
0.000000000000000000e+00
0.000000000000000000e+00
0.000000000000000000e+00
0.000000000000000000e+00
0.000000000000000000e+00
0.000000000000000000e+00
0.000000000000000000e+00
0.000000000000000000e+00
0.000000000000000000e+00
0.000000000000000000e+00
0.000000000000000000e+00
0.000000000000000000e+00
0.000000000000000000e+00
0.000000000000000000e+00
0.000000000000000000e+00
0.000000000000000000e+00
0.000000000000000000e+00
0.000000000000000000e+00
0.000000000000000000e+00
0.000000000000000000e+00
0.000000000000000000e+00
0.000000000000000000e+00
0.000000000000000000e+00
0.000000000000000000e+00
0.000000000000000000e+00
0.000000000000000000e+00
0.000000000000000000e+00
0.000000000000000000e+00
0.000000000000000000e+00
0.000000000000000000e+00
0.000000000000000000e+00
0.000000000000000000e+00
5.700000286102294922e+00
0.000000000000000000e+00
0.000000000000000000e+00
0.000000000000000000e+00
0.000000000000000000e+00
3.000000119209289551e-01
1.020000076293945312e+01
1.399999976158142090e+00
0.000000000000000000e+00
3.000000119209289551e-01
0.000000000000000000e+00
2.400000095367431641e+00
3.300000190734863281e+00
1.500000000000000000e+00
4.200000286102294922e+00
2.299999952316284180e+00
2.400000095367431641e+00
6.999999880790710449e-01
1.500000000000000000e+00
4.300000190734863281e+00
1.600000023841857910e+00
5.400000095367431641e+00
6.999999880790710449e-01
3.000000000000000000e+00
9.000000357627868652e-01
3.600000143051147461e+00
4.099999904632568359e+00
2.200000047683715820e+00
4.599999904632568359e+00
1.299999952316284180e+00
3.000000000000000000e+00
3.800000190734863281e+00
2.700000047683715820e+00
1.600000023841857910e+00
4.800000190734863281e+00
2.200000047683715820e+00
1.800000071525573730e+00
3.100000143051147461e+00
2.500000000000000000e+00
3.400000095367431641e+00
1.600000023841857910e+00
6.400000095367431641e+00
1.399999976158142090e+00
2.100000143051147461e+00
2.800000190734863281e+00
3.800000190734863281e+00
1.900000095367431641e+00
4.000000000000000000e+00
4.900000095367431641e+00
1.299999952316284180e+00
2.200000047683715820e+00
3.600000143051147461e+00
1.399999976158142090e+00
4.500000000000000000e+00
1.700000047683715820e+00
5.100000381469726562e+00
0.000000000000000000e+00
3.300000190734863281e+00
3.200000047683715820e+00
3.599999904632568359e+00
3.300000190734863281e+00
6.000000238418579102e-01
4.500000000000000000e+00
1.900000095367431641e+00
2.800000190734863281e+00
3.900000095367431641e+00
4.400000095367431641e+00
2.900000095367431641e+00
0.000000000000000000e+00
0.000000000000000000e+00
6.600000381469726562e+00
6.999999880790710449e-01
3.000000000000000000e+00
1.200000047683715820e+00
4.000000000000000000e+00
2.200000047683715820e+00
1.399999976158142090e+00
2.700000047683715820e+00
2.100000143051147461e+00
1.399999976158142090e+00
4.500000000000000000e+00
0.000000000000000000e+00
9.000000357627868652e-01
4.200000286102294922e+00
1.600000023841857910e+00
3.000000000000000000e+00
6.999999880790710449e-01
2.400000095367431641e+00
1.800000071525573730e+00
3.600000143051147461e+00
4.500000000000000000e+00
4.700000286102294922e+00
1.299999952316284180e+00
4.500000000000000000e+00
1.399999976158142090e+00
2.100000143051147461e+00
2.400000095367431641e+00
2.100000143051147461e+00
5.100000381469726562e+00
6.999999880790710449e-01
2.700000047683715820e+00
1.000000000000000000e+00
6.000000000000000000e+00
2.699999809265136719e+00
3.000000000000000000e+00
4.500000000000000000e+00
2.599999904632568359e+00
2.400000095367431641e+00
1.800000071525573730e+00
3.700000047683715820e+00
6.000000238418579102e-01
1.800000071525573730e+00
5.300000190734863281e+00
6.999999880790710449e-01
5.700000286102294922e+00
2.099999904632568359e+00
3.300000190734863281e+00
3.000000000000000000e+00
3.900000095367431641e+00
2.500000000000000000e+00
3.000000000000000000e+00
9.000000357627868652e-01
3.900000095367431641e+00
1.600000023841857910e+00
4.500000000000000000e+00
4.699999809265136719e+00
1.500000000000000000e+00
5.199999809265136719e+00
1.000000000000000000e+00
1.800000071525573730e+00
2.100000143051147461e+00
4.500000000000000000e+00
3.299999952316284180e+00
2.800000190734863281e+00
4.000000000000000000e+00
1.200000047683715820e+00
3.000000000000000000e+00
1.299999952316284180e+00
4.500000000000000000e+00
6.000000238418579102e-01
2.700000047683715820e+00
5.000000000000000000e+00
2.599999904632568359e+00
1.800000071525573730e+00
4.099999904632568359e+00
4.099999904632568359e+00
1.900000095367431641e+00
3.300000190734863281e+00
2.800000190734863281e+00
2.100000143051147461e+00
2.100000143051147461e+00
1.800000071525573730e+00
4.000000000000000000e+00
1.900000095367431641e+00
5.099999904632568359e+00
5.600000381469726562e+00
2.100000143051147461e+00
2.100000143051147461e+00
1.900000095367431641e+00
4.500000000000000000e+00
2.900000095367431641e+00
1.500000000000000000e+00
3.900000095367431641e+00
1.600000023841857910e+00
6.000000238418579102e-01
3.600000143051147461e+00
1.200000047683715820e+00
4.500000000000000000e+00
9.000000357627868652e-01
3.300000190734863281e+00
1.299999952316284180e+00
4.200000286102294922e+00
3.099999904632568359e+00
4.500000000000000000e+00
1.000000000000000000e+00
3.000000000000000000e+00
3.500000000000000000e+00
2.200000047683715820e+00
3.400000095367431641e+00
1.600000023841857910e+00
4.500000000000000000e+00
1.200000047683715820e+00
2.800000190734863281e+00
3.000000000000000000e+00
2.500000000000000000e+00
3.700000047683715820e+00
6.000000238418579102e-01
5.400000095367431641e+00
6.999999880790710449e-01
2.100000143051147461e+00
5.600000381469726562e+00
6.000000238418579102e-01
2.700000047683715820e+00
3.400000095367431641e+00
3.700000047683715820e+00
3.200000047683715820e+00
0.000000000000000000e+00
4.200000286102294922e+00
2.000000000000000000e+00
4.500000000000000000e+00
2.900000095367431641e+00
2.700000047683715820e+00
3.000000000000000000e+00
1.900000095367431641e+00
2.800000190734863281e+00
4.200000286102294922e+00
2.299999952316284180e+00
4.200000286102294922e+00
1.900000095367431641e+00
2.700000047683715820e+00
0.000000000000000000e+00
6.000000238418579102e-01
5.400000095367431641e+00
2.000000000000000000e+00
4.800000190734863281e+00
1.399999976158142090e+00
3.000000000000000000e+00
4.000000000000000000e+00
2.299999952316284180e+00
5.000000000000000000e+00
5.000000000000000000e+00
2.100000143051147461e+00
2.200000047683715820e+00
3.000000000000000000e+00
2.500000000000000000e+00
3.300000190734863281e+00
3.100000143051147461e+00
2.100000143051147461e+00
9.000000357627868652e-01
4.200000286102294922e+00
2.000000000000000000e+00
3.800000190734863281e+00
2.400000095367431641e+00
1.800000071525573730e+00
3.600000143051147461e+00
1.600000023841857910e+00
2.400000095367431641e+00
3.400000095367431641e+00
2.500000000000000000e+00
2.500000000000000000e+00
4.400000095367431641e+00
2.400000095367431641e+00
2.200000047683715820e+00
2.400000095367431641e+00
2.099999904632568359e+00
0.000000000000000000e+00
5.700000286102294922e+00
1.299999952316284180e+00
3.900000095367431641e+00
6.999999880790710449e-01
1.200000047683715820e+00
0.000000000000000000e+00
2.100000143051147461e+00
0.000000000000000000e+00
5.400000095367431641e+00
6.999999880790710449e-01
0.000000000000000000e+00
0.000000000000000000e+00
0.000000000000000000e+00
0.000000000000000000e+00
0.000000000000000000e+00
0.000000000000000000e+00
0.000000000000000000e+00
0.000000000000000000e+00
0.000000000000000000e+00
0.000000000000000000e+00
0.000000000000000000e+00
0.000000000000000000e+00
0.000000000000000000e+00
0.000000000000000000e+00
0.000000000000000000e+00
0.000000000000000000e+00
0.000000000000000000e+00
0.000000000000000000e+00
0.000000000000000000e+00
0.000000000000000000e+00
0.000000000000000000e+00
0.000000000000000000e+00
0.000000000000000000e+00
0.000000000000000000e+00
0.000000000000000000e+00
0.000000000000000000e+00
0.000000000000000000e+00
0.000000000000000000e+00
0.000000000000000000e+00
0.000000000000000000e+00
0.000000000000000000e+00
0.000000000000000000e+00
0.000000000000000000e+00
0.000000000000000000e+00
0.000000000000000000e+00
4.500000000000000000e+00
0.000000000000000000e+00
1.500000000000000000e+00
4.800000190734863281e+00
3.000000119209289551e-01
0.000000000000000000e+00
6.000000000000000000e+00
6.999999880790710449e-01
9.000000357627868652e-01
2.400000095367431641e+00
1.399999976158142090e+00
3.000000000000000000e+00
3.100000143051147461e+00
5.900000095367431641e+00
1.700000047683715820e+00
2.700000047683715820e+00
2.800000190734863281e+00
3.900000095367431641e+00
3.000000000000000000e+00
1.500000000000000000e+00
4.300000190734863281e+00
1.800000071525573730e+00
1.299999952316284180e+00
4.500000000000000000e+00
1.000000000000000000e+00
4.300000190734863281e+00
2.299999952316284180e+00
5.700000286102294922e+00
1.399999976158142090e+00
2.700000047683715820e+00
2.700000047683715820e+00
1.500000000000000000e+00
2.800000190734863281e+00
1.200000047683715820e+00
5.700000286102294922e+00
1.399999976158142090e+00
2.400000095367431641e+00
2.100000143051147461e+00
1.800000071525573730e+00
3.100000143051147461e+00
1.900000095367431641e+00
6.000000000000000000e+00
3.799999952316284180e+00
1.800000071525573730e+00
2.800000190734863281e+00
4.099999904632568359e+00
2.500000000000000000e+00
1.500000000000000000e+00
3.900000095367431641e+00
9.000000357627868652e-01
6.999999880790710449e-01
4.200000286102294922e+00
1.900000095367431641e+00
3.600000143051147461e+00
2.400000095367431641e+00
2.800000190734863281e+00
0.000000000000000000e+00
4.500000000000000000e+00
1.399999976158142090e+00
0.000000000000000000e+00
0.000000000000000000e+00
0.000000000000000000e+00
0.000000000000000000e+00
0.000000000000000000e+00
0.000000000000000000e+00
0.000000000000000000e+00
0.000000000000000000e+00
0.000000000000000000e+00
0.000000000000000000e+00
0.000000000000000000e+00
0.000000000000000000e+00
0.000000000000000000e+00
0.000000000000000000e+00
0.000000000000000000e+00
0.000000000000000000e+00
0.000000000000000000e+00
0.000000000000000000e+00
0.000000000000000000e+00
0.000000000000000000e+00
0.000000000000000000e+00
0.000000000000000000e+00
0.000000000000000000e+00
0.000000000000000000e+00
0.000000000000000000e+00
0.000000000000000000e+00
0.000000000000000000e+00
0.000000000000000000e+00
0.000000000000000000e+00
0.000000000000000000e+00
0.000000000000000000e+00
0.000000000000000000e+00
0.000000000000000000e+00
0.000000000000000000e+00
0.000000000000000000e+00
0.000000000000000000e+00
0.000000000000000000e+00
0.000000000000000000e+00
0.000000000000000000e+00
0.000000000000000000e+00
5.700000286102294922e+00
0.000000000000000000e+00
0.000000000000000000e+00
0.000000000000000000e+00
7.800000190734863281e+00
0.000000000000000000e+00
0.000000000000000000e+00
3.900000095367431641e+00
1.600000023841857910e+00
3.900000095367431641e+00
1.600000023841857910e+00
3.000000000000000000e+00
0.000000000000000000e+00
0.000000000000000000e+00
3.900000095367431641e+00
2.900000095367431641e+00
5.199999809265136719e+00
3.000000119209289551e-01
2.400000095367431641e+00
4.200000286102294922e+00
2.599999904632568359e+00
2.100000143051147461e+00
2.700000047683715820e+00
3.300000190734863281e+00
2.200000047683715820e+00
1.900000095367431641e+00
3.900000095367431641e+00
3.000000119209289551e-01
4.500000000000000000e+00
2.200000047683715820e+00
3.300000190734863281e+00
2.299999952316284180e+00
2.100000143051147461e+00
5.300000190734863281e+00
3.000000119209289551e-01
2.400000095367431641e+00
2.200000047683715820e+00
4.500000000000000000e+00
3.700000047683715820e+00
4.200000286102294922e+00
1.299999952316284180e+00
3.000000000000000000e+00
6.000000238418579102e-01
3.400000095367431641e+00
4.599999904632568359e+00
2.599999904632568359e+00
2.700000047683715820e+00
0.000000000000000000e+00
0.000000000000000000e+00
3.900000095367431641e+00
6.999999880790710449e-01
0.000000000000000000e+00
3.900000095367431641e+00
6.999999880790710449e-01
1.800000071525573730e+00
0.000000000000000000e+00
0.000000000000000000e+00
0.000000000000000000e+00
0.000000000000000000e+00
0.000000000000000000e+00
0.000000000000000000e+00
0.000000000000000000e+00
0.000000000000000000e+00
0.000000000000000000e+00
0.000000000000000000e+00
0.000000000000000000e+00
0.000000000000000000e+00
0.000000000000000000e+00
0.000000000000000000e+00
0.000000000000000000e+00
0.000000000000000000e+00
0.000000000000000000e+00
0.000000000000000000e+00
0.000000000000000000e+00
0.000000000000000000e+00
0.000000000000000000e+00
0.000000000000000000e+00
0.000000000000000000e+00
0.000000000000000000e+00
0.000000000000000000e+00
0.000000000000000000e+00
0.000000000000000000e+00
0.000000000000000000e+00
0.000000000000000000e+00
0.000000000000000000e+00
0.000000000000000000e+00
0.000000000000000000e+00
0.000000000000000000e+00
0.000000000000000000e+00
0.000000000000000000e+00
0.000000000000000000e+00
0.000000000000000000e+00
0.000000000000000000e+00
4.500000000000000000e+00
2.700000047683715820e+00
4.300000190734863281e+00
1.299999952316284180e+00
3.600000143051147461e+00
1.500000000000000000e+00
9.000000357627868652e-01
4.500000000000000000e+00
6.999999880790710449e-01
3.600000143051147461e+00
1.200000047683715820e+00
4.800000190734863281e+00
3.000000119209289551e-01
3.300000190734863281e+00
2.900000095367431641e+00
2.200000047683715820e+00
3.400000095367431641e+00
2.400000095367431641e+00
3.000000000000000000e+00
2.699999809265136719e+00
4.599999904632568359e+00
1.600000023841857910e+00
2.400000095367431641e+00
2.400000095367431641e+00
1.800000071525573730e+00
7.100000381469726562e+00
6.999999880790710449e-01
1.500000000000000000e+00
3.000000000000000000e+00
1.600000023841857910e+00
2.700000047683715820e+00
1.000000000000000000e+00
6.600000381469726562e+00
6.999999880790710449e-01
2.400000095367431641e+00
5.000000000000000000e+00
2.399999856948852539e+00
3.600000143051147461e+00
2.399999856948852539e+00
4.500000000000000000e+00
1.399999976158142090e+00
4.500000000000000000e+00
2.299999952316284180e+00
3.900000095367431641e+00
1.299999952316284180e+00
4.200000286102294922e+00
9.000000357627868652e-01
2.700000047683715820e+00
3.100000143051147461e+00
1.200000047683715820e+00
3.900000095367431641e+00
1.000000000000000000e+00
5.400000095367431641e+00
1.399999976158142090e+00
0.000000000000000000e+00
1.500000000000000000e+00
6.999999880790710449e-01
0.000000000000000000e+00
0.000000000000000000e+00
0.000000000000000000e+00
0.000000000000000000e+00
0.000000000000000000e+00
0.000000000000000000e+00
0.000000000000000000e+00
0.000000000000000000e+00
0.000000000000000000e+00
0.000000000000000000e+00
0.000000000000000000e+00
0.000000000000000000e+00
0.000000000000000000e+00
0.000000000000000000e+00
0.000000000000000000e+00
0.000000000000000000e+00
0.000000000000000000e+00
0.000000000000000000e+00
0.000000000000000000e+00
0.000000000000000000e+00
0.000000000000000000e+00
0.000000000000000000e+00
0.000000000000000000e+00
0.000000000000000000e+00
0.000000000000000000e+00
0.000000000000000000e+00
0.000000000000000000e+00
0.000000000000000000e+00
0.000000000000000000e+00
0.000000000000000000e+00
0.000000000000000000e+00
0.000000000000000000e+00
0.000000000000000000e+00
0.000000000000000000e+00
0.000000000000000000e+00
0.000000000000000000e+00
0.000000000000000000e+00
0.000000000000000000e+00
0.000000000000000000e+00
0.000000000000000000e+00
0.000000000000000000e+00
0.000000000000000000e+00
0.000000000000000000e+00
0.000000000000000000e+00
0.000000000000000000e+00
5.700000286102294922e+00
6.999999880790710449e-01
6.600000381469726562e+00
0.000000000000000000e+00
2.100000143051147461e+00
9.000000357627868652e-01
3.900000095367431641e+00
3.400000095367431641e+00
9.000000357627868652e-01
3.600000143051147461e+00
3.200000047683715820e+00
1.500000000000000000e+00
1.800000071525573730e+00
4.300000190734863281e+00
2.100000143051147461e+00
0.000000000000000000e+00
1.800000071525573730e+00
3.700000047683715820e+00
3.100000143051147461e+00
2.400000095367431641e+00
4.099999904632568359e+00
4.800000190734863281e+00
1.600000023841857910e+00
2.700000047683715820e+00
3.000000000000000000e+00
1.900000095367431641e+00
1.299999952316284180e+00
6.300000190734863281e+00
2.399999856948852539e+00
2.100000143051147461e+00
5.600000381469726562e+00
1.000000000000000000e+00
2.700000047683715820e+00
1.000000000000000000e+00
6.000000000000000000e+00
1.399999976158142090e+00
3.900000095367431641e+00
6.999999880790710449e-01
0.000000000000000000e+00
2.400000095367431641e+00
2.200000047683715820e+00
4.800000190734863281e+00
6.999999880790710449e-01
3.900000095367431641e+00
2.900000095367431641e+00
2.400000095367431641e+00
2.100000143051147461e+00
2.299999952316284180e+00
6.000000000000000000e+00
1.399999976158142090e+00
0.000000000000000000e+00
0.000000000000000000e+00
0.000000000000000000e+00
0.000000000000000000e+00
0.000000000000000000e+00
0.000000000000000000e+00
0.000000000000000000e+00
0.000000000000000000e+00
0.000000000000000000e+00
0.000000000000000000e+00
0.000000000000000000e+00
0.000000000000000000e+00
0.000000000000000000e+00
0.000000000000000000e+00
0.000000000000000000e+00
0.000000000000000000e+00
0.000000000000000000e+00
0.000000000000000000e+00
0.000000000000000000e+00
0.000000000000000000e+00
0.000000000000000000e+00
0.000000000000000000e+00
0.000000000000000000e+00
0.000000000000000000e+00
0.000000000000000000e+00
0.000000000000000000e+00
0.000000000000000000e+00
0.000000000000000000e+00
0.000000000000000000e+00
0.000000000000000000e+00
0.000000000000000000e+00
0.000000000000000000e+00
0.000000000000000000e+00
0.000000000000000000e+00
0.000000000000000000e+00
0.000000000000000000e+00
4.500000000000000000e+00
0.000000000000000000e+00
0.000000000000000000e+00
0.000000000000000000e+00
0.000000000000000000e+00
3.000000000000000000e+00
3.900000095367431641e+00
1.800000071525573730e+00
3.700000047683715820e+00
2.200000047683715820e+00
2.100000143051147461e+00
2.100000143051147461e+00
2.100000143051147461e+00
5.700000286102294922e+00
0.000000000000000000e+00
1.800000071525573730e+00
3.100000143051147461e+00
3.000000000000000000e+00
1.200000047683715820e+00
3.700000047683715820e+00
2.100000143051147461e+00
2.599999904632568359e+00
4.000000000000000000e+00
1.600000023841857910e+00
6.400000095367431641e+00
3.000000119209289551e-01
2.100000143051147461e+00
4.300000190734863281e+00
6.999999880790710449e-01
1.800000071525573730e+00
3.400000095367431641e+00
4.099999904632568359e+00
3.100000143051147461e+00
1.500000000000000000e+00
3.900000095367431641e+00
2.599999904632568359e+00
2.400000095367431641e+00
1.500000000000000000e+00
3.600000143051147461e+00
1.299999952316284180e+00
3.000000000000000000e+00
2.200000047683715820e+00
4.500000000000000000e+00
2.299999952316284180e+00
2.800000190734863281e+00
2.500000000000000000e+00
3.000000000000000000e+00
9.000000357627868652e-01
4.500000000000000000e+00
1.000000000000000000e+00
5.400000095367431641e+00
1.399999976158142090e+00
2.700000047683715820e+00
1.900000095367431641e+00
7.100000381469726562e+00
2.099999904632568359e+00
3.000000000000000000e+00
2.800000190734863281e+00
2.100000143051147461e+00
1.600000023841857910e+00
4.800000190734863281e+00
2.299999952316284180e+00
3.300000190734863281e+00
2.800000190734863281e+00
2.100000143051147461e+00
1.299999952316284180e+00
3.000000000000000000e+00
2.099999904632568359e+00
0.000000000000000000e+00
0.000000000000000000e+00
0.000000000000000000e+00
5.400000095367431641e+00
3.400000095367431641e+00
5.700000286102294922e+00
6.999999880790710449e-01
0.000000000000000000e+00
1.500000000000000000e+00
0.000000000000000000e+00
0.000000000000000000e+00
3.600000143051147461e+00
3.100000143051147461e+00
0.000000000000000000e+00
0.000000000000000000e+00
0.000000000000000000e+00
0.000000000000000000e+00
0.000000000000000000e+00
0.000000000000000000e+00
6.300000190734863281e+00
2.099999904632568359e+00
3.000000119209289551e-01
4.800000190734863281e+00
1.399999976158142090e+00
0.000000000000000000e+00
1.800000071525573730e+00
6.300000190734863281e+00
2.399999856948852539e+00
2.100000143051147461e+00
2.700000047683715820e+00
1.200000047683715820e+00
2.800000190734863281e+00
2.100000143051147461e+00
5.300000190734863281e+00
1.299999952316284180e+00
3.000000000000000000e+00
9.000000357627868652e-01
4.000000000000000000e+00
2.200000047683715820e+00
3.100000143051147461e+00
3.000000000000000000e+00
2.100000143051147461e+00
1.200000047683715820e+00
3.400000095367431641e+00
1.600000023841857910e+00
5.100000381469726562e+00
6.000000238418579102e-01
2.100000143051147461e+00
4.000000000000000000e+00
2.599999904632568359e+00
3.600000143051147461e+00
1.600000023841857910e+00
3.100000143051147461e+00
3.500000000000000000e+00
2.100000143051147461e+00
3.400000095367431641e+00
3.000000000000000000e+00
9.000000357627868652e-01
3.900000095367431641e+00
2.699999809265136719e+00
3.600000143051147461e+00
1.299999952316284180e+00
4.800000190734863281e+00
1.299999952316284180e+00
4.599999904632568359e+00
1.000000000000000000e+00
3.600000143051147461e+00
1.900000095367431641e+00
2.800000190734863281e+00
3.600000143051147461e+00
3.000000119209289551e-01
3.600000143051147461e+00
2.599999904632568359e+00
4.900000095367431641e+00
2.900000095367431641e+00
2.800000190734863281e+00
3.400000095367431641e+00
2.399999856948852539e+00
5.100000381469726562e+00
1.000000000000000000e+00
3.400000095367431641e+00
4.400000095367431641e+00
1.200000047683715820e+00
4.300000190734863281e+00
9.000000357627868652e-01
3.300000190734863281e+00
3.000000119209289551e-01
3.000000000000000000e+00
2.800000190734863281e+00
3.000000000000000000e+00
1.800000071525573730e+00
2.400000095367431641e+00
5.300000190734863281e+00
3.000000119209289551e-01
2.700000047683715820e+00
2.700000047683715820e+00
1.299999952316284180e+00
2.700000047683715820e+00
3.900000095367431641e+00
2.699999809265136719e+00
5.300000190734863281e+00
6.000000238418579102e-01
3.000000000000000000e+00
1.500000000000000000e+00
3.700000047683715820e+00
3.700000047683715820e+00
2.299999952316284180e+00
5.199999809265136719e+00
2.099999904632568359e+00
1.500000000000000000e+00
2.400000095367431641e+00
2.100000143051147461e+00
3.200000047683715820e+00
3.300000190734863281e+00
3.200000047683715820e+00
4.000000000000000000e+00
1.500000000000000000e+00
1.800000071525573730e+00
3.600000143051147461e+00
2.399999856948852539e+00
3.000000119209289551e-01
3.600000143051147461e+00
1.299999952316284180e+00
4.000000000000000000e+00
2.599999904632568359e+00
6.400000095367431641e+00
2.000000000000000000e+00
3.300000190734863281e+00
3.000000000000000000e+00
3.599999904632568359e+00
2.100000143051147461e+00
1.500000000000000000e+00
4.200000286102294922e+00
1.299999952316284180e+00
3.600000143051147461e+00
2.200000047683715820e+00
0.000000000000000000e+00
3.000000000000000000e+00
3.600000143051147461e+00
6.000000238418579102e-01
3.000000000000000000e+00
3.000000000000000000e+00
9.000000357627868652e-01
2.700000047683715820e+00
1.800000071525573730e+00
4.599999904632568359e+00
9.000000357627868652e-01
3.000000000000000000e+00
2.800000190734863281e+00
1.900000095367431641e+00
4.300000190734863281e+00
2.100000143051147461e+00
2.200000047683715820e+00
3.300000190734863281e+00
2.500000000000000000e+00
1.800000071525573730e+00
3.800000190734863281e+00
2.500000000000000000e+00
2.100000143051147461e+00
3.200000047683715820e+00
4.200000286102294922e+00
2.299999952316284180e+00
3.600000143051147461e+00
9.000000357627868652e-01
2.700000047683715820e+00
3.500000000000000000e+00
3.100000143051147461e+00
4.800000190734863281e+00
2.599999904632568359e+00
3.100000143051147461e+00
2.100000143051147461e+00
2.700000047683715820e+00
0.000000000000000000e+00
3.600000143051147461e+00
6.000000238418579102e-01
5.400000095367431641e+00
1.700000047683715820e+00
3.300000190734863281e+00
2.599999904632568359e+00
3.600000143051147461e+00
9.000000357627868652e-01
2.700000047683715820e+00
6.999999880790710449e-01
5.100000381469726562e+00
2.099999904632568359e+00
0.000000000000000000e+00
0.000000000000000000e+00
0.000000000000000000e+00
0.000000000000000000e+00
0.000000000000000000e+00
0.000000000000000000e+00
0.000000000000000000e+00
0.000000000000000000e+00
0.000000000000000000e+00
0.000000000000000000e+00
0.000000000000000000e+00
0.000000000000000000e+00
0.000000000000000000e+00
0.000000000000000000e+00
0.000000000000000000e+00
0.000000000000000000e+00
0.000000000000000000e+00
0.000000000000000000e+00
0.000000000000000000e+00
0.000000000000000000e+00
0.000000000000000000e+00
0.000000000000000000e+00
0.000000000000000000e+00
0.000000000000000000e+00
0.000000000000000000e+00
0.000000000000000000e+00
0.000000000000000000e+00
0.000000000000000000e+00
0.000000000000000000e+00
0.000000000000000000e+00
0.000000000000000000e+00
0.000000000000000000e+00
0.000000000000000000e+00
0.000000000000000000e+00
0.000000000000000000e+00
0.000000000000000000e+00
0.000000000000000000e+00
0.000000000000000000e+00
0.000000000000000000e+00
4.200000286102294922e+00
2.700000047683715820e+00
3.000000000000000000e+00
2.700000047683715820e+00
6.000000238418579102e-01
2.700000047683715820e+00
2.200000047683715820e+00
1.800000071525573730e+00
0.000000000000000000e+00
4.500000000000000000e+00
1.299999952316284180e+00
5.400000095367431641e+00
3.000000119209289551e-01
4.800000190734863281e+00
1.000000000000000000e+00
4.500000000000000000e+00
9.000000357627868652e-01
3.600000143051147461e+00
2.299999952316284180e+00
4.500000000000000000e+00
1.000000000000000000e+00
0.000000000000000000e+00
4.500000000000000000e+00
3.000000119209289551e-01
3.900000095367431641e+00
1.600000023841857910e+00
2.700000047683715820e+00
2.800000190734863281e+00
6.000000238418579102e-01
5.700000286102294922e+00
1.000000000000000000e+00
2.100000143051147461e+00
2.100000143051147461e+00
1.800000071525573730e+00
3.600000143051147461e+00
2.699999809265136719e+00
4.500000000000000000e+00
2.000000000000000000e+00
1.800000071525573730e+00
3.500000000000000000e+00
6.000000000000000000e+00
1.399999976158142090e+00
6.600000381469726562e+00
1.399999976158142090e+00
3.300000190734863281e+00
1.399999976158142090e+00
0.000000000000000000e+00
1.800000071525573730e+00
0.000000000000000000e+00
0.000000000000000000e+00
0.000000000000000000e+00
3.000000000000000000e+00
4.599999904632568359e+00
1.900000095367431641e+00
2.700000047683715820e+00
2.100000143051147461e+00
1.399999976158142090e+00
0.000000000000000000e+00
0.000000000000000000e+00
0.000000000000000000e+00
0.000000000000000000e+00
0.000000000000000000e+00
0.000000000000000000e+00
0.000000000000000000e+00
0.000000000000000000e+00
0.000000000000000000e+00
0.000000000000000000e+00
0.000000000000000000e+00
0.000000000000000000e+00
0.000000000000000000e+00
0.000000000000000000e+00
0.000000000000000000e+00
0.000000000000000000e+00
0.000000000000000000e+00
0.000000000000000000e+00
0.000000000000000000e+00
0.000000000000000000e+00
0.000000000000000000e+00
0.000000000000000000e+00
0.000000000000000000e+00
0.000000000000000000e+00
0.000000000000000000e+00
0.000000000000000000e+00
0.000000000000000000e+00
0.000000000000000000e+00
0.000000000000000000e+00
0.000000000000000000e+00
0.000000000000000000e+00
0.000000000000000000e+00
0.000000000000000000e+00
0.000000000000000000e+00
0.000000000000000000e+00
0.000000000000000000e+00
0.000000000000000000e+00
0.000000000000000000e+00
0.000000000000000000e+00
0.000000000000000000e+00
6.000000000000000000e+00
1.200000047683715820e+00
5.100000381469726562e+00
1.299999952316284180e+00
0.000000000000000000e+00
0.000000000000000000e+00
4.500000000000000000e+00
2.100000143051147461e+00
2.700000047683715820e+00
2.700000047683715820e+00
1.800000071525573730e+00
2.400000095367431641e+00
6.999999880790710449e-01
2.400000095367431641e+00
1.800000071525573730e+00
4.800000190734863281e+00
0.000000000000000000e+00
5.700000286102294922e+00
0.000000000000000000e+00
6.000000238418579102e-01
3.000000000000000000e+00
3.200000047683715820e+00
4.000000000000000000e+00
2.500000000000000000e+00
3.900000095367431641e+00
2.200000047683715820e+00
2.100000143051147461e+00
1.500000000000000000e+00
4.400000095367431641e+00
1.800000071525573730e+00
2.700000047683715820e+00
4.199999809265136719e+00
4.199999809265136719e+00
1.500000000000000000e+00
3.100000143051147461e+00
3.400000095367431641e+00
3.000000000000000000e+00
2.200000047683715820e+00
3.300000190734863281e+00
2.299999952316284180e+00
2.700000047683715820e+00
2.200000047683715820e+00
3.100000143051147461e+00
2.700000047683715820e+00
2.200000047683715820e+00
4.300000190734863281e+00
6.999999880790710449e-01
2.700000047683715820e+00
2.100000143051147461e+00
0.000000000000000000e+00
3.300000190734863281e+00
1.299999952316284180e+00
6.699999809265136719e+00
0.000000000000000000e+00
2.700000047683715820e+00
0.000000000000000000e+00
3.000000000000000000e+00
6.999999880790710449e-01
0.000000000000000000e+00
0.000000000000000000e+00
6.300000190734863281e+00
6.999999880790710449e-01
0.000000000000000000e+00
0.000000000000000000e+00
0.000000000000000000e+00
0.000000000000000000e+00
0.000000000000000000e+00
0.000000000000000000e+00
0.000000000000000000e+00
0.000000000000000000e+00
0.000000000000000000e+00
0.000000000000000000e+00
0.000000000000000000e+00
0.000000000000000000e+00
0.000000000000000000e+00
0.000000000000000000e+00
0.000000000000000000e+00
0.000000000000000000e+00
0.000000000000000000e+00
0.000000000000000000e+00
0.000000000000000000e+00
0.000000000000000000e+00
0.000000000000000000e+00
0.000000000000000000e+00
0.000000000000000000e+00
0.000000000000000000e+00
0.000000000000000000e+00
0.000000000000000000e+00
0.000000000000000000e+00
0.000000000000000000e+00
0.000000000000000000e+00
0.000000000000000000e+00
0.000000000000000000e+00
0.000000000000000000e+00
0.000000000000000000e+00
2.100000143051147461e+00
0.000000000000000000e+00
0.000000000000000000e+00
0.000000000000000000e+00
0.000000000000000000e+00
6.900000095367431641e+00
6.999999880790710449e-01
3.000000119209289551e-01
3.900000095367431641e+00
6.999999880790710449e-01
0.000000000000000000e+00
2.100000143051147461e+00
3.600000143051147461e+00
6.999999880790710449e-01
3.300000190734863281e+00
4.400000095367431641e+00
2.800000190734863281e+00
3.200000047683715820e+00
2.700000047683715820e+00
1.800000071525573730e+00
3.700000047683715820e+00
2.599999904632568359e+00
4.200000286102294922e+00
9.000000357627868652e-01
2.400000095367431641e+00
3.800000190734863281e+00
2.700000047683715820e+00
1.200000047683715820e+00
2.700000047683715820e+00
2.700000047683715820e+00
3.000000119209289551e-01
3.900000095367431641e+00
2.500000000000000000e+00
2.500000000000000000e+00
3.700000047683715820e+00
1.200000047683715820e+00
4.099999904632568359e+00
1.500000000000000000e+00
2.700000047683715820e+00
4.000000000000000000e+00
6.000000238418579102e-01
4.200000286102294922e+00
2.599999904632568359e+00
9.000000357627868652e-01
3.900000095367431641e+00
6.000000238418579102e-01
4.200000286102294922e+00
2.299999952316284180e+00
3.400000095367431641e+00
1.600000023841857910e+00
3.600000143051147461e+00
1.000000000000000000e+00
0.000000000000000000e+00
5.400000095367431641e+00
2.399999856948852539e+00
3.900000095367431641e+00
2.900000095367431641e+00
3.600000143051147461e+00
6.999999880790710449e-01
0.000000000000000000e+00
0.000000000000000000e+00
0.000000000000000000e+00
0.000000000000000000e+00
0.000000000000000000e+00
0.000000000000000000e+00
0.000000000000000000e+00
0.000000000000000000e+00
0.000000000000000000e+00
0.000000000000000000e+00
0.000000000000000000e+00
0.000000000000000000e+00
0.000000000000000000e+00
0.000000000000000000e+00
0.000000000000000000e+00
0.000000000000000000e+00
0.000000000000000000e+00
0.000000000000000000e+00
0.000000000000000000e+00
0.000000000000000000e+00
0.000000000000000000e+00
0.000000000000000000e+00
0.000000000000000000e+00
0.000000000000000000e+00
0.000000000000000000e+00
0.000000000000000000e+00
0.000000000000000000e+00
0.000000000000000000e+00
0.000000000000000000e+00
0.000000000000000000e+00
0.000000000000000000e+00
0.000000000000000000e+00
0.000000000000000000e+00
0.000000000000000000e+00
0.000000000000000000e+00
4.500000000000000000e+00
6.999999880790710449e-01
1.500000000000000000e+00
5.100000381469726562e+00
1.900000095367431641e+00
0.000000000000000000e+00
2.700000047683715820e+00
6.999999880790710449e-01
0.000000000000000000e+00
0.000000000000000000e+00
6.900000095367431641e+00
0.000000000000000000e+00
3.900000095367431641e+00
1.500000000000000000e+00
3.000000000000000000e+00
0.000000000000000000e+00
4.200000286102294922e+00
1.900000095367431641e+00
3.000000000000000000e+00
6.999999880790710449e-01
1.800000071525573730e+00
4.599999904632568359e+00
1.600000023841857910e+00
4.800000190734863281e+00
2.399999856948852539e+00
3.300000190734863281e+00
0.000000000000000000e+00
3.300000190734863281e+00
3.900000095367431641e+00
3.000000000000000000e+00
4.099999904632568359e+00
2.200000047683715820e+00
3.900000095367431641e+00
1.000000000000000000e+00
3.000000000000000000e+00
2.500000000000000000e+00
3.400000095367431641e+00
2.800000190734863281e+00
4.199999809265136719e+00
4.400000095367431641e+00
1.500000000000000000e+00
3.100000143051147461e+00
2.400000095367431641e+00
2.100000143051147461e+00
3.100000143051147461e+00
3.100000143051147461e+00
2.100000143051147461e+00
1.500000000000000000e+00
3.900000095367431641e+00
1.600000023841857910e+00
0.000000000000000000e+00
3.000000000000000000e+00
1.800000071525573730e+00
3.100000143051147461e+00
5.300000190734863281e+00
6.999999880790710449e-01
0.000000000000000000e+00
0.000000000000000000e+00
0.000000000000000000e+00
0.000000000000000000e+00
0.000000000000000000e+00
0.000000000000000000e+00
0.000000000000000000e+00
0.000000000000000000e+00
0.000000000000000000e+00
0.000000000000000000e+00
0.000000000000000000e+00
0.000000000000000000e+00
0.000000000000000000e+00
0.000000000000000000e+00
0.000000000000000000e+00
0.000000000000000000e+00
0.000000000000000000e+00
0.000000000000000000e+00
0.000000000000000000e+00
0.000000000000000000e+00
0.000000000000000000e+00
0.000000000000000000e+00
0.000000000000000000e+00
0.000000000000000000e+00
0.000000000000000000e+00
0.000000000000000000e+00
0.000000000000000000e+00
0.000000000000000000e+00
0.000000000000000000e+00
0.000000000000000000e+00
0.000000000000000000e+00
0.000000000000000000e+00
0.000000000000000000e+00
0.000000000000000000e+00
0.000000000000000000e+00
0.000000000000000000e+00
0.000000000000000000e+00
0.000000000000000000e+00
0.000000000000000000e+00
0.000000000000000000e+00
4.800000190734863281e+00
1.200000047683715820e+00
5.700000286102294922e+00
6.999999880790710449e-01
3.000000119209289551e-01
0.000000000000000000e+00
7.200000286102294922e+00
0.000000000000000000e+00
9.000000357627868652e-01
7.800000190734863281e+00
0.000000000000000000e+00
6.000000238418579102e-01
4.500000000000000000e+00
1.500000000000000000e+00
1.200000047683715820e+00
1.500000000000000000e+00
0.000000000000000000e+00
0.000000000000000000e+00
9.900000572204589844e+00
3.500000000000000000e+00
6.000000238418579102e-01
3.600000143051147461e+00
1.299999952316284180e+00
2.100000143051147461e+00
2.100000143051147461e+00
3.900000095367431641e+00
3.500000000000000000e+00
2.800000190734863281e+00
4.000000000000000000e+00
9.000000357627868652e-01
3.100000143051147461e+00
0.000000000000000000e+00
6.900000095367431641e+00
2.099999904632568359e+00
1.800000071525573730e+00
4.700000286102294922e+00
1.800000071525573730e+00
1.200000047683715820e+00
3.300000190734863281e+00
4.599999904632568359e+00
1.500000000000000000e+00
4.200000286102294922e+00
3.299999952316284180e+00
2.700000047683715820e+00
1.500000000000000000e+00
3.900000095367431641e+00
2.599999904632568359e+00
2.500000000000000000e+00
4.900000095367431641e+00
6.000000238418579102e-01
1.800000071525573730e+00
4.000000000000000000e+00
2.100000143051147461e+00
2.700000047683715820e+00
1.500000000000000000e+00
3.700000047683715820e+00
1.900000095367431641e+00
2.400000095367431641e+00
2.100000143051147461e+00
3.700000047683715820e+00
3.000000000000000000e+00
1.900000095367431641e+00
3.300000190734863281e+00
1.900000095367431641e+00
2.800000190734863281e+00
2.800000190734863281e+00
3.300000190734863281e+00
1.800000071525573730e+00
1.500000000000000000e+00
3.600000143051147461e+00
2.900000095367431641e+00
1.800000071525573730e+00
3.700000047683715820e+00
1.200000047683715820e+00
3.600000143051147461e+00
1.299999952316284180e+00
4.200000286102294922e+00
1.000000000000000000e+00
4.000000000000000000e+00
2.400000095367431641e+00
3.200000047683715820e+00
3.700000047683715820e+00
1.900000095367431641e+00
2.800000190734863281e+00
2.500000000000000000e+00
3.000000000000000000e+00
1.900000095367431641e+00
3.300000190734863281e+00
4.099999904632568359e+00
3.800000190734863281e+00
3.300000190734863281e+00
1.200000047683715820e+00
2.100000143051147461e+00
3.900000095367431641e+00
3.700000047683715820e+00
0.000000000000000000e+00
1.500000000000000000e+00
6.300000190734863281e+00
1.399999976158142090e+00
2.400000095367431641e+00
1.800000071525573730e+00
3.800000190734863281e+00
1.200000047683715820e+00
4.599999904632568359e+00
6.000000238418579102e-01
5.100000381469726562e+00
0.000000000000000000e+00
4.800000190734863281e+00
2.000000000000000000e+00
3.300000190734863281e+00
3.299999952316284180e+00
3.300000190734863281e+00
9.000000357627868652e-01
2.400000095367431641e+00
5.100000381469726562e+00
6.999999880790710449e-01
2.700000047683715820e+00
1.900000095367431641e+00
4.000000000000000000e+00
1.200000047683715820e+00
2.400000095367431641e+00
5.800000190734863281e+00
0.000000000000000000e+00
2.700000047683715820e+00
1.200000047683715820e+00
3.600000143051147461e+00
9.000000357627868652e-01
2.400000095367431641e+00
6.000000000000000000e+00
1.600000023841857910e+00
3.000000000000000000e+00
6.000000238418579102e-01
4.500000000000000000e+00
2.699999809265136719e+00
3.300000190734863281e+00
3.000000000000000000e+00
6.000000238418579102e-01
3.000000000000000000e+00
1.500000000000000000e+00
3.300000190734863281e+00
3.200000047683715820e+00
3.100000143051147461e+00
2.100000143051147461e+00
2.200000047683715820e+00
4.700000286102294922e+00
1.700000047683715820e+00
5.400000095367431641e+00
1.399999976158142090e+00
5.700000286102294922e+00
1.399999976158142090e+00
3.000000000000000000e+00
1.600000023841857910e+00
3.300000190734863281e+00
2.800000190734863281e+00
2.200000047683715820e+00
3.900000095367431641e+00
9.000000357627868652e-01
2.400000095367431641e+00
4.000000000000000000e+00
9.000000357627868652e-01
3.300000190734863281e+00
1.000000000000000000e+00
5.400000095367431641e+00
2.099999904632568359e+00
4.200000286102294922e+00
3.599999904632568359e+00
1.500000000000000000e+00
4.000000000000000000e+00
3.000000119209289551e-01
4.500000000000000000e+00
3.000000119209289551e-01
2.400000095367431641e+00
3.100000143051147461e+00
4.700000286102294922e+00
3.000000119209289551e-01
3.900000095367431641e+00
1.800000071525573730e+00
1.200000047683715820e+00
4.800000190734863281e+00
1.000000000000000000e+00
1.500000000000000000e+00
3.000000000000000000e+00
2.599999904632568359e+00
1.399999976158142090e+00
6.600000381469726562e+00
1.600000023841857910e+00
2.100000143051147461e+00
0.000000000000000000e+00
2.100000143051147461e+00
4.400000095367431641e+00
1.500000000000000000e+00
3.600000143051147461e+00
3.300000190734863281e+00
1.600000023841857910e+00
3.000000000000000000e+00
2.200000047683715820e+00
2.700000047683715820e+00
0.000000000000000000e+00
3.900000095367431641e+00
4.199999809265136719e+00
2.100000143051147461e+00
3.700000047683715820e+00
1.600000023841857910e+00
1.000000000000000000e+00
5.400000095367431641e+00
1.399999976158142090e+00
3.600000143051147461e+00
2.200000047683715820e+00
4.599999904632568359e+00
0.000000000000000000e+00
3.000000000000000000e+00
1.500000000000000000e+00
3.000000000000000000e+00
3.599999904632568359e+00
5.000000000000000000e+00
2.500000000000000000e+00
3.100000143051147461e+00
2.700000047683715820e+00
3.299999952316284180e+00
2.100000143051147461e+00
2.700000047683715820e+00
1.299999952316284180e+00
5.199999809265136719e+00
3.400000095367431641e+00
4.800000190734863281e+00
3.000000119209289551e-01
2.100000143051147461e+00
3.300000190734863281e+00
1.299999952316284180e+00
5.199999809265136719e+00
3.000000119209289551e-01
4.900000095367431641e+00
3.000000119209289551e-01
3.300000190734863281e+00
2.700000047683715820e+00
1.800000071525573730e+00
2.700000047683715820e+00
1.200000047683715820e+00
3.900000095367431641e+00
1.900000095367431641e+00
9.000000357627868652e-01
5.700000286102294922e+00
1.700000047683715820e+00
1.500000000000000000e+00
0.000000000000000000e+00
2.400000095367431641e+00
2.400000095367431641e+00
2.700000047683715820e+00
3.300000190734863281e+00
2.200000047683715820e+00
3.600000143051147461e+00
6.000000238418579102e-01
0.000000000000000000e+00
2.400000095367431641e+00
6.999999880790710449e-01
0.000000000000000000e+00
0.000000000000000000e+00
0.000000000000000000e+00
0.000000000000000000e+00
0.000000000000000000e+00
0.000000000000000000e+00
0.000000000000000000e+00
0.000000000000000000e+00
0.000000000000000000e+00
0.000000000000000000e+00
0.000000000000000000e+00
0.000000000000000000e+00
0.000000000000000000e+00
0.000000000000000000e+00
0.000000000000000000e+00
0.000000000000000000e+00
0.000000000000000000e+00
0.000000000000000000e+00
0.000000000000000000e+00
0.000000000000000000e+00
0.000000000000000000e+00
0.000000000000000000e+00
0.000000000000000000e+00
0.000000000000000000e+00
0.000000000000000000e+00
0.000000000000000000e+00
0.000000000000000000e+00
0.000000000000000000e+00
0.000000000000000000e+00
0.000000000000000000e+00
0.000000000000000000e+00
0.000000000000000000e+00
0.000000000000000000e+00
0.000000000000000000e+00
0.000000000000000000e+00
5.100000381469726562e+00
0.000000000000000000e+00
0.000000000000000000e+00
0.000000000000000000e+00
3.000000119209289551e-01
8.400000572204589844e+00
0.000000000000000000e+00
2.100000143051147461e+00
4.900000095367431641e+00
0.000000000000000000e+00
0.000000000000000000e+00
1.800000071525573730e+00
8.100000381469726562e+00
0.000000000000000000e+00
5.100000381469726562e+00
2.399999856948852539e+00
9.000000357627868652e-01
1.800000071525573730e+00
1.200000047683715820e+00
5.100000381469726562e+00
1.700000047683715820e+00
5.100000381469726562e+00
6.999999880790710449e-01
4.200000286102294922e+00
1.800000071525573730e+00
2.200000047683715820e+00
4.000000000000000000e+00
1.000000000000000000e+00
6.000000000000000000e+00
1.000000000000000000e+00
3.600000143051147461e+00
1.299999952316284180e+00
2.700000047683715820e+00
4.000000000000000000e+00
1.700000047683715820e+00
3.600000143051147461e+00
2.200000047683715820e+00
2.700000047683715820e+00
2.500000000000000000e+00
4.099999904632568359e+00
2.500000000000000000e+00
2.400000095367431641e+00
2.100000143051147461e+00
1.600000023841857910e+00
3.900000095367431641e+00
2.900000095367431641e+00
3.900000095367431641e+00
9.000000357627868652e-01
2.400000095367431641e+00
2.400000095367431641e+00
1.500000000000000000e+00
3.600000143051147461e+00
0.000000000000000000e+00
1.500000000000000000e+00
4.800000190734863281e+00
1.399999976158142090e+00
6.000000238418579102e-01
0.000000000000000000e+00
0.000000000000000000e+00
4.800000190734863281e+00
0.000000000000000000e+00
0.000000000000000000e+00
0.000000000000000000e+00
0.000000000000000000e+00
0.000000000000000000e+00
0.000000000000000000e+00
0.000000000000000000e+00
0.000000000000000000e+00
0.000000000000000000e+00
0.000000000000000000e+00
0.000000000000000000e+00
0.000000000000000000e+00
0.000000000000000000e+00
0.000000000000000000e+00
0.000000000000000000e+00
0.000000000000000000e+00
0.000000000000000000e+00
0.000000000000000000e+00
0.000000000000000000e+00
0.000000000000000000e+00
0.000000000000000000e+00
0.000000000000000000e+00
0.000000000000000000e+00
0.000000000000000000e+00
0.000000000000000000e+00
0.000000000000000000e+00
0.000000000000000000e+00
0.000000000000000000e+00
0.000000000000000000e+00
0.000000000000000000e+00
0.000000000000000000e+00
0.000000000000000000e+00
0.000000000000000000e+00
0.000000000000000000e+00
2.100000143051147461e+00
0.000000000000000000e+00
7.200000286102294922e+00
0.000000000000000000e+00
0.000000000000000000e+00
0.000000000000000000e+00
3.600000143051147461e+00
0.000000000000000000e+00
3.900000095367431641e+00
0.000000000000000000e+00
3.000000000000000000e+00
3.700000047683715820e+00
6.000000238418579102e-01
4.500000000000000000e+00
3.000000119209289551e-01
3.300000190734863281e+00
2.400000095367431641e+00
2.200000047683715820e+00
4.300000190734863281e+00
2.299999952316284180e+00
3.900000095367431641e+00
1.399999976158142090e+00
2.400000095367431641e+00
1.399999976158142090e+00
3.600000143051147461e+00
2.900000095367431641e+00
3.100000143051147461e+00
4.300000190734863281e+00
2.500000000000000000e+00
1.500000000000000000e+00
2.400000095367431641e+00
3.400000095367431641e+00
1.900000095367431641e+00
4.099999904632568359e+00
2.400000095367431641e+00
9.000000357627868652e-01
4.800000190734863281e+00
3.000000000000000000e+00
2.700000047683715820e+00
2.500000000000000000e+00
1.800000071525573730e+00
3.000000000000000000e+00
1.800000071525573730e+00
1.800000071525573730e+00
2.100000143051147461e+00
1.800000071525573730e+00
4.900000095367431641e+00
1.700000047683715820e+00
3.600000143051147461e+00
1.200000047683715820e+00
1.800000071525573730e+00
2.500000000000000000e+00
3.600000143051147461e+00
1.500000000000000000e+00
3.100000143051147461e+00
3.000000000000000000e+00
6.000000238418579102e-01
4.599999904632568359e+00
1.399999976158142090e+00
0.000000000000000000e+00
0.000000000000000000e+00
3.000000000000000000e+00
3.500000000000000000e+00
1.399999976158142090e+00
0.000000000000000000e+00
0.000000000000000000e+00
0.000000000000000000e+00
0.000000000000000000e+00
0.000000000000000000e+00
0.000000000000000000e+00
0.000000000000000000e+00
0.000000000000000000e+00
0.000000000000000000e+00
0.000000000000000000e+00
0.000000000000000000e+00
0.000000000000000000e+00
0.000000000000000000e+00
0.000000000000000000e+00
0.000000000000000000e+00
0.000000000000000000e+00
0.000000000000000000e+00
0.000000000000000000e+00
0.000000000000000000e+00
0.000000000000000000e+00
0.000000000000000000e+00
0.000000000000000000e+00
0.000000000000000000e+00
0.000000000000000000e+00
0.000000000000000000e+00
0.000000000000000000e+00
0.000000000000000000e+00
0.000000000000000000e+00
0.000000000000000000e+00
0.000000000000000000e+00
0.000000000000000000e+00
0.000000000000000000e+00
0.000000000000000000e+00
0.000000000000000000e+00
0.000000000000000000e+00
0.000000000000000000e+00
5.400000095367431641e+00
0.000000000000000000e+00
2.100000143051147461e+00
0.000000000000000000e+00
3.300000190734863281e+00
0.000000000000000000e+00
4.800000190734863281e+00
9.000000357627868652e-01
3.000000000000000000e+00
3.400000095367431641e+00
9.000000357627868652e-01
2.100000143051147461e+00
3.000000000000000000e+00
4.599999904632568359e+00
6.000000238418579102e-01
3.000000000000000000e+00
1.200000047683715820e+00
0.000000000000000000e+00
3.000000000000000000e+00
1.500000000000000000e+00
6.600000381469726562e+00
1.399999976158142090e+00
1.200000047683715820e+00
3.600000143051147461e+00
1.900000095367431641e+00
3.100000143051147461e+00
3.000000119209289551e-01
6.600000381469726562e+00
6.999999880790710449e-01
2.700000047683715820e+00
3.000000000000000000e+00
2.200000047683715820e+00
6.999999880790710449e-01
4.800000190734863281e+00
3.000000000000000000e+00
4.200000286102294922e+00
2.299999952316284180e+00
3.300000190734863281e+00
1.200000047683715820e+00
4.599999904632568359e+00
2.900000095367431641e+00
3.100000143051147461e+00
1.500000000000000000e+00
2.400000095367431641e+00
3.500000000000000000e+00
2.700000047683715820e+00
2.700000047683715820e+00
2.800000190734863281e+00
1.900000095367431641e+00
3.300000190734863281e+00
9.000000357627868652e-01
3.900000095367431641e+00
2.200000047683715820e+00
2.800000190734863281e+00
0.000000000000000000e+00
3.600000143051147461e+00
0.000000000000000000e+00
0.000000000000000000e+00
0.000000000000000000e+00
0.000000000000000000e+00
0.000000000000000000e+00
0.000000000000000000e+00
0.000000000000000000e+00
0.000000000000000000e+00
0.000000000000000000e+00
0.000000000000000000e+00
0.000000000000000000e+00
0.000000000000000000e+00
0.000000000000000000e+00
0.000000000000000000e+00
0.000000000000000000e+00
0.000000000000000000e+00
0.000000000000000000e+00
0.000000000000000000e+00
0.000000000000000000e+00
0.000000000000000000e+00
0.000000000000000000e+00
0.000000000000000000e+00
0.000000000000000000e+00
0.000000000000000000e+00
0.000000000000000000e+00
0.000000000000000000e+00
0.000000000000000000e+00
0.000000000000000000e+00
0.000000000000000000e+00
0.000000000000000000e+00
0.000000000000000000e+00
0.000000000000000000e+00
0.000000000000000000e+00
0.000000000000000000e+00
0.000000000000000000e+00
0.000000000000000000e+00
0.000000000000000000e+00
0.000000000000000000e+00
3.600000143051147461e+00
3.000000000000000000e+00
3.900000095367431641e+00
9.000000357627868652e-01
3.600000143051147461e+00
0.000000000000000000e+00
1.800000071525573730e+00
6.999999880790710449e-01
4.200000286102294922e+00
2.800000190734863281e+00
4.599999904632568359e+00
6.000000238418579102e-01
3.600000143051147461e+00
1.900000095367431641e+00
3.900000095367431641e+00
6.000000238418579102e-01
3.400000095367431641e+00
4.300000190734863281e+00
6.000000238418579102e-01
0.000000000000000000e+00
6.300000190734863281e+00
3.000000119209289551e-01
2.400000095367431641e+00
5.500000000000000000e+00
1.299999952316284180e+00
2.700000047683715820e+00
9.000000357627868652e-01
5.400000095367431641e+00
0.000000000000000000e+00
3.000000000000000000e+00
3.100000143051147461e+00
1.500000000000000000e+00
3.900000095367431641e+00
3.000000119209289551e-01
4.200000286102294922e+00
6.999999880790710449e-01
4.200000286102294922e+00
1.000000000000000000e+00
3.900000095367431641e+00
2.299999952316284180e+00
3.600000143051147461e+00
2.400000095367431641e+00
1.800000071525573730e+00
3.100000143051147461e+00
1.800000071525573730e+00
1.800000071525573730e+00
2.200000047683715820e+00
4.800000190734863281e+00
2.299999952316284180e+00
4.000000000000000000e+00
2.700000047683715820e+00
9.000000357627868652e-01
2.400000095367431641e+00
6.999999880790710449e-01
0.000000000000000000e+00
2.700000047683715820e+00
0.000000000000000000e+00
0.000000000000000000e+00
0.000000000000000000e+00
0.000000000000000000e+00
0.000000000000000000e+00
0.000000000000000000e+00
0.000000000000000000e+00
0.000000000000000000e+00
0.000000000000000000e+00
0.000000000000000000e+00
0.000000000000000000e+00
0.000000000000000000e+00
0.000000000000000000e+00
0.000000000000000000e+00
0.000000000000000000e+00
0.000000000000000000e+00
0.000000000000000000e+00
0.000000000000000000e+00
0.000000000000000000e+00
0.000000000000000000e+00
0.000000000000000000e+00
0.000000000000000000e+00
0.000000000000000000e+00
0.000000000000000000e+00
0.000000000000000000e+00
0.000000000000000000e+00
0.000000000000000000e+00
0.000000000000000000e+00
0.000000000000000000e+00
0.000000000000000000e+00
0.000000000000000000e+00
0.000000000000000000e+00
0.000000000000000000e+00
0.000000000000000000e+00
0.000000000000000000e+00
0.000000000000000000e+00
4.500000000000000000e+00
0.000000000000000000e+00
1.800000071525573730e+00
0.000000000000000000e+00
6.600000381469726562e+00
0.000000000000000000e+00
6.000000238418579102e-01
4.200000286102294922e+00
3.000000119209289551e-01
4.500000000000000000e+00
0.000000000000000000e+00
1.500000000000000000e+00
6.699999809265136719e+00
6.999999880790710449e-01
9.000000357627868652e-01
2.100000143051147461e+00
5.100000381469726562e+00
1.399999976158142090e+00
5.100000381469726562e+00
2.900000095367431641e+00
1.500000000000000000e+00
6.999999880790710449e-01
3.600000143051147461e+00
3.200000047683715820e+00
3.600000143051147461e+00
1.800000071525573730e+00
2.100000143051147461e+00
2.100000143051147461e+00
1.900000095367431641e+00
3.900000095367431641e+00
2.599999904632568359e+00
4.300000190734863281e+00
9.000000357627868652e-01
1.800000071525573730e+00
2.700000047683715820e+00
9.000000357627868652e-01
6.300000190734863281e+00
0.000000000000000000e+00
2.400000095367431641e+00
2.100000143051147461e+00
2.200000047683715820e+00
3.100000143051147461e+00
2.100000143051147461e+00
4.900000095367431641e+00
1.399999976158142090e+00
5.700000286102294922e+00
1.399999976158142090e+00
1.800000071525573730e+00
4.000000000000000000e+00
1.700000047683715820e+00
4.500000000000000000e+00
0.000000000000000000e+00
4.200000286102294922e+00
2.299999952316284180e+00
2.700000047683715820e+00
3.400000095367431641e+00
9.000000357627868652e-01
5.500000000000000000e+00
2.399999856948852539e+00
3.300000190734863281e+00
9.000000357627868652e-01
3.700000047683715820e+00
2.800000190734863281e+00
1.900000095367431641e+00
5.100000381469726562e+00
1.399999976158142090e+00
3.900000095367431641e+00
3.000000119209289551e-01
3.000000000000000000e+00
3.500000000000000000e+00
2.100000143051147461e+00
3.000000000000000000e+00
1.800000071525573730e+00
2.100000143051147461e+00
3.300000190734863281e+00
6.999999880790710449e-01
4.200000286102294922e+00
1.000000000000000000e+00
6.000000000000000000e+00
0.000000000000000000e+00
2.400000095367431641e+00
6.999999880790710449e-01
2.400000095367431641e+00
3.300000190734863281e+00
9.000000357627868652e-01
5.100000381469726562e+00
9.000000357627868652e-01
2.400000095367431641e+00
2.200000047683715820e+00
2.400000095367431641e+00
3.000000000000000000e+00
1.500000000000000000e+00
2.700000047683715820e+00
2.800000190734863281e+00
2.100000143051147461e+00
0.000000000000000000e+00
2.400000095367431641e+00
5.100000381469726562e+00
6.999999880790710449e-01
3.300000190734863281e+00
3.599999904632568359e+00
5.199999809265136719e+00
1.200000047683715820e+00
2.400000095367431641e+00
3.100000143051147461e+00
3.200000047683715820e+00
3.600000143051147461e+00
1.299999952316284180e+00
2.700000047683715820e+00
1.900000095367431641e+00
4.500000000000000000e+00
1.399999976158142090e+00
5.400000095367431641e+00
6.999999880790710449e-01
4.800000190734863281e+00
2.799999952316284180e+00
3.900000095367431641e+00
6.000000238418579102e-01
3.600000143051147461e+00
2.200000047683715820e+00
3.100000143051147461e+00
0.000000000000000000e+00
5.400000095367431641e+00
6.999999880790710449e-01
4.200000286102294922e+00
1.399999976158142090e+00
6.000000000000000000e+00
2.099999904632568359e+00
4.800000190734863281e+00
3.000000000000000000e+00
1.500000000000000000e+00
2.400000095367431641e+00
1.200000047683715820e+00
3.300000190734863281e+00
1.000000000000000000e+00
8.200000762939453125e+00
0.000000000000000000e+00
1.800000071525573730e+00
1.800000071525573730e+00
2.100000143051147461e+00
4.000000000000000000e+00
2.000000000000000000e+00
4.200000286102294922e+00
2.000000000000000000e+00
4.200000286102294922e+00
3.000000119209289551e-01
3.300000190734863281e+00
3.100000143051147461e+00
3.000000119209289551e-01
0.000000000000000000e+00
0.000000000000000000e+00
5.400000095367431641e+00
9.000000357627868652e-01
4.500000000000000000e+00
1.600000023841857910e+00
3.900000095367431641e+00
6.999999880790710449e-01
3.600000143051147461e+00
1.900000095367431641e+00
3.300000190734863281e+00
1.500000000000000000e+00
3.600000143051147461e+00
6.000000238418579102e-01
3.300000190734863281e+00
2.500000000000000000e+00
5.000000000000000000e+00
1.900000095367431641e+00
2.400000095367431641e+00
3.100000143051147461e+00
2.400000095367431641e+00
2.200000047683715820e+00
3.300000190734863281e+00
1.500000000000000000e+00
1.500000000000000000e+00
4.900000095367431641e+00
9.000000357627868652e-01
3.300000190734863281e+00
1.200000047683715820e+00
3.300000190734863281e+00
2.200000047683715820e+00
2.500000000000000000e+00
4.599999904632568359e+00
1.700000047683715820e+00
0.000000000000000000e+00
5.700000286102294922e+00
6.999999880790710449e-01
4.200000286102294922e+00
6.999999880790710449e-01
9.000000357627868652e-01
3.300000190734863281e+00
2.599999904632568359e+00
0.000000000000000000e+00
5.100000381469726562e+00
1.900000095367431641e+00
4.599999904632568359e+00
9.000000357627868652e-01
3.300000190734863281e+00
1.600000023841857910e+00
4.200000286102294922e+00
1.700000047683715820e+00
3.600000143051147461e+00
1.600000023841857910e+00
4.200000286102294922e+00
6.999999880790710449e-01
2.400000095367431641e+00
0.000000000000000000e+00
0.000000000000000000e+00
3.300000190734863281e+00
4.000000000000000000e+00
2.500000000000000000e+00
3.300000190734863281e+00
2.400000095367431641e+00
2.800000190734863281e+00
2.599999904632568359e+00
3.900000095367431641e+00
3.000000000000000000e+00
3.000000000000000000e+00
9.000000357627868652e-01
4.500000000000000000e+00
1.900000095367431641e+00
1.800000071525573730e+00
3.000000000000000000e+00
6.000000238418579102e-01
4.800000190734863281e+00
0.000000000000000000e+00
4.500000000000000000e+00
1.700000047683715820e+00
3.600000143051147461e+00
6.999999880790710449e-01
5.700000286102294922e+00
1.399999976158142090e+00
5.400000095367431641e+00
6.999999880790710449e-01
3.900000095367431641e+00
1.000000000000000000e+00
3.000000000000000000e+00
1.500000000000000000e+00
3.300000190734863281e+00
3.100000143051147461e+00
3.900000095367431641e+00
2.800000190734863281e+00
2.400000095367431641e+00
1.800000071525573730e+00
3.300000190734863281e+00
1.299999952316284180e+00
4.800000190734863281e+00
6.999999880790710449e-01
3.300000190734863281e+00
1.200000047683715820e+00
3.900000095367431641e+00
6.999999880790710449e-01
2.700000047683715820e+00
3.000000000000000000e+00
6.999999880790710449e-01
0.000000000000000000e+00
3.300000190734863281e+00
6.999999880790710449e-01
1.500000000000000000e+00
6.999999880790710449e-01
0.000000000000000000e+00
0.000000000000000000e+00
0.000000000000000000e+00
0.000000000000000000e+00
0.000000000000000000e+00
0.000000000000000000e+00
0.000000000000000000e+00
0.000000000000000000e+00
0.000000000000000000e+00
0.000000000000000000e+00
0.000000000000000000e+00
0.000000000000000000e+00
0.000000000000000000e+00
0.000000000000000000e+00
0.000000000000000000e+00
0.000000000000000000e+00
0.000000000000000000e+00
0.000000000000000000e+00
0.000000000000000000e+00
0.000000000000000000e+00
0.000000000000000000e+00
0.000000000000000000e+00
0.000000000000000000e+00
0.000000000000000000e+00
0.000000000000000000e+00
0.000000000000000000e+00
0.000000000000000000e+00
0.000000000000000000e+00
0.000000000000000000e+00
0.000000000000000000e+00
0.000000000000000000e+00
0.000000000000000000e+00
6.600000381469726562e+00
6.000000238418579102e-01
0.000000000000000000e+00
3.600000143051147461e+00
0.000000000000000000e+00
1.200000047683715820e+00
2.400000095367431641e+00
3.900000095367431641e+00
0.000000000000000000e+00
1.500000000000000000e+00
6.999999880790710449e-01
4.500000000000000000e+00
1.200000047683715820e+00
3.600000143051147461e+00
1.800000071525573730e+00
5.000000000000000000e+00
1.200000047683715820e+00
1.500000000000000000e+00
4.200000286102294922e+00
1.299999952316284180e+00
2.700000047683715820e+00
1.800000071525573730e+00
3.000000000000000000e+00
2.900000095367431641e+00
3.000000000000000000e+00
3.700000047683715820e+00
2.200000047683715820e+00
3.300000190734863281e+00
9.000000357627868652e-01
4.200000286102294922e+00
9.000000357627868652e-01
3.600000143051147461e+00
9.000000357627868652e-01
3.300000190734863281e+00
1.000000000000000000e+00
7.200000286102294922e+00
2.799999952316284180e+00
2.700000047683715820e+00
1.500000000000000000e+00
1.600000023841857910e+00
5.199999809265136719e+00
6.999999880790710449e-01
4.200000286102294922e+00
6.000000238418579102e-01
5.199999809265136719e+00
2.099999904632568359e+00
4.500000000000000000e+00
1.299999952316284180e+00
5.199999809265136719e+00
2.100000143051147461e+00
6.000000238418579102e-01
3.600000143051147461e+00
2.200000047683715820e+00
2.500000000000000000e+00
0.000000000000000000e+00
0.000000000000000000e+00
2.400000095367431641e+00
0.000000000000000000e+00
0.000000000000000000e+00
0.000000000000000000e+00
0.000000000000000000e+00
0.000000000000000000e+00
7.200000286102294922e+00
0.000000000000000000e+00
0.000000000000000000e+00
0.000000000000000000e+00
0.000000000000000000e+00
0.000000000000000000e+00
0.000000000000000000e+00
0.000000000000000000e+00
0.000000000000000000e+00
0.000000000000000000e+00
0.000000000000000000e+00
0.000000000000000000e+00
0.000000000000000000e+00
0.000000000000000000e+00
0.000000000000000000e+00
0.000000000000000000e+00
0.000000000000000000e+00
0.000000000000000000e+00
0.000000000000000000e+00
0.000000000000000000e+00
0.000000000000000000e+00
0.000000000000000000e+00
0.000000000000000000e+00
0.000000000000000000e+00
0.000000000000000000e+00
0.000000000000000000e+00
0.000000000000000000e+00
0.000000000000000000e+00
0.000000000000000000e+00
0.000000000000000000e+00
0.000000000000000000e+00
0.000000000000000000e+00
0.000000000000000000e+00
1.500000000000000000e+00
0.000000000000000000e+00
7.800000190734863281e+00
0.000000000000000000e+00
9.000000357627868652e-01
0.000000000000000000e+00
4.800000190734863281e+00
6.000000238418579102e-01
3.900000095367431641e+00
1.200000047683715820e+00
4.500000000000000000e+00
6.999999880790710449e-01
3.900000095367431641e+00
9.000000357627868652e-01
4.500000000000000000e+00
6.999999880790710449e-01
9.000000357627868652e-01
6.000000000000000000e+00
2.000000000000000000e+00
1.500000000000000000e+00
3.100000143051147461e+00
2.100000143051147461e+00
3.100000143051147461e+00
1.800000071525573730e+00
4.500000000000000000e+00
3.000000119209289551e-01
3.300000190734863281e+00
2.599999904632568359e+00
2.400000095367431641e+00
2.100000143051147461e+00
1.500000000000000000e+00
4.900000095367431641e+00
1.299999952316284180e+00
3.900000095367431641e+00
9.000000357627868652e-01
3.000000000000000000e+00
1.200000047683715820e+00
1.800000071525573730e+00
5.500000000000000000e+00
6.000000238418579102e-01
2.400000095367431641e+00
2.599999904632568359e+00
3.900000095367431641e+00
3.000000119209289551e-01
3.900000095367431641e+00
2.800000190734863281e+00
2.800000190734863281e+00
4.199999809265136719e+00
2.400000095367431641e+00
2.800000190734863281e+00
9.000000357627868652e-01
4.500000000000000000e+00
6.000000238418579102e-01
3.600000143051147461e+00
2.099999904632568359e+00
9.000000357627868652e-01
6.999999880790710449e-01
5.700000286102294922e+00
1.399999976158142090e+00
0.000000000000000000e+00
0.000000000000000000e+00
0.000000000000000000e+00
0.000000000000000000e+00
0.000000000000000000e+00
0.000000000000000000e+00
0.000000000000000000e+00
0.000000000000000000e+00
0.000000000000000000e+00
0.000000000000000000e+00
0.000000000000000000e+00
0.000000000000000000e+00
0.000000000000000000e+00
0.000000000000000000e+00
0.000000000000000000e+00
0.000000000000000000e+00
0.000000000000000000e+00
0.000000000000000000e+00
0.000000000000000000e+00
0.000000000000000000e+00
0.000000000000000000e+00
0.000000000000000000e+00
0.000000000000000000e+00
0.000000000000000000e+00
0.000000000000000000e+00
0.000000000000000000e+00
0.000000000000000000e+00
0.000000000000000000e+00
0.000000000000000000e+00
0.000000000000000000e+00
2.700000047683715820e+00
0.000000000000000000e+00
0.000000000000000000e+00
0.000000000000000000e+00
0.000000000000000000e+00
0.000000000000000000e+00
0.000000000000000000e+00
0.000000000000000000e+00
0.000000000000000000e+00
0.000000000000000000e+00
0.000000000000000000e+00
5.100000381469726562e+00
0.000000000000000000e+00
2.100000143051147461e+00
0.000000000000000000e+00
3.900000095367431641e+00
9.000000357627868652e-01
3.300000190734863281e+00
2.100000143051147461e+00
2.100000143051147461e+00
3.400000095367431641e+00
6.000000238418579102e-01
0.000000000000000000e+00
4.800000190734863281e+00
0.000000000000000000e+00
0.000000000000000000e+00
0.000000000000000000e+00
0.000000000000000000e+00
1.800000071525573730e+00
6.099999904632568359e+00
1.500000000000000000e+00
4.000000000000000000e+00
1.900000095367431641e+00
1.800000071525573730e+00
0.000000000000000000e+00
3.900000095367431641e+00
2.699999809265136719e+00
6.600000381469726562e+00
6.999999880790710449e-01
2.700000047683715820e+00
1.200000047683715820e+00
2.400000095367431641e+00
1.800000071525573730e+00
2.200000047683715820e+00
5.100000381469726562e+00
6.999999880790710449e-01
2.700000047683715820e+00
3.599999904632568359e+00
4.300000190734863281e+00
1.800000071525573730e+00
9.000000357627868652e-01
6.400000095367431641e+00
0.000000000000000000e+00
3.600000143051147461e+00
9.000000357627868652e-01
1.500000000000000000e+00
5.199999809265136719e+00
1.000000000000000000e+00
4.200000286102294922e+00
2.299999952316284180e+00
1.800000071525573730e+00
3.000000000000000000e+00
3.000000119209289551e-01
4.200000286102294922e+00
9.000000357627868652e-01
0.000000000000000000e+00
0.000000000000000000e+00
0.000000000000000000e+00
0.000000000000000000e+00
0.000000000000000000e+00
0.000000000000000000e+00
0.000000000000000000e+00
0.000000000000000000e+00
0.000000000000000000e+00
0.000000000000000000e+00
0.000000000000000000e+00
0.000000000000000000e+00
0.000000000000000000e+00
0.000000000000000000e+00
0.000000000000000000e+00
0.000000000000000000e+00
0.000000000000000000e+00
0.000000000000000000e+00
0.000000000000000000e+00
0.000000000000000000e+00
0.000000000000000000e+00
0.000000000000000000e+00
0.000000000000000000e+00
0.000000000000000000e+00
0.000000000000000000e+00
0.000000000000000000e+00
0.000000000000000000e+00
0.000000000000000000e+00
0.000000000000000000e+00
0.000000000000000000e+00
0.000000000000000000e+00
0.000000000000000000e+00
0.000000000000000000e+00
0.000000000000000000e+00
0.000000000000000000e+00
0.000000000000000000e+00
0.000000000000000000e+00
0.000000000000000000e+00
4.500000000000000000e+00
0.000000000000000000e+00
3.300000190734863281e+00
6.999999880790710449e-01
2.100000143051147461e+00
0.000000000000000000e+00
5.100000381469726562e+00
6.000000238418579102e-01
0.000000000000000000e+00
2.400000095367431641e+00
3.000000000000000000e+00
0.000000000000000000e+00
3.300000190734863281e+00
3.700000047683715820e+00
1.200000047683715820e+00
3.000000000000000000e+00
2.200000047683715820e+00
3.100000143051147461e+00
3.000000119209289551e-01
5.100000381469726562e+00
0.000000000000000000e+00
5.400000095367431641e+00
6.000000238418579102e-01
3.300000190734863281e+00
1.299999952316284180e+00
4.800000190734863281e+00
9.000000357627868652e-01
2.400000095367431641e+00
1.200000047683715820e+00
5.700000286102294922e+00
1.600000023841857910e+00
2.200000047683715820e+00
3.700000047683715820e+00
2.400000095367431641e+00
2.500000000000000000e+00
3.400000095367431641e+00
1.500000000000000000e+00
2.100000143051147461e+00
4.000000000000000000e+00
1.500000000000000000e+00
3.000000000000000000e+00
2.900000095367431641e+00
4.300000190734863281e+00
9.000000357627868652e-01
4.500000000000000000e+00
1.000000000000000000e+00
4.500000000000000000e+00
1.900000095367431641e+00
2.500000000000000000e+00
3.300000190734863281e+00
2.400000095367431641e+00
1.500000000000000000e+00
2.500000000000000000e+00
4.300000190734863281e+00
2.299999952316284180e+00
5.400000095367431641e+00
0.000000000000000000e+00
0.000000000000000000e+00
0.000000000000000000e+00
0.000000000000000000e+00
0.000000000000000000e+00
0.000000000000000000e+00
0.000000000000000000e+00
0.000000000000000000e+00
0.000000000000000000e+00
0.000000000000000000e+00
0.000000000000000000e+00
0.000000000000000000e+00
0.000000000000000000e+00
0.000000000000000000e+00
0.000000000000000000e+00
0.000000000000000000e+00
0.000000000000000000e+00
0.000000000000000000e+00
0.000000000000000000e+00
0.000000000000000000e+00
0.000000000000000000e+00
0.000000000000000000e+00
0.000000000000000000e+00
0.000000000000000000e+00
0.000000000000000000e+00
0.000000000000000000e+00
0.000000000000000000e+00
0.000000000000000000e+00
0.000000000000000000e+00
0.000000000000000000e+00
0.000000000000000000e+00
0.000000000000000000e+00
0.000000000000000000e+00
0.000000000000000000e+00
0.000000000000000000e+00
0.000000000000000000e+00
0.000000000000000000e+00
0.000000000000000000e+00
0.000000000000000000e+00
0.000000000000000000e+00
4.500000000000000000e+00
0.000000000000000000e+00
1.200000047683715820e+00
0.000000000000000000e+00
7.200000286102294922e+00
0.000000000000000000e+00
6.000000238418579102e-01
3.300000190734863281e+00
1.200000047683715820e+00
2.700000047683715820e+00
9.000000357627868652e-01
5.100000381469726562e+00
6.000000238418579102e-01
2.700000047683715820e+00
3.100000143051147461e+00
3.100000143051147461e+00
1.200000047683715820e+00
2.100000143051147461e+00
3.400000095367431641e+00
1.200000047683715820e+00
4.500000000000000000e+00
1.900000095367431641e+00
2.700000047683715820e+00
3.400000095367431641e+00
2.700000047683715820e+00
3.400000095367431641e+00
1.200000047683715820e+00
2.400000095367431641e+00
1.500000000000000000e+00
5.300000190734863281e+00
1.200000047683715820e+00
4.400000095367431641e+00
4.400000095367431641e+00
2.200000047683715820e+00
2.700000047683715820e+00
1.900000095367431641e+00
3.300000190734863281e+00
1.299999952316284180e+00
4.300000190734863281e+00
1.200000047683715820e+00
4.599999904632568359e+00
1.299999952316284180e+00
4.300000190734863281e+00
2.500000000000000000e+00
3.100000143051147461e+00
2.700000047683715820e+00
1.000000000000000000e+00
6.000000000000000000e+00
1.000000000000000000e+00
9.000000357627868652e-01
5.100000381469726562e+00
0.000000000000000000e+00
3.600000143051147461e+00
3.000000119209289551e-01
3.900000095367431641e+00
1.000000000000000000e+00
4.200000286102294922e+00
1.900000095367431641e+00
4.300000190734863281e+00
1.200000047683715820e+00
2.400000095367431641e+00
4.099999904632568359e+00
1.200000047683715820e+00
3.100000143051147461e+00
2.800000190734863281e+00
2.400000095367431641e+00
3.900000095367431641e+00
1.299999952316284180e+00
3.000000000000000000e+00
1.500000000000000000e+00
3.400000095367431641e+00
2.200000047683715820e+00
4.300000190734863281e+00
1.200000047683715820e+00
3.600000143051147461e+00
9.000000357627868652e-01
3.000000000000000000e+00
1.600000023841857910e+00
4.500000000000000000e+00
1.000000000000000000e+00
4.800000190734863281e+00
2.599999904632568359e+00
2.500000000000000000e+00
6.999999880790710449e-01
4.800000190734863281e+00
1.600000023841857910e+00
4.200000286102294922e+00
9.000000357627868652e-01
2.700000047683715820e+00
2.100000143051147461e+00
2.500000000000000000e+00
3.900000095367431641e+00
1.500000000000000000e+00
2.299999952316284180e+00
3.000000000000000000e+00
1.200000047683715820e+00
3.900000095367431641e+00
2.000000000000000000e+00
3.600000143051147461e+00
2.200000047683715820e+00
2.700000047683715820e+00
9.000000357627868652e-01
6.000000000000000000e+00
6.999999880790710449e-01
3.600000143051147461e+00
1.600000023841857910e+00
3.300000190734863281e+00
1.500000000000000000e+00
1.800000071525573730e+00
3.300000190734863281e+00
1.900000095367431641e+00
3.300000190734863281e+00
2.200000047683715820e+00
3.000000000000000000e+00
2.900000095367431641e+00
2.100000143051147461e+00
3.700000047683715820e+00
1.200000047683715820e+00
3.300000190734863281e+00
1.500000000000000000e+00
3.900000095367431641e+00
6.000000238418579102e-01
2.700000047683715820e+00
1.800000071525573730e+00
1.800000071525573730e+00
3.600000143051147461e+00
3.100000143051147461e+00
1.900000095367431641e+00
3.000000000000000000e+00
1.200000047683715820e+00
3.300000190734863281e+00
2.000000000000000000e+00
5.100000381469726562e+00
2.699999809265136719e+00
4.000000000000000000e+00
2.200000047683715820e+00
2.599999904632568359e+00
3.900000095367431641e+00
2.000000000000000000e+00
4.000000000000000000e+00
2.100000143051147461e+00
3.400000095367431641e+00
1.500000000000000000e+00
3.200000047683715820e+00
3.900000095367431641e+00
1.000000000000000000e+00
4.500000000000000000e+00
6.000000238418579102e-01
3.300000190734863281e+00
1.900000095367431641e+00
1.800000071525573730e+00
4.800000190734863281e+00
0.000000000000000000e+00
4.200000286102294922e+00
6.000000238418579102e-01
3.400000095367431641e+00
3.100000143051147461e+00
1.200000047683715820e+00
4.500000000000000000e+00
2.099999904632568359e+00
4.500000000000000000e+00
1.000000000000000000e+00
3.000000000000000000e+00
1.800000071525573730e+00
2.500000000000000000e+00
3.900000095367431641e+00
9.000000357627868652e-01
4.599999904632568359e+00
6.000000238418579102e-01
3.900000095367431641e+00
2.299999952316284180e+00
2.100000143051147461e+00
1.000000000000000000e+00
6.300000190734863281e+00
3.799999952316284180e+00
2.700000047683715820e+00
1.800000071525573730e+00
2.400000095367431641e+00
9.000000357627868652e-01
0.000000000000000000e+00
3.900000095367431641e+00
1.800000071525573730e+00
4.300000190734863281e+00
3.100000143051147461e+00
1.800000071525573730e+00
2.400000095367431641e+00
2.400000095367431641e+00
6.999999880790710449e-01
7.200000286102294922e+00
2.099999904632568359e+00
9.000000357627868652e-01
0.000000000000000000e+00
2.400000095367431641e+00
4.700000286102294922e+00
2.100000143051147461e+00
3.600000143051147461e+00
1.800000071525573730e+00
2.400000095367431641e+00
1.500000000000000000e+00
3.700000047683715820e+00
1.500000000000000000e+00
3.600000143051147461e+00
3.200000047683715820e+00
0.000000000000000000e+00
0.000000000000000000e+00
4.500000000000000000e+00
1.600000023841857910e+00
1.399999976158142090e+00
3.000000119209289551e-01
5.100000381469726562e+00
3.000000119209289551e-01
5.400000095367431641e+00
1.600000023841857910e+00
3.600000143051147461e+00
1.600000023841857910e+00
1.200000047683715820e+00
5.100000381469726562e+00
1.000000000000000000e+00
3.300000190734863281e+00
4.099999904632568359e+00
9.000000357627868652e-01
3.900000095367431641e+00
1.299999952316284180e+00
3.300000190734863281e+00
2.400000095367431641e+00
2.700000047683715820e+00
6.000000238418579102e-01
5.100000381469726562e+00
6.000000238418579102e-01
1.500000000000000000e+00
5.700000286102294922e+00
0.000000000000000000e+00
2.100000143051147461e+00
1.900000095367431641e+00
3.600000143051147461e+00
9.000000357627868652e-01
4.599999904632568359e+00
1.900000095367431641e+00
3.300000190734863281e+00
2.200000047683715820e+00
2.100000143051147461e+00
0.000000000000000000e+00
4.800000190734863281e+00
0.000000000000000000e+00
0.000000000000000000e+00
6.000000238418579102e-01
6.400000095367431641e+00
1.900000095367431641e+00
0.000000000000000000e+00
0.000000000000000000e+00
0.000000000000000000e+00
3.000000000000000000e+00
2.099999904632568359e+00
3.300000190734863281e+00
0.000000000000000000e+00
0.000000000000000000e+00
0.000000000000000000e+00
0.000000000000000000e+00
0.000000000000000000e+00
0.000000000000000000e+00
0.000000000000000000e+00
0.000000000000000000e+00
0.000000000000000000e+00
0.000000000000000000e+00
0.000000000000000000e+00
0.000000000000000000e+00
0.000000000000000000e+00
0.000000000000000000e+00
0.000000000000000000e+00
0.000000000000000000e+00
0.000000000000000000e+00
0.000000000000000000e+00
0.000000000000000000e+00
0.000000000000000000e+00
0.000000000000000000e+00
0.000000000000000000e+00
0.000000000000000000e+00
0.000000000000000000e+00
0.000000000000000000e+00
0.000000000000000000e+00
0.000000000000000000e+00
0.000000000000000000e+00
0.000000000000000000e+00
0.000000000000000000e+00
0.000000000000000000e+00
0.000000000000000000e+00
0.000000000000000000e+00
0.000000000000000000e+00
0.000000000000000000e+00
0.000000000000000000e+00
0.000000000000000000e+00
0.000000000000000000e+00
0.000000000000000000e+00
0.000000000000000000e+00
0.000000000000000000e+00
0.000000000000000000e+00
0.000000000000000000e+00
0.000000000000000000e+00
0.000000000000000000e+00
0.000000000000000000e+00
2.100000143051147461e+00
0.000000000000000000e+00
6.300000190734863281e+00
9.000000357627868652e-01
3.300000190734863281e+00
1.200000047683715820e+00
2.400000095367431641e+00
1.500000000000000000e+00
2.100000143051147461e+00
0.000000000000000000e+00
5.700000286102294922e+00
1.200000047683715820e+00
2.700000047683715820e+00
1.800000071525573730e+00
2.400000095367431641e+00
0.000000000000000000e+00
3.900000095367431641e+00
2.700000047683715820e+00
6.000000238418579102e-01
4.800000190734863281e+00
0.000000000000000000e+00
3.300000190734863281e+00
3.000000119209289551e-01
4.500000000000000000e+00
1.200000047683715820e+00
2.700000047683715820e+00
2.900000095367431641e+00
3.600000143051147461e+00
1.200000047683715820e+00
3.900000095367431641e+00
2.800000190734863281e+00
6.000000238418579102e-01
5.400000095367431641e+00
6.999999880790710449e-01
3.600000143051147461e+00
3.900000095367431641e+00
1.800000071525573730e+00
3.300000190734863281e+00
1.200000047683715820e+00
3.400000095367431641e+00
1.900000095367431641e+00
3.700000047683715820e+00
2.100000143051147461e+00
2.400000095367431641e+00
6.999999880790710449e-01
4.200000286102294922e+00
1.200000047683715820e+00
0.000000000000000000e+00
0.000000000000000000e+00
2.700000047683715820e+00
1.399999976158142090e+00
0.000000000000000000e+00
0.000000000000000000e+00
0.000000000000000000e+00
0.000000000000000000e+00
0.000000000000000000e+00
0.000000000000000000e+00
0.000000000000000000e+00
0.000000000000000000e+00
0.000000000000000000e+00
0.000000000000000000e+00
0.000000000000000000e+00
0.000000000000000000e+00
0.000000000000000000e+00
0.000000000000000000e+00
0.000000000000000000e+00
0.000000000000000000e+00
0.000000000000000000e+00
0.000000000000000000e+00
0.000000000000000000e+00
0.000000000000000000e+00
0.000000000000000000e+00
0.000000000000000000e+00
0.000000000000000000e+00
0.000000000000000000e+00
0.000000000000000000e+00
0.000000000000000000e+00
0.000000000000000000e+00
0.000000000000000000e+00
0.000000000000000000e+00
0.000000000000000000e+00
0.000000000000000000e+00
0.000000000000000000e+00
0.000000000000000000e+00
0.000000000000000000e+00
0.000000000000000000e+00
5.100000381469726562e+00
0.000000000000000000e+00
1.200000047683715820e+00
0.000000000000000000e+00
0.000000000000000000e+00
0.000000000000000000e+00
6.300000190734863281e+00
3.000000119209289551e-01
5.400000095367431641e+00
3.000000119209289551e-01
3.300000190734863281e+00
6.999999880790710449e-01
2.100000143051147461e+00
0.000000000000000000e+00
8.100000381469726562e+00
0.000000000000000000e+00
3.300000190734863281e+00
2.200000047683715820e+00
3.600000143051147461e+00
1.600000023841857910e+00
4.599999904632568359e+00
4.199999809265136719e+00
2.100000143051147461e+00
0.000000000000000000e+00
2.700000047683715820e+00
1.800000071525573730e+00
3.300000190734863281e+00
2.100000143051147461e+00
4.400000095367431641e+00
1.500000000000000000e+00
2.400000095367431641e+00
1.800000071525573730e+00
1.800000071525573730e+00
2.100000143051147461e+00
3.400000095367431641e+00
2.200000047683715820e+00
1.000000000000000000e+00
6.000000000000000000e+00
6.999999880790710449e-01
3.600000143051147461e+00
3.000000119209289551e-01
5.400000095367431641e+00
2.000000000000000000e+00
2.400000095367431641e+00
2.700000047683715820e+00
1.800000071525573730e+00
1.500000000000000000e+00
2.800000190734863281e+00
6.200000286102294922e+00
3.000000000000000000e+00
2.400000095367431641e+00
2.800000190734863281e+00
3.400000095367431641e+00
1.600000023841857910e+00
3.900000095367431641e+00
1.800000071525573730e+00
0.000000000000000000e+00
0.000000000000000000e+00
0.000000000000000000e+00
3.900000095367431641e+00
0.000000000000000000e+00
0.000000000000000000e+00
0.000000000000000000e+00
0.000000000000000000e+00
0.000000000000000000e+00
0.000000000000000000e+00
0.000000000000000000e+00
0.000000000000000000e+00
0.000000000000000000e+00
0.000000000000000000e+00
0.000000000000000000e+00
0.000000000000000000e+00
0.000000000000000000e+00
0.000000000000000000e+00
0.000000000000000000e+00
0.000000000000000000e+00
0.000000000000000000e+00
0.000000000000000000e+00
0.000000000000000000e+00
0.000000000000000000e+00
0.000000000000000000e+00
0.000000000000000000e+00
0.000000000000000000e+00
0.000000000000000000e+00
0.000000000000000000e+00
0.000000000000000000e+00
0.000000000000000000e+00
0.000000000000000000e+00
0.000000000000000000e+00
0.000000000000000000e+00
0.000000000000000000e+00
0.000000000000000000e+00
0.000000000000000000e+00
0.000000000000000000e+00
5.400000095367431641e+00
0.000000000000000000e+00
1.200000047683715820e+00
0.000000000000000000e+00
4.800000190734863281e+00
0.000000000000000000e+00
1.200000047683715820e+00
0.000000000000000000e+00
6.600000381469726562e+00
1.000000000000000000e+00
2.700000047683715820e+00
3.000000000000000000e+00
1.200000047683715820e+00
2.400000095367431641e+00
1.200000047683715820e+00
4.800000190734863281e+00
6.999999880790710449e-01
3.300000190734863281e+00
3.900000095367431641e+00
1.500000000000000000e+00
1.500000000000000000e+00
2.100000143051147461e+00
4.400000095367431641e+00
9.000000357627868652e-01
3.600000143051147461e+00
3.300000190734863281e+00
2.100000143051147461e+00
1.200000047683715820e+00
3.400000095367431641e+00
2.400000095367431641e+00
1.200000047683715820e+00
3.000000000000000000e+00
2.700000047683715820e+00
2.100000143051147461e+00
1.800000071525573730e+00
3.600000143051147461e+00
3.000000000000000000e+00
2.700000047683715820e+00
2.100000143051147461e+00
3.000000000000000000e+00
2.900000095367431641e+00
3.900000095367431641e+00
2.599999904632568359e+00
1.800000071525573730e+00
3.700000047683715820e+00
2.100000143051147461e+00
1.800000071525573730e+00
3.000000000000000000e+00
3.000000000000000000e+00
1.900000095367431641e+00
3.000000000000000000e+00
9.000000357627868652e-01
3.600000143051147461e+00
1.700000047683715820e+00
5.400000095367431641e+00
6.999999880790710449e-01
1.200000047683715820e+00
4.200000286102294922e+00
1.399999976158142090e+00
6.000000238418579102e-01
0.000000000000000000e+00
3.300000190734863281e+00
6.999999880790710449e-01
0.000000000000000000e+00
0.000000000000000000e+00
0.000000000000000000e+00
0.000000000000000000e+00
0.000000000000000000e+00
0.000000000000000000e+00
0.000000000000000000e+00
0.000000000000000000e+00
0.000000000000000000e+00
0.000000000000000000e+00
0.000000000000000000e+00
0.000000000000000000e+00
0.000000000000000000e+00
0.000000000000000000e+00
0.000000000000000000e+00
0.000000000000000000e+00
0.000000000000000000e+00
0.000000000000000000e+00
0.000000000000000000e+00
0.000000000000000000e+00
0.000000000000000000e+00
0.000000000000000000e+00
0.000000000000000000e+00
0.000000000000000000e+00
0.000000000000000000e+00
0.000000000000000000e+00
0.000000000000000000e+00
0.000000000000000000e+00
0.000000000000000000e+00
0.000000000000000000e+00
0.000000000000000000e+00
0.000000000000000000e+00
0.000000000000000000e+00
6.900000095367431641e+00
6.999999880790710449e-01
0.000000000000000000e+00
5.400000095367431641e+00
0.000000000000000000e+00
0.000000000000000000e+00
3.600000143051147461e+00
9.000000357627868652e-01
6.600000381469726562e+00
3.000000119209289551e-01
1.200000047683715820e+00
3.900000095367431641e+00
1.500000000000000000e+00
0.000000000000000000e+00
3.300000190734863281e+00
2.400000095367431641e+00
2.400000095367431641e+00
4.500000000000000000e+00
1.600000023841857910e+00
2.700000047683715820e+00
1.800000071525573730e+00
1.500000000000000000e+00
3.300000190734863281e+00
6.000000238418579102e-01
6.300000190734863281e+00
3.000000119209289551e-01
1.500000000000000000e+00
2.400000095367431641e+00
1.500000000000000000e+00
3.300000190734863281e+00
9.000000357627868652e-01
3.900000095367431641e+00
1.600000023841857910e+00
3.600000143051147461e+00
6.000000238418579102e-01
3.300000190734863281e+00
2.500000000000000000e+00
1.800000071525573730e+00
3.600000143051147461e+00
1.700000047683715820e+00
4.500000000000000000e+00
3.000000119209289551e-01
5.100000381469726562e+00
1.000000000000000000e+00
1.500000000000000000e+00
4.000000000000000000e+00
1.600000023841857910e+00
3.700000047683715820e+00
3.400000095367431641e+00
1.900000095367431641e+00
2.500000000000000000e+00
3.300000190734863281e+00
6.999999880790710449e-01
2.400000095367431641e+00
6.599999904632568359e+00
1.000000000000000000e+00
3.000000119209289551e-01
0.000000000000000000e+00
0.000000000000000000e+00
0.000000000000000000e+00
0.000000000000000000e+00
0.000000000000000000e+00
0.000000000000000000e+00
0.000000000000000000e+00
0.000000000000000000e+00
0.000000000000000000e+00
0.000000000000000000e+00
0.000000000000000000e+00
0.000000000000000000e+00
0.000000000000000000e+00
0.000000000000000000e+00
0.000000000000000000e+00
0.000000000000000000e+00
0.000000000000000000e+00
0.000000000000000000e+00
0.000000000000000000e+00
0.000000000000000000e+00
0.000000000000000000e+00
0.000000000000000000e+00
0.000000000000000000e+00
0.000000000000000000e+00
0.000000000000000000e+00
0.000000000000000000e+00
0.000000000000000000e+00
0.000000000000000000e+00
0.000000000000000000e+00
0.000000000000000000e+00
0.000000000000000000e+00
0.000000000000000000e+00
0.000000000000000000e+00
0.000000000000000000e+00
0.000000000000000000e+00
0.000000000000000000e+00
0.000000000000000000e+00
5.400000095367431641e+00
0.000000000000000000e+00
1.500000000000000000e+00
0.000000000000000000e+00
8.400000572204589844e+00
3.000000119209289551e-01
2.100000143051147461e+00
3.300000190734863281e+00
0.000000000000000000e+00
3.600000143051147461e+00
1.299999952316284180e+00
0.000000000000000000e+00
6.300000190734863281e+00
0.000000000000000000e+00
3.000000000000000000e+00
6.999999880790710449e-01
2.100000143051147461e+00
3.000000000000000000e+00
6.000000238418579102e-01
6.900000095367431641e+00
0.000000000000000000e+00
0.000000000000000000e+00
9.000000357627868652e-01
4.000000000000000000e+00
3.000000000000000000e+00
6.000000238418579102e-01
7.800000190734863281e+00
0.000000000000000000e+00
6.000000238418579102e-01
2.100000143051147461e+00
2.800000190734863281e+00
3.700000047683715820e+00
1.500000000000000000e+00
7.000000000000000000e+00
6.999999880790710449e-01
9.000000357627868652e-01
2.700000047683715820e+00
1.900000095367431641e+00
4.000000000000000000e+00
1.200000047683715820e+00
6.900000095367431641e+00
2.099999904632568359e+00
1.500000000000000000e+00
4.099999904632568359e+00
6.000000238418579102e-01
3.300000190734863281e+00
1.500000000000000000e+00
5.800000190734863281e+00
1.299999952316284180e+00
2.400000095367431641e+00
2.500000000000000000e+00
3.400000095367431641e+00
1.900000095367431641e+00
3.300000190734863281e+00
4.900000095367431641e+00
3.000000119209289551e-01
1.800000071525573730e+00
3.300000190734863281e+00
3.000000119209289551e-01
5.400000095367431641e+00
1.000000000000000000e+00
5.100000381469726562e+00
0.000000000000000000e+00
2.100000143051147461e+00
3.000000000000000000e+00
6.000000238418579102e-01
4.200000286102294922e+00
1.000000000000000000e+00
5.400000095367431641e+00
2.099999904632568359e+00
3.000000000000000000e+00
3.100000143051147461e+00
1.200000047683715820e+00
4.200000286102294922e+00
1.399999976158142090e+00
4.200000286102294922e+00
0.000000000000000000e+00
3.900000095367431641e+00
2.100000143051147461e+00
2.800000190734863281e+00
2.700000047683715820e+00
1.800000071525573730e+00
2.700000047683715820e+00
1.200000047683715820e+00
2.400000095367431641e+00
4.300000190734863281e+00
6.000000238418579102e-01
4.800000190734863281e+00
1.700000047683715820e+00
0.000000000000000000e+00
5.400000095367431641e+00
6.999999880790710449e-01
3.000000119209289551e-01
4.000000000000000000e+00
2.299999952316284180e+00
5.700000286102294922e+00
6.000000238418579102e-01
0.000000000000000000e+00
3.600000143051147461e+00
1.800000071525573730e+00
1.500000000000000000e+00
5.000000000000000000e+00
1.600000023841857910e+00
6.999999880790710449e-01
6.300000190734863281e+00
0.000000000000000000e+00
2.400000095367431641e+00
1.399999976158142090e+00
3.300000190734863281e+00
1.500000000000000000e+00
4.599999904632568359e+00
3.100000143051147461e+00
2.100000143051147461e+00
1.800000071525573730e+00
2.100000143051147461e+00
2.100000143051147461e+00
2.200000047683715820e+00
2.700000047683715820e+00
4.000000000000000000e+00
1.900000095367431641e+00
4.599999904632568359e+00
0.000000000000000000e+00
5.400000095367431641e+00
3.000000119209289551e-01
2.400000095367431641e+00
2.400000095367431641e+00
2.700000047683715820e+00
1.900000095367431641e+00
2.700000047683715820e+00
2.100000143051147461e+00
1.800000071525573730e+00
3.800000190734863281e+00
2.700000047683715820e+00
1.800000071525573730e+00
2.800000190734863281e+00
4.000000000000000000e+00
1.500000000000000000e+00
3.500000000000000000e+00
3.700000047683715820e+00
1.900000095367431641e+00
3.600000143051147461e+00
1.800000071525573730e+00
1.500000000000000000e+00
3.600000143051147461e+00
1.299999952316284180e+00
5.100000381469726562e+00
0.000000000000000000e+00
3.000000000000000000e+00
1.200000047683715820e+00
2.700000047683715820e+00
2.700000047683715820e+00
1.299999952316284180e+00
5.700000286102294922e+00
1.399999976158142090e+00
3.900000095367431641e+00
2.699999809265136719e+00
3.000000000000000000e+00
1.800000071525573730e+00
1.600000023841857910e+00
5.100000381469726562e+00
1.399999976158142090e+00
4.800000190734863281e+00
1.299999952316284180e+00
3.700000047683715820e+00
2.100000143051147461e+00
2.100000143051147461e+00
1.500000000000000000e+00
3.300000190734863281e+00
1.500000000000000000e+00
2.400000095367431641e+00
3.400000095367431641e+00
2.500000000000000000e+00
2.100000143051147461e+00
3.300000190734863281e+00
2.299999952316284180e+00
3.900000095367431641e+00
1.700000047683715820e+00
4.200000286102294922e+00
2.599999904632568359e+00
3.300000190734863281e+00
1.500000000000000000e+00
1.500000000000000000e+00
3.000000000000000000e+00
1.299999952316284180e+00
5.400000095367431641e+00
3.000000119209289551e-01
4.200000286102294922e+00
3.000000119209289551e-01
3.600000143051147461e+00
1.800000071525573730e+00
1.800000071525573730e+00
3.600000143051147461e+00
1.200000047683715820e+00
2.500000000000000000e+00
2.400000095367431641e+00
1.200000047683715820e+00
3.300000190734863281e+00
6.000000238418579102e-01
7.800000190734863281e+00
1.399999976158142090e+00
1.500000000000000000e+00
0.000000000000000000e+00
1.500000000000000000e+00
4.800000190734863281e+00
1.000000000000000000e+00
1.800000071525573730e+00
5.800000190734863281e+00
1.000000000000000000e+00
3.700000047683715820e+00
1.600000023841857910e+00
2.400000095367431641e+00
3.000000000000000000e+00
1.299999952316284180e+00
5.700000286102294922e+00
0.000000000000000000e+00
3.600000143051147461e+00
1.299999952316284180e+00
2.700000047683715820e+00
2.100000143051147461e+00
1.800000071525573730e+00
5.800000190734863281e+00
6.999999880790710449e-01
3.000000000000000000e+00
1.500000000000000000e+00
3.100000143051147461e+00
2.200000047683715820e+00
2.700000047683715820e+00
3.300000190734863281e+00
1.900000095367431641e+00
4.300000190734863281e+00
3.299999952316284180e+00
3.600000143051147461e+00
1.000000000000000000e+00
3.300000190734863281e+00
2.400000095367431641e+00
9.000000357627868652e-01
5.100000381469726562e+00
6.999999880790710449e-01
3.000000000000000000e+00
1.600000023841857910e+00
2.700000047683715820e+00
4.599999904632568359e+00
1.600000023841857910e+00
3.300000190734863281e+00
1.900000095367431641e+00
2.400000095367431641e+00
6.000000238418579102e-01
5.400000095367431641e+00
1.299999952316284180e+00
5.700000286102294922e+00
0.000000000000000000e+00
9.000000357627868652e-01
2.400000095367431641e+00
5.600000381469726562e+00
6.000000238418579102e-01
4.800000190734863281e+00
0.000000000000000000e+00
9.000000357627868652e-01
6.999999880790710449e-01
5.100000381469726562e+00
0.000000000000000000e+00
0.000000000000000000e+00
0.000000000000000000e+00
0.000000000000000000e+00
0.000000000000000000e+00
0.000000000000000000e+00
0.000000000000000000e+00
0.000000000000000000e+00
0.000000000000000000e+00
0.000000000000000000e+00
0.000000000000000000e+00
0.000000000000000000e+00
0.000000000000000000e+00
0.000000000000000000e+00
0.000000000000000000e+00
0.000000000000000000e+00
0.000000000000000000e+00
0.000000000000000000e+00
0.000000000000000000e+00
0.000000000000000000e+00
0.000000000000000000e+00
0.000000000000000000e+00
0.000000000000000000e+00
0.000000000000000000e+00
0.000000000000000000e+00
0.000000000000000000e+00
0.000000000000000000e+00
0.000000000000000000e+00
0.000000000000000000e+00
0.000000000000000000e+00
0.000000000000000000e+00
0.000000000000000000e+00
0.000000000000000000e+00
0.000000000000000000e+00
5.400000095367431641e+00
0.000000000000000000e+00
1.200000047683715820e+00
0.000000000000000000e+00
5.400000095367431641e+00
0.000000000000000000e+00
9.000000357627868652e-01
0.000000000000000000e+00
5.700000286102294922e+00
0.000000000000000000e+00
2.700000047683715820e+00
3.000000000000000000e+00
1.600000023841857910e+00
2.400000095367431641e+00
2.599999904632568359e+00
4.500000000000000000e+00
1.000000000000000000e+00
4.200000286102294922e+00
2.200000047683715820e+00
0.000000000000000000e+00
4.200000286102294922e+00
9.000000357627868652e-01
2.400000095367431641e+00
3.000000000000000000e+00
4.000000000000000000e+00
1.200000047683715820e+00
3.000000000000000000e+00
1.500000000000000000e+00
3.600000143051147461e+00
1.500000000000000000e+00
3.700000047683715820e+00
2.200000047683715820e+00
4.300000190734863281e+00
6.000000238418579102e-01
3.900000095367431641e+00
2.500000000000000000e+00
1.800000071525573730e+00
2.400000095367431641e+00
4.300000190734863281e+00
9.000000357627868652e-01
2.100000143051147461e+00
2.500000000000000000e+00
4.599999904632568359e+00
1.299999952316284180e+00
3.600000143051147461e+00
1.600000023841857910e+00
3.900000095367431641e+00
1.600000023841857910e+00
2.100000143051147461e+00
3.900000095367431641e+00
1.600000023841857910e+00
0.000000000000000000e+00
0.000000000000000000e+00
3.000000000000000000e+00
3.000000000000000000e+00
3.100000143051147461e+00
0.000000000000000000e+00
0.000000000000000000e+00
0.000000000000000000e+00
0.000000000000000000e+00
0.000000000000000000e+00
0.000000000000000000e+00
0.000000000000000000e+00
0.000000000000000000e+00
0.000000000000000000e+00
0.000000000000000000e+00
0.000000000000000000e+00
0.000000000000000000e+00
0.000000000000000000e+00
0.000000000000000000e+00
0.000000000000000000e+00
0.000000000000000000e+00
0.000000000000000000e+00
0.000000000000000000e+00
0.000000000000000000e+00
0.000000000000000000e+00
0.000000000000000000e+00
0.000000000000000000e+00
0.000000000000000000e+00
0.000000000000000000e+00
0.000000000000000000e+00
0.000000000000000000e+00
0.000000000000000000e+00
0.000000000000000000e+00
0.000000000000000000e+00
0.000000000000000000e+00
0.000000000000000000e+00
0.000000000000000000e+00
0.000000000000000000e+00
0.000000000000000000e+00
0.000000000000000000e+00
0.000000000000000000e+00
0.000000000000000000e+00
0.000000000000000000e+00
0.000000000000000000e+00
0.000000000000000000e+00
0.000000000000000000e+00
0.000000000000000000e+00
0.000000000000000000e+00
0.000000000000000000e+00
0.000000000000000000e+00
0.000000000000000000e+00
0.000000000000000000e+00
0.000000000000000000e+00
0.000000000000000000e+00
0.000000000000000000e+00
0.000000000000000000e+00
0.000000000000000000e+00
0.000000000000000000e+00
0.000000000000000000e+00
0.000000000000000000e+00
0.000000000000000000e+00
0.000000000000000000e+00
0.000000000000000000e+00
3.900000095367431641e+00
3.600000143051147461e+00
3.300000190734863281e+00
9.000000357627868652e-01
5.100000381469726562e+00
3.000000119209289551e-01
1.200000047683715820e+00
3.000000000000000000e+00
1.500000000000000000e+00
2.700000047683715820e+00
2.100000143051147461e+00
2.400000095367431641e+00
2.400000095367431641e+00
3.300000190734863281e+00
9.000000357627868652e-01
2.100000143051147461e+00
2.700000047683715820e+00
1.200000047683715820e+00
5.100000381469726562e+00
0.000000000000000000e+00
3.600000143051147461e+00
1.000000000000000000e+00
4.200000286102294922e+00
2.000000000000000000e+00
3.000000000000000000e+00
2.400000095367431641e+00
2.100000143051147461e+00
0.000000000000000000e+00
0.000000000000000000e+00
3.600000143051147461e+00
2.400000095367431641e+00
3.000000000000000000e+00
2.400000095367431641e+00
0.000000000000000000e+00
0.000000000000000000e+00
3.600000143051147461e+00
0.000000000000000000e+00
0.000000000000000000e+00
0.000000000000000000e+00
2.100000143051147461e+00
0.000000000000000000e+00
4.200000286102294922e+00
6.999999880790710449e-01
1.500000000000000000e+00
6.999999880790710449e-01
0.000000000000000000e+00
0.000000000000000000e+00
0.000000000000000000e+00
0.000000000000000000e+00
0.000000000000000000e+00
0.000000000000000000e+00
0.000000000000000000e+00
0.000000000000000000e+00
0.000000000000000000e+00
0.000000000000000000e+00
0.000000000000000000e+00
0.000000000000000000e+00
0.000000000000000000e+00
0.000000000000000000e+00
0.000000000000000000e+00
0.000000000000000000e+00
0.000000000000000000e+00
0.000000000000000000e+00
0.000000000000000000e+00
0.000000000000000000e+00
0.000000000000000000e+00
0.000000000000000000e+00
0.000000000000000000e+00
0.000000000000000000e+00
0.000000000000000000e+00
0.000000000000000000e+00
0.000000000000000000e+00
0.000000000000000000e+00
0.000000000000000000e+00
0.000000000000000000e+00
0.000000000000000000e+00
6.000000000000000000e+00
0.000000000000000000e+00
9.000000357627868652e-01
0.000000000000000000e+00
6.300000190734863281e+00
0.000000000000000000e+00
2.400000095367431641e+00
3.900000095367431641e+00
0.000000000000000000e+00
2.400000095367431641e+00
1.900000095367431641e+00
0.000000000000000000e+00
6.600000381469726562e+00
1.000000000000000000e+00
2.700000047683715820e+00
9.000000357627868652e-01
2.400000095367431641e+00
2.100000143051147461e+00
9.000000357627868652e-01
7.599999904632568359e+00
2.099999904632568359e+00
1.800000071525573730e+00
1.800000071525573730e+00
0.000000000000000000e+00
2.400000095367431641e+00
6.999999880790710449e-01
1.500000000000000000e+00
8.100000381469726562e+00
0.000000000000000000e+00
1.500000000000000000e+00
2.400000095367431641e+00
2.200000047683715820e+00
1.500000000000000000e+00
1.800000071525573730e+00
6.600000381469726562e+00
6.999999880790710449e-01
2.700000047683715820e+00
2.599999904632568359e+00
2.800000190734863281e+00
1.200000047683715820e+00
3.300000190734863281e+00
4.700000286102294922e+00
3.700000047683715820e+00
1.900000095367431641e+00
3.000000000000000000e+00
1.600000023841857910e+00
2.100000143051147461e+00
2.800000190734863281e+00
2.400000095367431641e+00
3.000000000000000000e+00
2.100000143051147461e+00
1.600000023841857910e+00
4.900000095367431641e+00
1.000000000000000000e+00
2.700000047683715820e+00
2.400000095367431641e+00
2.100000143051147461e+00
0.000000000000000000e+00
0.000000000000000000e+00
0.000000000000000000e+00
0.000000000000000000e+00
3.600000143051147461e+00
0.000000000000000000e+00
0.000000000000000000e+00
0.000000000000000000e+00
0.000000000000000000e+00
0.000000000000000000e+00
0.000000000000000000e+00
0.000000000000000000e+00
0.000000000000000000e+00
0.000000000000000000e+00
0.000000000000000000e+00
0.000000000000000000e+00
0.000000000000000000e+00
0.000000000000000000e+00
0.000000000000000000e+00
0.000000000000000000e+00
0.000000000000000000e+00
0.000000000000000000e+00
0.000000000000000000e+00
0.000000000000000000e+00
0.000000000000000000e+00
0.000000000000000000e+00
0.000000000000000000e+00
0.000000000000000000e+00
0.000000000000000000e+00
0.000000000000000000e+00
0.000000000000000000e+00
0.000000000000000000e+00
0.000000000000000000e+00
0.000000000000000000e+00
0.000000000000000000e+00
0.000000000000000000e+00
0.000000000000000000e+00
0.000000000000000000e+00
0.000000000000000000e+00
0.000000000000000000e+00
0.000000000000000000e+00
4.500000000000000000e+00
0.000000000000000000e+00
1.500000000000000000e+00
3.900000095367431641e+00
2.100000143051147461e+00
2.400000095367431641e+00
9.000000357627868652e-01
0.000000000000000000e+00
6.000000000000000000e+00
0.000000000000000000e+00
2.400000095367431641e+00
9.000000357627868652e-01
3.600000143051147461e+00
9.000000357627868652e-01
4.200000286102294922e+00
1.600000023841857910e+00
4.200000286102294922e+00
1.900000095367431641e+00
3.300000190734863281e+00
2.500000000000000000e+00
1.200000047683715820e+00
6.999999880790710449e-01
3.600000143051147461e+00
2.400000095367431641e+00
2.700000047683715820e+00
2.700000047683715820e+00
3.100000143051147461e+00
9.000000357627868652e-01
3.300000190734863281e+00
1.500000000000000000e+00
3.000000000000000000e+00
2.500000000000000000e+00
2.500000000000000000e+00
4.500000000000000000e+00
6.999999880790710449e-01
2.700000047683715820e+00
1.500000000000000000e+00
3.900000095367431641e+00
0.000000000000000000e+00
6.000000000000000000e+00
0.000000000000000000e+00
3.300000190734863281e+00
1.600000023841857910e+00
3.000000000000000000e+00
3.400000095367431641e+00
6.000000238418579102e-01
4.800000190734863281e+00
9.000000357627868652e-01
1.200000047683715820e+00
3.000000000000000000e+00
3.800000190734863281e+00
2.299999952316284180e+00
6.000000000000000000e+00
1.399999976158142090e+00
0.000000000000000000e+00
1.200000047683715820e+00
0.000000000000000000e+00
0.000000000000000000e+00
0.000000000000000000e+00
0.000000000000000000e+00
0.000000000000000000e+00
0.000000000000000000e+00
0.000000000000000000e+00
0.000000000000000000e+00
0.000000000000000000e+00
0.000000000000000000e+00
0.000000000000000000e+00
0.000000000000000000e+00
0.000000000000000000e+00
0.000000000000000000e+00
0.000000000000000000e+00
0.000000000000000000e+00
0.000000000000000000e+00
0.000000000000000000e+00
0.000000000000000000e+00
0.000000000000000000e+00
0.000000000000000000e+00
0.000000000000000000e+00
0.000000000000000000e+00
0.000000000000000000e+00
0.000000000000000000e+00
0.000000000000000000e+00
0.000000000000000000e+00
0.000000000000000000e+00
0.000000000000000000e+00
0.000000000000000000e+00
0.000000000000000000e+00
0.000000000000000000e+00
0.000000000000000000e+00
0.000000000000000000e+00
0.000000000000000000e+00
0.000000000000000000e+00
7.500000476837158203e+00
0.000000000000000000e+00
0.000000000000000000e+00
0.000000000000000000e+00
0.000000000000000000e+00
0.000000000000000000e+00
6.300000190734863281e+00
0.000000000000000000e+00
0.000000000000000000e+00
5.400000095367431641e+00
0.000000000000000000e+00
3.300000190734863281e+00
1.200000047683715820e+00
4.200000286102294922e+00
2.200000047683715820e+00
2.100000143051147461e+00
1.800000071525573730e+00
3.900000095367431641e+00
6.000000238418579102e-01
3.000000000000000000e+00
1.500000000000000000e+00
4.000000000000000000e+00
1.200000047683715820e+00
3.300000190734863281e+00
2.700000047683715820e+00
2.100000143051147461e+00
1.800000071525573730e+00
3.300000190734863281e+00
1.200000047683715820e+00
4.099999904632568359e+00
3.900000095367431641e+00
3.000000119209289551e-01
3.300000190734863281e+00
1.299999952316284180e+00
6.600000381469726562e+00
1.399999976158142090e+00
3.000000000000000000e+00
3.299999952316284180e+00
1.500000000000000000e+00
3.000000000000000000e+00
2.399999856948852539e+00
5.400000095367431641e+00
3.000000119209289551e-01
3.300000190734863281e+00
2.100000143051147461e+00
2.500000000000000000e+00
2.700000047683715820e+00
6.000000238418579102e-01
5.400000095367431641e+00
6.999999880790710449e-01
4.200000286102294922e+00
1.700000047683715820e+00
3.600000143051147461e+00
9.000000357627868652e-01
2.700000047683715820e+00
4.599999904632568359e+00
3.000000119209289551e-01
3.600000143051147461e+00
3.000000119209289551e-01
4.800000190734863281e+00
1.000000000000000000e+00
5.100000381469726562e+00
1.000000000000000000e+00
3.300000190734863281e+00
9.000000357627868652e-01
3.600000143051147461e+00
1.700000047683715820e+00
3.000000119209289551e-01
4.500000000000000000e+00
1.800000071525573730e+00
3.400000095367431641e+00
2.100000143051147461e+00
2.700000047683715820e+00
2.500000000000000000e+00
1.500000000000000000e+00
2.100000143051147461e+00
4.500000000000000000e+00
0.000000000000000000e+00
2.100000143051147461e+00
4.500000000000000000e+00
0.000000000000000000e+00
3.000000000000000000e+00
1.200000047683715820e+00
6.699999809265136719e+00
3.000000119209289551e-01
0.000000000000000000e+00
2.400000095367431641e+00
4.599999904632568359e+00
6.000000238418579102e-01
3.600000143051147461e+00
2.200000047683715820e+00
4.300000190734863281e+00
0.000000000000000000e+00
4.200000286102294922e+00
2.200000047683715820e+00
4.900000095367431641e+00
6.999999880790710449e-01
6.000000000000000000e+00
6.999999880790710449e-01
1.500000000000000000e+00
4.300000190734863281e+00
2.500000000000000000e+00
2.700000047683715820e+00
2.100000143051147461e+00
3.300000190734863281e+00
2.800000190734863281e+00
2.100000143051147461e+00
3.000000000000000000e+00
1.200000047683715820e+00
2.100000143051147461e+00
2.200000047683715820e+00
0.000000000000000000e+00
4.500000000000000000e+00
1.000000000000000000e+00
6.000000000000000000e+00
3.000000119209289551e-01
2.400000095367431641e+00
2.700000047683715820e+00
6.000000238418579102e-01
0.000000000000000000e+00
0.000000000000000000e+00
0.000000000000000000e+00
0.000000000000000000e+00
0.000000000000000000e+00
0.000000000000000000e+00
0.000000000000000000e+00
0.000000000000000000e+00
0.000000000000000000e+00
0.000000000000000000e+00
0.000000000000000000e+00
0.000000000000000000e+00
0.000000000000000000e+00
0.000000000000000000e+00
0.000000000000000000e+00
0.000000000000000000e+00
0.000000000000000000e+00
0.000000000000000000e+00
0.000000000000000000e+00
0.000000000000000000e+00
0.000000000000000000e+00
0.000000000000000000e+00
0.000000000000000000e+00
0.000000000000000000e+00
0.000000000000000000e+00
0.000000000000000000e+00
0.000000000000000000e+00
0.000000000000000000e+00
0.000000000000000000e+00
0.000000000000000000e+00
0.000000000000000000e+00
0.000000000000000000e+00
0.000000000000000000e+00
0.000000000000000000e+00
0.000000000000000000e+00
0.000000000000000000e+00
0.000000000000000000e+00
0.000000000000000000e+00
0.000000000000000000e+00
0.000000000000000000e+00
0.000000000000000000e+00
0.000000000000000000e+00
0.000000000000000000e+00
0.000000000000000000e+00
0.000000000000000000e+00
0.000000000000000000e+00
0.000000000000000000e+00
0.000000000000000000e+00
0.000000000000000000e+00
0.000000000000000000e+00
0.000000000000000000e+00
0.000000000000000000e+00
0.000000000000000000e+00
0.000000000000000000e+00
0.000000000000000000e+00
0.000000000000000000e+00
0.000000000000000000e+00
0.000000000000000000e+00
0.000000000000000000e+00
0.000000000000000000e+00
0.000000000000000000e+00
0.000000000000000000e+00
0.000000000000000000e+00
0.000000000000000000e+00
0.000000000000000000e+00
0.000000000000000000e+00
0.000000000000000000e+00
0.000000000000000000e+00
0.000000000000000000e+00
0.000000000000000000e+00
0.000000000000000000e+00
0.000000000000000000e+00
0.000000000000000000e+00
0.000000000000000000e+00
0.000000000000000000e+00
0.000000000000000000e+00
0.000000000000000000e+00
0.000000000000000000e+00
0.000000000000000000e+00
0.000000000000000000e+00
0.000000000000000000e+00
0.000000000000000000e+00
0.000000000000000000e+00
0.000000000000000000e+00
0.000000000000000000e+00
0.000000000000000000e+00
0.000000000000000000e+00
0.000000000000000000e+00
0.000000000000000000e+00
0.000000000000000000e+00
0.000000000000000000e+00
0.000000000000000000e+00
0.000000000000000000e+00
0.000000000000000000e+00
0.000000000000000000e+00
0.000000000000000000e+00
0.000000000000000000e+00
0.000000000000000000e+00
0.000000000000000000e+00
0.000000000000000000e+00
0.000000000000000000e+00
0.000000000000000000e+00
0.000000000000000000e+00
0.000000000000000000e+00
0.000000000000000000e+00
0.000000000000000000e+00
0.000000000000000000e+00
0.000000000000000000e+00
0.000000000000000000e+00
0.000000000000000000e+00
0.000000000000000000e+00
0.000000000000000000e+00
0.000000000000000000e+00
0.000000000000000000e+00
0.000000000000000000e+00
0.000000000000000000e+00
0.000000000000000000e+00
0.000000000000000000e+00
0.000000000000000000e+00
0.000000000000000000e+00
0.000000000000000000e+00
0.000000000000000000e+00
0.000000000000000000e+00
0.000000000000000000e+00
0.000000000000000000e+00
0.000000000000000000e+00
0.000000000000000000e+00
0.000000000000000000e+00
0.000000000000000000e+00
0.000000000000000000e+00
0.000000000000000000e+00
0.000000000000000000e+00
0.000000000000000000e+00
0.000000000000000000e+00
0.000000000000000000e+00
0.000000000000000000e+00
0.000000000000000000e+00
0.000000000000000000e+00
0.000000000000000000e+00
0.000000000000000000e+00
0.000000000000000000e+00
0.000000000000000000e+00
0.000000000000000000e+00
0.000000000000000000e+00
0.000000000000000000e+00
0.000000000000000000e+00
0.000000000000000000e+00
0.000000000000000000e+00
0.000000000000000000e+00
0.000000000000000000e+00
0.000000000000000000e+00
0.000000000000000000e+00
0.000000000000000000e+00
0.000000000000000000e+00
0.000000000000000000e+00
0.000000000000000000e+00
0.000000000000000000e+00
0.000000000000000000e+00
0.000000000000000000e+00
0.000000000000000000e+00
0.000000000000000000e+00
0.000000000000000000e+00
0.000000000000000000e+00
0.000000000000000000e+00
0.000000000000000000e+00
0.000000000000000000e+00
0.000000000000000000e+00
0.000000000000000000e+00
0.000000000000000000e+00
0.000000000000000000e+00
0.000000000000000000e+00
0.000000000000000000e+00
0.000000000000000000e+00
0.000000000000000000e+00
0.000000000000000000e+00
0.000000000000000000e+00
0.000000000000000000e+00
0.000000000000000000e+00
0.000000000000000000e+00
0.000000000000000000e+00
0.000000000000000000e+00
0.000000000000000000e+00
0.000000000000000000e+00
0.000000000000000000e+00
0.000000000000000000e+00
0.000000000000000000e+00
0.000000000000000000e+00
0.000000000000000000e+00
0.000000000000000000e+00
0.000000000000000000e+00
0.000000000000000000e+00
0.000000000000000000e+00
0.000000000000000000e+00
0.000000000000000000e+00
0.000000000000000000e+00
0.000000000000000000e+00
0.000000000000000000e+00
0.000000000000000000e+00
0.000000000000000000e+00
0.000000000000000000e+00
0.000000000000000000e+00
0.000000000000000000e+00
0.000000000000000000e+00
0.000000000000000000e+00
0.000000000000000000e+00
0.000000000000000000e+00
0.000000000000000000e+00
0.000000000000000000e+00
0.000000000000000000e+00
