0.000000000000000000e+00
0.000000000000000000e+00
0.000000000000000000e+00
0.000000000000000000e+00
0.000000000000000000e+00
0.000000000000000000e+00
0.000000000000000000e+00
0.000000000000000000e+00
0.000000000000000000e+00
0.000000000000000000e+00
0.000000000000000000e+00
0.000000000000000000e+00
0.000000000000000000e+00
0.000000000000000000e+00
0.000000000000000000e+00
0.000000000000000000e+00
0.000000000000000000e+00
0.000000000000000000e+00
0.000000000000000000e+00
0.000000000000000000e+00
0.000000000000000000e+00
0.000000000000000000e+00
1.110000076293945312e+02
2.800000000000000000e+02
0.000000000000000000e+00
0.000000000000000000e+00
0.000000000000000000e+00
0.000000000000000000e+00
1.047000045776367188e+02
2.800000000000000000e+02
0.000000000000000000e+00
0.000000000000000000e+00
0.000000000000000000e+00
0.000000000000000000e+00
9.450000000000000000e+01
2.800000000000000000e+02
0.000000000000000000e+00
0.000000000000000000e+00
0.000000000000000000e+00
0.000000000000000000e+00
9.450000000000000000e+01
2.771999816894531250e+02
0.000000000000000000e+00
0.000000000000000000e+00
0.000000000000000000e+00
0.000000000000000000e+00
9.450000000000000000e+01
2.778999938964843750e+02
0.000000000000000000e+00
0.000000000000000000e+00
0.000000000000000000e+00
0.000000000000000000e+00
9.450000000000000000e+01
2.765000000000000000e+02
0.000000000000000000e+00
0.000000000000000000e+00
0.000000000000000000e+00
0.000000000000000000e+00
9.450000000000000000e+01
2.751000061035156250e+02
0.000000000000000000e+00
0.000000000000000000e+00
0.000000000000000000e+00
0.000000000000000000e+00
9.450000000000000000e+01
2.757999877929687500e+02
0.000000000000000000e+00
0.000000000000000000e+00
0.000000000000000000e+00
0.000000000000000000e+00
9.450000000000000000e+01
2.722999877929687500e+02
0.000000000000000000e+00
0.000000000000000000e+00
0.000000000000000000e+00
0.000000000000000000e+00
9.450000000000000000e+01
2.708999938964843750e+02
0.000000000000000000e+00
0.000000000000000000e+00
0.000000000000000000e+00
0.000000000000000000e+00
0.000000000000000000e+00
9.450000000000000000e+01
2.673999938964843750e+02
0.000000000000000000e+00
0.000000000000000000e+00
0.000000000000000000e+00
0.000000000000000000e+00
0.000000000000000000e+00
0.000000000000000000e+00
0.000000000000000000e+00
0.000000000000000000e+00
0.000000000000000000e+00
0.000000000000000000e+00
0.000000000000000000e+00
0.000000000000000000e+00
0.000000000000000000e+00
0.000000000000000000e+00
0.000000000000000000e+00
0.000000000000000000e+00
0.000000000000000000e+00
0.000000000000000000e+00
9.450000000000000000e+01
2.568999938964843750e+02
0.000000000000000000e+00
0.000000000000000000e+00
0.000000000000000000e+00
0.000000000000000000e+00
0.000000000000000000e+00
0.000000000000000000e+00
0.000000000000000000e+00
0.000000000000000000e+00
0.000000000000000000e+00
0.000000000000000000e+00
0.000000000000000000e+00
0.000000000000000000e+00
0.000000000000000000e+00
0.000000000000000000e+00
0.000000000000000000e+00
0.000000000000000000e+00
0.000000000000000000e+00
9.450000000000000000e+01
2.582999877929687500e+02
0.000000000000000000e+00
0.000000000000000000e+00
0.000000000000000000e+00
0.000000000000000000e+00
9.450000000000000000e+01
2.295999908447265625e+02
0.000000000000000000e+00
0.000000000000000000e+00
0.000000000000000000e+00
0.000000000000000000e+00
0.000000000000000000e+00
9.450000000000000000e+01
2.456999969482421875e+02
0.000000000000000000e+00
0.000000000000000000e+00
0.000000000000000000e+00
0.000000000000000000e+00
9.450000000000000000e+01
2.176999969482421875e+02
0.000000000000000000e+00
0.000000000000000000e+00
0.000000000000000000e+00
0.000000000000000000e+00
9.450000000000000000e+01
2.303000030517578125e+02
0.000000000000000000e+00
0.000000000000000000e+00
0.000000000000000000e+00
0.000000000000000000e+00
9.450000000000000000e+01
2.043999938964843750e+02
0.000000000000000000e+00
0.000000000000000000e+00
0.000000000000000000e+00
0.000000000000000000e+00
9.450000000000000000e+01
2.205000000000000000e+02
0.000000000000000000e+00
0.000000000000000000e+00
0.000000000000000000e+00
0.000000000000000000e+00
9.450000000000000000e+01
1.861999969482421875e+02
0.000000000000000000e+00
0.000000000000000000e+00
0.000000000000000000e+00
0.000000000000000000e+00
9.450000000000000000e+01
1.855000000000000000e+02
0.000000000000000000e+00
0.000000000000000000e+00
0.000000000000000000e+00
0.000000000000000000e+00
9.450000000000000000e+01
1.603000030517578125e+02
0.000000000000000000e+00
0.000000000000000000e+00
0.000000000000000000e+00
0.000000000000000000e+00
0.000000000000000000e+00
0.000000000000000000e+00
0.000000000000000000e+00
0.000000000000000000e+00
0.000000000000000000e+00
0.000000000000000000e+00
0.000000000000000000e+00
0.000000000000000000e+00
0.000000000000000000e+00
0.000000000000000000e+00
0.000000000000000000e+00
0.000000000000000000e+00
0.000000000000000000e+00
0.000000000000000000e+00
0.000000000000000000e+00
0.000000000000000000e+00
0.000000000000000000e+00
0.000000000000000000e+00
0.000000000000000000e+00
0.000000000000000000e+00
0.000000000000000000e+00
0.000000000000000000e+00
0.000000000000000000e+00
0.000000000000000000e+00
0.000000000000000000e+00
0.000000000000000000e+00
0.000000000000000000e+00
9.450000000000000000e+01
1.490999908447265625e+02
0.000000000000000000e+00
0.000000000000000000e+00
0.000000000000000000e+00
0.000000000000000000e+00
9.450000000000000000e+01
1.400000000000000000e+02
0.000000000000000000e+00
0.000000000000000000e+00
0.000000000000000000e+00
0.000000000000000000e+00
9.450000000000000000e+01
1.358000030517578125e+02
0.000000000000000000e+00
0.000000000000000000e+00
0.000000000000000000e+00
0.000000000000000000e+00
9.450000000000000000e+01
1.358000030517578125e+02
0.000000000000000000e+00
0.000000000000000000e+00
0.000000000000000000e+00
0.000000000000000000e+00
9.450000000000000000e+01
1.406999969482421875e+02
0.000000000000000000e+00
0.000000000000000000e+00
0.000000000000000000e+00
0.000000000000000000e+00
9.450000000000000000e+01
1.365000000000000000e+02
0.000000000000000000e+00
0.000000000000000000e+00
0.000000000000000000e+00
0.000000000000000000e+00
9.450000000000000000e+01
1.308999938964843750e+02
0.000000000000000000e+00
0.000000000000000000e+00
1.800000000000000000e+01
6.020000076293945312e+01
7.020000457763671875e+01
1.826999969482421875e+02
0.000000000000000000e+00
0.000000000000000000e+00
1.800000000000000000e+01
3.709999847412109375e+01
6.030000305175781250e+01
1.826999969482421875e+02
0.000000000000000000e+00
0.000000000000000000e+00
1.800000000000000000e+01
3.920000076293945312e+01
5.490000152587890625e+01
1.638000030517578125e+02
0.000000000000000000e+00
0.000000000000000000e+00
1.800000000000000000e+01
5.250000000000000000e+01
5.100000381469726562e+01
1.441999969482421875e+02
0.000000000000000000e+00
0.000000000000000000e+00
1.800000000000000000e+01
4.620000076293945312e+01
4.740000152587890625e+01
1.483999938964843750e+02
0.000000000000000000e+00
0.000000000000000000e+00
1.800000000000000000e+01
4.200000000000000000e+01
4.410000228881835938e+01
1.225000000000000000e+02
0.000000000000000000e+00
0.000000000000000000e+00
6.600000381469726562e+00
1.150000000000000000e+01
4.690000152587890625e+01
1.455999908447265625e+02
0.000000000000000000e+00
0.000000000000000000e+00
6.600000381469726562e+00
1.639999961853027344e+01
4.500000000000000000e+01
1.266999969482421875e+02
0.000000000000000000e+00
0.000000000000000000e+00
6.600000381469726562e+00
1.539999961853027344e+01
3.930000305175781250e+01
1.147999954223632812e+02
0.000000000000000000e+00
0.000000000000000000e+00
0.000000000000000000e+00
0.000000000000000000e+00
0.000000000000000000e+00
4.500000000000000000e+01
1.323000030517578125e+02
0.000000000000000000e+00
0.000000000000000000e+00
0.000000000000000000e+00
0.000000000000000000e+00
4.500000000000000000e+01
1.225000000000000000e+02
0.000000000000000000e+00
0.000000000000000000e+00
0.000000000000000000e+00
0.000000000000000000e+00
3.840000152587890625e+01
1.042999954223632812e+02
0.000000000000000000e+00
0.000000000000000000e+00
0.000000000000000000e+00
9.000000357627868652e-01
3.970000457763671875e+01
9.240000152587890625e+01
0.000000000000000000e+00
0.000000000000000000e+00
0.000000000000000000e+00
1.200000047683715820e+00
3.629999923706054688e+01
9.029999542236328125e+01
0.000000000000000000e+00
0.000000000000000000e+00
0.000000000000000000e+00
1.200000047683715820e+00
1.399999976158142090e+00
3.360000228881835938e+01
8.959999847412109375e+01
0.000000000000000000e+00
0.000000000000000000e+00
1.200000047683715820e+00
3.500000000000000000e+00
3.390000152587890625e+01
9.309999847412109375e+01
0.000000000000000000e+00
0.000000000000000000e+00
1.200000047683715820e+00
3.099999904632568359e+00
3.490000152587890625e+01
9.450000000000000000e+01
0.000000000000000000e+00
0.000000000000000000e+00
1.200000047683715820e+00
2.699999809265136719e+00
3.659999847412109375e+01
8.540000152587890625e+01
0.000000000000000000e+00
0.000000000000000000e+00
1.200000047683715820e+00
4.099999904632568359e+00
3.460000228881835938e+01
8.679999542236328125e+01
0.000000000000000000e+00
0.000000000000000000e+00
1.200000047683715820e+00
3.400000095367431641e+00
3.600000000000000000e+01
8.190000152587890625e+01
0.000000000000000000e+00
0.000000000000000000e+00
1.500000000000000000e+00
2.000000000000000000e+00
3.460000228881835938e+01
8.609999847412109375e+01
0.000000000000000000e+00
0.000000000000000000e+00
1.500000000000000000e+00
4.799999713897705078e+00
3.400000381469726562e+01
7.769999694824218750e+01
0.000000000000000000e+00
0.000000000000000000e+00
1.500000000000000000e+00
4.199999809265136719e+00
3.360000228881835938e+01
8.119999694824218750e+01
0.000000000000000000e+00
0.000000000000000000e+00
1.500000000000000000e+00
2.399999856948852539e+00
3.570000076293945312e+01
8.190000152587890625e+01
0.000000000000000000e+00
0.000000000000000000e+00
1.500000000000000000e+00
5.200000286102294922e+00
3.360000228881835938e+01
7.909999847412109375e+01
0.000000000000000000e+00
0.000000000000000000e+00
1.500000000000000000e+00
2.399999856948852539e+00
3.500000381469726562e+01
7.279999542236328125e+01
0.000000000000000000e+00
0.000000000000000000e+00
1.500000000000000000e+00
3.099999904632568359e+00
3.120000076293945312e+01
7.559999847412109375e+01
0.000000000000000000e+00
0.000000000000000000e+00
6.000000238418579102e-01
1.900000095367431641e+00
3.490000152587890625e+01
7.140000152587890625e+01
0.000000000000000000e+00
0.000000000000000000e+00
9.000000357627868652e-01
3.799999952316284180e+00
3.210000228881835938e+01
7.769999694824218750e+01
0.000000000000000000e+00
0.000000000000000000e+00
9.000000357627868652e-01
1.700000047683715820e+00
3.350000381469726562e+01
6.370000076293945312e+01
0.000000000000000000e+00
0.000000000000000000e+00
9.000000357627868652e-01
1.700000047683715820e+00
3.210000228881835938e+01
8.050000000000000000e+01
0.000000000000000000e+00
0.000000000000000000e+00
9.000000357627868652e-01
3.099999904632568359e+00
3.350000381469726562e+01
7.490000152587890625e+01
0.000000000000000000e+00
0.000000000000000000e+00
9.000000357627868652e-01
2.399999856948852539e+00
3.210000228881835938e+01
7.000000000000000000e+01
0.000000000000000000e+00
0.000000000000000000e+00
9.000000357627868652e-01
1.700000047683715820e+00
3.380000305175781250e+01
7.069999694824218750e+01
0.000000000000000000e+00
0.000000000000000000e+00
9.000000357627868652e-01
1.700000047683715820e+00
3.310000228881835938e+01
7.979999542236328125e+01
0.000000000000000000e+00
0.000000000000000000e+00
9.000000357627868652e-01
2.399999856948852539e+00
3.230000305175781250e+01
6.229999923706054688e+01
0.000000000000000000e+00
0.000000000000000000e+00
0.000000000000000000e+00
1.200000047683715820e+00
2.099999904632568359e+00
2.610000038146972656e+01
5.809999847412109375e+01
0.000000000000000000e+00
0.000000000000000000e+00
0.000000000000000000e+00
0.000000000000000000e+00
0.000000000000000000e+00
0.000000000000000000e+00
0.000000000000000000e+00
0.000000000000000000e+00
0.000000000000000000e+00
0.000000000000000000e+00
0.000000000000000000e+00
2.730000114440917969e+01
5.179999923706054688e+01
0.000000000000000000e+00
0.000000000000000000e+00
0.000000000000000000e+00
0.000000000000000000e+00
0.000000000000000000e+00
0.000000000000000000e+00
0.000000000000000000e+00
0.000000000000000000e+00
0.000000000000000000e+00
0.000000000000000000e+00
0.000000000000000000e+00
0.000000000000000000e+00
0.000000000000000000e+00
0.000000000000000000e+00
0.000000000000000000e+00
0.000000000000000000e+00
0.000000000000000000e+00
0.000000000000000000e+00
1.074000015258789062e+02
2.617999877929687500e+02
0.000000000000000000e+00
0.000000000000000000e+00
0.000000000000000000e+00
0.000000000000000000e+00
1.074000015258789062e+02
2.520000000000000000e+02
0.000000000000000000e+00
0.000000000000000000e+00
0.000000000000000000e+00
0.000000000000000000e+00
1.074000015258789062e+02
2.533999938964843750e+02
0.000000000000000000e+00
0.000000000000000000e+00
0.000000000000000000e+00
0.000000000000000000e+00
1.011000061035156250e+02
2.253999938964843750e+02
0.000000000000000000e+00
0.000000000000000000e+00
0.000000000000000000e+00
0.000000000000000000e+00
0.000000000000000000e+00
1.011000061035156250e+02
2.443000030517578125e+02
0.000000000000000000e+00
0.000000000000000000e+00
0.000000000000000000e+00
0.000000000000000000e+00
1.011000061035156250e+02
2.155999908447265625e+02
0.000000000000000000e+00
0.000000000000000000e+00
0.000000000000000000e+00
0.000000000000000000e+00
1.011000061035156250e+02
2.358999938964843750e+02
0.000000000000000000e+00
0.000000000000000000e+00
0.000000000000000000e+00
0.000000000000000000e+00
1.011000061035156250e+02
2.015999908447265625e+02
0.000000000000000000e+00
0.000000000000000000e+00
0.000000000000000000e+00
0.000000000000000000e+00
1.011000061035156250e+02
2.260999908447265625e+02
0.000000000000000000e+00
0.000000000000000000e+00
0.000000000000000000e+00
0.000000000000000000e+00
1.011000061035156250e+02
1.868999938964843750e+02
0.000000000000000000e+00
0.000000000000000000e+00
0.000000000000000000e+00
0.000000000000000000e+00
1.011000061035156250e+02
2.141999969482421875e+02
0.000000000000000000e+00
0.000000000000000000e+00
0.000000000000000000e+00
0.000000000000000000e+00
9.450000000000000000e+01
1.505000000000000000e+02
0.000000000000000000e+00
0.000000000000000000e+00
0.000000000000000000e+00
0.000000000000000000e+00
0.000000000000000000e+00
0.000000000000000000e+00
0.000000000000000000e+00
0.000000000000000000e+00
0.000000000000000000e+00
0.000000000000000000e+00
0.000000000000000000e+00
0.000000000000000000e+00
0.000000000000000000e+00
0.000000000000000000e+00
0.000000000000000000e+00
0.000000000000000000e+00
0.000000000000000000e+00
0.000000000000000000e+00
0.000000000000000000e+00
0.000000000000000000e+00
0.000000000000000000e+00
0.000000000000000000e+00
0.000000000000000000e+00
0.000000000000000000e+00
0.000000000000000000e+00
0.000000000000000000e+00
0.000000000000000000e+00
0.000000000000000000e+00
0.000000000000000000e+00
9.450000000000000000e+01
1.966999969482421875e+02
0.000000000000000000e+00
0.000000000000000000e+00
0.000000000000000000e+00
0.000000000000000000e+00
9.450000000000000000e+01
1.476999969482421875e+02
0.000000000000000000e+00
0.000000000000000000e+00
0.000000000000000000e+00
0.000000000000000000e+00
9.450000000000000000e+01
1.903999938964843750e+02
0.000000000000000000e+00
0.000000000000000000e+00
0.000000000000000000e+00
0.000000000000000000e+00
9.450000000000000000e+01
1.371999969482421875e+02
0.000000000000000000e+00
0.000000000000000000e+00
0.000000000000000000e+00
0.000000000000000000e+00
9.450000000000000000e+01
1.855000000000000000e+02
0.000000000000000000e+00
0.000000000000000000e+00
0.000000000000000000e+00
0.000000000000000000e+00
9.450000000000000000e+01
1.343999938964843750e+02
0.000000000000000000e+00
0.000000000000000000e+00
0.000000000000000000e+00
0.000000000000000000e+00
9.450000000000000000e+01
1.770999908447265625e+02
0.000000000000000000e+00
0.000000000000000000e+00
0.000000000000000000e+00
0.000000000000000000e+00
9.450000000000000000e+01
1.266999969482421875e+02
0.000000000000000000e+00
0.000000000000000000e+00
0.000000000000000000e+00
0.000000000000000000e+00
0.000000000000000000e+00
9.450000000000000000e+01
1.785000000000000000e+02
0.000000000000000000e+00
0.000000000000000000e+00
0.000000000000000000e+00
0.000000000000000000e+00
9.450000000000000000e+01
1.169000015258789062e+02
0.000000000000000000e+00
0.000000000000000000e+00
0.000000000000000000e+00
0.000000000000000000e+00
0.000000000000000000e+00
0.000000000000000000e+00
0.000000000000000000e+00
0.000000000000000000e+00
0.000000000000000000e+00
0.000000000000000000e+00
0.000000000000000000e+00
0.000000000000000000e+00
0.000000000000000000e+00
0.000000000000000000e+00
0.000000000000000000e+00
0.000000000000000000e+00
0.000000000000000000e+00
0.000000000000000000e+00
0.000000000000000000e+00
0.000000000000000000e+00
0.000000000000000000e+00
0.000000000000000000e+00
0.000000000000000000e+00
0.000000000000000000e+00
0.000000000000000000e+00
0.000000000000000000e+00
0.000000000000000000e+00
0.000000000000000000e+00
0.000000000000000000e+00
0.000000000000000000e+00
0.000000000000000000e+00
0.000000000000000000e+00
0.000000000000000000e+00
0.000000000000000000e+00
0.000000000000000000e+00
0.000000000000000000e+00
0.000000000000000000e+00
9.450000000000000000e+01
1.638000030517578125e+02
0.000000000000000000e+00
0.000000000000000000e+00
0.000000000000000000e+00
0.000000000000000000e+00
9.450000000000000000e+01
1.210999984741210938e+02
0.000000000000000000e+00
0.000000000000000000e+00
0.000000000000000000e+00
0.000000000000000000e+00
9.450000000000000000e+01
1.610000000000000000e+02
0.000000000000000000e+00
0.000000000000000000e+00
0.000000000000000000e+00
0.000000000000000000e+00
9.450000000000000000e+01
1.169000015258789062e+02
0.000000000000000000e+00
0.000000000000000000e+00
0.000000000000000000e+00
0.000000000000000000e+00
9.450000000000000000e+01
1.616999969482421875e+02
0.000000000000000000e+00
0.000000000000000000e+00
0.000000000000000000e+00
0.000000000000000000e+00
9.450000000000000000e+01
1.126999969482421875e+02
0.000000000000000000e+00
0.000000000000000000e+00
0.000000000000000000e+00
0.000000000000000000e+00
9.450000000000000000e+01
1.581999969482421875e+02
0.000000000000000000e+00
0.000000000000000000e+00
0.000000000000000000e+00
0.000000000000000000e+00
9.450000000000000000e+01
1.099000015258789062e+02
0.000000000000000000e+00
0.000000000000000000e+00
0.000000000000000000e+00
0.000000000000000000e+00
9.450000000000000000e+01
1.588999938964843750e+02
0.000000000000000000e+00
0.000000000000000000e+00
0.000000000000000000e+00
0.000000000000000000e+00
1.125000076293945312e+02
1.540000000000000000e+02
0.000000000000000000e+00
0.000000000000000000e+00
0.000000000000000000e+00
0.000000000000000000e+00
1.011000061035156250e+02
1.336999969482421875e+02
0.000000000000000000e+00
0.000000000000000000e+00
0.000000000000000000e+00
0.000000000000000000e+00
0.000000000000000000e+00
0.000000000000000000e+00
0.000000000000000000e+00
0.000000000000000000e+00
0.000000000000000000e+00
0.000000000000000000e+00
0.000000000000000000e+00
0.000000000000000000e+00
0.000000000000000000e+00
0.000000000000000000e+00
0.000000000000000000e+00
0.000000000000000000e+00
0.000000000000000000e+00
0.000000000000000000e+00
0.000000000000000000e+00
0.000000000000000000e+00
0.000000000000000000e+00
0.000000000000000000e+00
0.000000000000000000e+00
0.000000000000000000e+00
0.000000000000000000e+00
0.000000000000000000e+00
0.000000000000000000e+00
0.000000000000000000e+00
0.000000000000000000e+00
0.000000000000000000e+00
0.000000000000000000e+00
0.000000000000000000e+00
0.000000000000000000e+00
0.000000000000000000e+00
9.450000000000000000e+01
1.245999984741210938e+02
0.000000000000000000e+00
0.000000000000000000e+00
0.000000000000000000e+00
0.000000000000000000e+00
9.450000000000000000e+01
1.441999969482421875e+02
0.000000000000000000e+00
0.000000000000000000e+00
0.000000000000000000e+00
0.000000000000000000e+00
9.450000000000000000e+01
1.245999984741210938e+02
0.000000000000000000e+00
0.000000000000000000e+00
0.000000000000000000e+00
0.000000000000000000e+00
9.450000000000000000e+01
1.393000030517578125e+02
0.000000000000000000e+00
0.000000000000000000e+00
0.000000000000000000e+00
0.000000000000000000e+00
9.450000000000000000e+01
1.301999969482421875e+02
0.000000000000000000e+00
0.000000000000000000e+00
0.000000000000000000e+00
0.000000000000000000e+00
9.450000000000000000e+01
1.343999938964843750e+02
0.000000000000000000e+00
0.000000000000000000e+00
0.000000000000000000e+00
0.000000000000000000e+00
9.450000000000000000e+01
1.288000030517578125e+02
0.000000000000000000e+00
0.000000000000000000e+00
0.000000000000000000e+00
0.000000000000000000e+00
9.450000000000000000e+01
1.420999908447265625e+02
0.000000000000000000e+00
0.000000000000000000e+00
0.000000000000000000e+00
0.000000000000000000e+00
9.450000000000000000e+01
1.217999954223632812e+02
0.000000000000000000e+00
0.000000000000000000e+00
0.000000000000000000e+00
0.000000000000000000e+00
9.450000000000000000e+01
1.365000000000000000e+02
0.000000000000000000e+00
0.000000000000000000e+00
0.000000000000000000e+00
0.000000000000000000e+00
0.000000000000000000e+00
9.450000000000000000e+01
1.350999908447265625e+02
0.000000000000000000e+00
0.000000000000000000e+00
0.000000000000000000e+00
0.000000000000000000e+00
0.000000000000000000e+00
0.000000000000000000e+00
0.000000000000000000e+00
0.000000000000000000e+00
0.000000000000000000e+00
0.000000000000000000e+00
0.000000000000000000e+00
0.000000000000000000e+00
0.000000000000000000e+00
0.000000000000000000e+00
0.000000000000000000e+00
0.000000000000000000e+00
0.000000000000000000e+00
0.000000000000000000e+00
0.000000000000000000e+00
0.000000000000000000e+00
0.000000000000000000e+00
0.000000000000000000e+00
0.000000000000000000e+00
0.000000000000000000e+00
0.000000000000000000e+00
0.000000000000000000e+00
0.000000000000000000e+00
0.000000000000000000e+00
0.000000000000000000e+00
0.000000000000000000e+00
0.000000000000000000e+00
0.000000000000000000e+00
0.000000000000000000e+00
0.000000000000000000e+00
9.450000000000000000e+01
1.175999984741210938e+02
0.000000000000000000e+00
0.000000000000000000e+00
0.000000000000000000e+00
0.000000000000000000e+00
9.450000000000000000e+01
1.400000000000000000e+02
0.000000000000000000e+00
0.000000000000000000e+00
0.000000000000000000e+00
0.000000000000000000e+00
9.450000000000000000e+01
1.301999969482421875e+02
0.000000000000000000e+00
0.000000000000000000e+00
0.000000000000000000e+00
0.000000000000000000e+00
9.450000000000000000e+01
1.288000030517578125e+02
0.000000000000000000e+00
0.000000000000000000e+00
0.000000000000000000e+00
0.000000000000000000e+00
9.450000000000000000e+01
1.308999938964843750e+02
0.000000000000000000e+00
0.000000000000000000e+00
0.000000000000000000e+00
0.000000000000000000e+00
9.450000000000000000e+01
1.343999938964843750e+02
0.000000000000000000e+00
0.000000000000000000e+00
0.000000000000000000e+00
0.000000000000000000e+00
9.450000000000000000e+01
1.217999954223632812e+02
0.000000000000000000e+00
0.000000000000000000e+00
0.000000000000000000e+00
0.000000000000000000e+00
9.450000000000000000e+01
1.371999969482421875e+02
0.000000000000000000e+00
0.000000000000000000e+00
0.000000000000000000e+00
0.000000000000000000e+00
9.450000000000000000e+01
1.308999938964843750e+02
0.000000000000000000e+00
0.000000000000000000e+00
0.000000000000000000e+00
0.000000000000000000e+00
9.450000000000000000e+01
1.196999969482421875e+02
0.000000000000000000e+00
0.000000000000000000e+00
0.000000000000000000e+00
0.000000000000000000e+00
9.450000000000000000e+01
1.378999938964843750e+02
0.000000000000000000e+00
0.000000000000000000e+00
0.000000000000000000e+00
0.000000000000000000e+00
9.450000000000000000e+01
1.274000015258789062e+02
0.000000000000000000e+00
0.000000000000000000e+00
0.000000000000000000e+00
0.000000000000000000e+00
9.450000000000000000e+01
1.239000015258789062e+02
0.000000000000000000e+00
0.000000000000000000e+00
0.000000000000000000e+00
0.000000000000000000e+00
9.450000000000000000e+01
1.274000015258789062e+02
0.000000000000000000e+00
0.000000000000000000e+00
0.000000000000000000e+00
0.000000000000000000e+00
9.450000000000000000e+01
1.350999908447265625e+02
0.000000000000000000e+00
0.000000000000000000e+00
0.000000000000000000e+00
0.000000000000000000e+00
9.450000000000000000e+01
1.175999984741210938e+02
0.000000000000000000e+00
0.000000000000000000e+00
0.000000000000000000e+00
0.000000000000000000e+00
9.450000000000000000e+01
1.350999908447265625e+02
0.000000000000000000e+00
0.000000000000000000e+00
0.000000000000000000e+00
0.000000000000000000e+00
9.450000000000000000e+01
1.245999984741210938e+02
0.000000000000000000e+00
0.000000000000000000e+00
0.000000000000000000e+00
0.000000000000000000e+00
9.450000000000000000e+01
1.252999954223632812e+02
0.000000000000000000e+00
1.800000000000000000e+01
2.519999885559082031e+01
0.000000000000000000e+00
9.450000000000000000e+01
1.245999984741210938e+02
0.000000000000000000e+00
1.800000000000000000e+01
2.099999904632568359e+00
0.000000000000000000e+00
9.450000000000000000e+01
1.231999969482421875e+02
0.000000000000000000e+00
1.800000000000000000e+01
1.960000038146972656e+01
0.000000000000000000e+00
9.450000000000000000e+01
1.280999908447265625e+02
0.000000000000000000e+00
1.800000000000000000e+01
2.099999904632568359e+00
0.000000000000000000e+00
9.450000000000000000e+01
1.260000000000000000e+02
0.000000000000000000e+00
1.800000000000000000e+01
1.960000038146972656e+01
0.000000000000000000e+00
9.450000000000000000e+01
1.274000015258789062e+02
0.000000000000000000e+00
1.800000000000000000e+01
1.399999976158142090e+00
0.000000000000000000e+00
9.450000000000000000e+01
1.231999969482421875e+02
0.000000000000000000e+00
1.800000000000000000e+01
2.169999885559082031e+01
0.000000000000000000e+00
9.450000000000000000e+01
1.274000015258789062e+02
0.000000000000000000e+00
1.800000000000000000e+01
1.399999976158142090e+00
0.000000000000000000e+00
9.450000000000000000e+01
1.225000000000000000e+02
0.000000000000000000e+00
6.600000381469726562e+00
9.399999618530273438e+00
5.500000000000000000e+00
3.140000152587890625e+01
1.679999923706054688e+01
0.000000000000000000e+00
6.600000381469726562e+00
5.200000286102294922e+00
5.100000381469726562e+00
1.850000000000000000e+01
6.899999618530273438e+00
3.700000047683715820e+00
1.120000076293945312e+01
7.699999809265136719e+00
4.800000190734863281e+00
1.760000038146972656e+01
1.400000000000000000e+01
3.900000095367431641e+00
9.699999809265136719e+00
5.600000381469726562e+00
7.900000572204589844e+00
1.139999961853027344e+01
1.269999980926513672e+01
1.230000019073486328e+01
5.900000095367431641e+00
7.200000286102294922e+00
8.599999427795410156e+00
1.160000038146972656e+01
9.800000190734863281e+00
4.500000000000000000e+00
8.300000190734863281e+00
9.400000572204589844e+00
9.099999427795410156e+00
1.440000057220458984e+01
1.960000038146972656e+01
4.200000286102294922e+00
8.300000190734863281e+00
6.899999618530273438e+00
8.800000190734863281e+00
1.419999980926513672e+01
1.569999980926513672e+01
6.100000381469726562e+00
1.030000019073486328e+01
7.500000000000000000e+00
9.199999809265136719e+00
1.069999980926513672e+01
9.100000381469726562e+00
1.150000000000000000e+01
1.150000000000000000e+01
8.399999618530273438e+00
9.600000381469726562e+00
1.189999961853027344e+01
7.500000476837158203e+00
1.010000038146972656e+01
1.170000076293945312e+01
1.400000000000000000e+01
9.300000190734863281e+00
9.800000190734863281e+00
7.500000476837158203e+00
8.699999809265136719e+00
1.200000000000000000e+01
7.699999809265136719e+00
8.700000762939453125e+00
1.400000000000000000e+01
8.400000572204589844e+00
1.119999980926513672e+01
1.170000076293945312e+01
1.889999961853027344e+01
8.100000381469726562e+00
6.299999713897705078e+00
1.020000076293945312e+01
1.189999961853027344e+01
1.200000000000000000e+01
1.960000038146972656e+01
8.100000381469726562e+00
1.430000019073486328e+01
1.090000057220458984e+01
1.189999961853027344e+01
1.200000000000000000e+01
1.119999980926513672e+01
8.100000381469726562e+00
1.219999980926513672e+01
1.030000019073486328e+01
8.399999618530273438e+00
1.260000038146972656e+01
1.469999980926513672e+01
4.200000286102294922e+00
7.600000381469726562e+00
1.210000038146972656e+01
7.699999809265136719e+00
6.600000381469726562e+00
7.900000095367431641e+00
2.599999904632568359e+00
9.600000381469726562e+00
8.399999618530273438e+00
9.000000357627868652e-01
6.999999880790710449e-01
0.000000000000000000e+00
0.000000000000000000e+00
0.000000000000000000e+00
0.000000000000000000e+00
0.000000000000000000e+00
0.000000000000000000e+00
0.000000000000000000e+00
0.000000000000000000e+00
0.000000000000000000e+00
0.000000000000000000e+00
0.000000000000000000e+00
0.000000000000000000e+00
0.000000000000000000e+00
0.000000000000000000e+00
0.000000000000000000e+00
0.000000000000000000e+00
0.000000000000000000e+00
0.000000000000000000e+00
0.000000000000000000e+00
0.000000000000000000e+00
0.000000000000000000e+00
0.000000000000000000e+00
0.000000000000000000e+00
0.000000000000000000e+00
0.000000000000000000e+00
0.000000000000000000e+00
0.000000000000000000e+00
0.000000000000000000e+00
0.000000000000000000e+00
0.000000000000000000e+00
0.000000000000000000e+00
0.000000000000000000e+00
0.000000000000000000e+00
0.000000000000000000e+00
0.000000000000000000e+00
2.340000152587890625e+01
8.399999618530273438e+00
0.000000000000000000e+00
0.000000000000000000e+00
0.000000000000000000e+00
0.000000000000000000e+00
2.400000000000000000e+01
2.379999923706054688e+01
0.000000000000000000e+00
0.000000000000000000e+00
0.000000000000000000e+00
0.000000000000000000e+00
2.460000038146972656e+01
3.779999923706054688e+01
0.000000000000000000e+00
0.000000000000000000e+00
6.000000238418579102e-01
1.700000047683715820e+00
2.660000038146972656e+01
2.869999885559082031e+01
0.000000000000000000e+00
0.000000000000000000e+00
9.000000357627868652e-01
3.200000047683715820e+00
2.750000000000000000e+01
2.310000038146972656e+01
0.000000000000000000e+00
0.000000000000000000e+00
1.200000047683715820e+00
2.800000190734863281e+00
2.889999961853027344e+01
4.270000076293945312e+01
0.000000000000000000e+00
0.000000000000000000e+00
1.200000047683715820e+00
2.100000143051147461e+00
2.880000114440917969e+01
2.589999961853027344e+01
0.000000000000000000e+00
0.000000000000000000e+00
1.200000047683715820e+00
5.199999809265136719e+00
3.020000076293945312e+01
3.570000076293945312e+01
0.000000000000000000e+00
0.000000000000000000e+00
1.200000047683715820e+00
4.199999809265136719e+00
2.870000076293945312e+01
3.429999923706054688e+01
0.000000000000000000e+00
0.000000000000000000e+00
1.200000047683715820e+00
2.800000190734863281e+00
2.520000076293945312e+01
2.939999961853027344e+01
0.000000000000000000e+00
0.000000000000000000e+00
0.000000000000000000e+00
0.000000000000000000e+00
0.000000000000000000e+00
0.000000000000000000e+00
0.000000000000000000e+00
0.000000000000000000e+00
0.000000000000000000e+00
0.000000000000000000e+00
0.000000000000000000e+00
0.000000000000000000e+00
0.000000000000000000e+00
0.000000000000000000e+00
0.000000000000000000e+00
0.000000000000000000e+00
0.000000000000000000e+00
0.000000000000000000e+00
0.000000000000000000e+00
0.000000000000000000e+00
0.000000000000000000e+00
0.000000000000000000e+00
0.000000000000000000e+00
0.000000000000000000e+00
0.000000000000000000e+00
0.000000000000000000e+00
0.000000000000000000e+00
0.000000000000000000e+00
0.000000000000000000e+00
0.000000000000000000e+00
0.000000000000000000e+00
0.000000000000000000e+00
0.000000000000000000e+00
0.000000000000000000e+00
0.000000000000000000e+00
0.000000000000000000e+00
0.000000000000000000e+00
0.000000000000000000e+00
0.000000000000000000e+00
0.000000000000000000e+00
0.000000000000000000e+00
0.000000000000000000e+00
0.000000000000000000e+00
1.110000076293945312e+02
8.190000152587890625e+01
0.000000000000000000e+00
0.000000000000000000e+00
0.000000000000000000e+00
0.000000000000000000e+00
0.000000000000000000e+00
1.047000045776367188e+02
1.820000000000000000e+02
0.000000000000000000e+00
0.000000000000000000e+00
0.000000000000000000e+00
0.000000000000000000e+00
0.000000000000000000e+00
1.047000045776367188e+02
7.979999542236328125e+01
0.000000000000000000e+00
0.000000000000000000e+00
0.000000000000000000e+00
0.000000000000000000e+00
9.450000000000000000e+01
1.603000030517578125e+02
0.000000000000000000e+00
0.000000000000000000e+00
0.000000000000000000e+00
0.000000000000000000e+00
9.450000000000000000e+01
8.679999542236328125e+01
0.000000000000000000e+00
0.000000000000000000e+00
0.000000000000000000e+00
0.000000000000000000e+00
9.450000000000000000e+01
1.470000000000000000e+02
0.000000000000000000e+00
0.000000000000000000e+00
0.000000000000000000e+00
0.000000000000000000e+00
9.450000000000000000e+01
8.819999694824218750e+01
0.000000000000000000e+00
0.000000000000000000e+00
0.000000000000000000e+00
0.000000000000000000e+00
9.450000000000000000e+01
1.560999908447265625e+02
0.000000000000000000e+00
0.000000000000000000e+00
0.000000000000000000e+00
0.000000000000000000e+00
0.000000000000000000e+00
0.000000000000000000e+00
9.450000000000000000e+01
7.840000152587890625e+01
0.000000000000000000e+00
0.000000000000000000e+00
0.000000000000000000e+00
0.000000000000000000e+00
0.000000000000000000e+00
0.000000000000000000e+00
0.000000000000000000e+00
0.000000000000000000e+00
0.000000000000000000e+00
0.000000000000000000e+00
0.000000000000000000e+00
0.000000000000000000e+00
0.000000000000000000e+00
0.000000000000000000e+00
0.000000000000000000e+00
0.000000000000000000e+00
0.000000000000000000e+00
0.000000000000000000e+00
0.000000000000000000e+00
0.000000000000000000e+00
0.000000000000000000e+00
0.000000000000000000e+00
0.000000000000000000e+00
0.000000000000000000e+00
0.000000000000000000e+00
0.000000000000000000e+00
0.000000000000000000e+00
0.000000000000000000e+00
0.000000000000000000e+00
0.000000000000000000e+00
0.000000000000000000e+00
0.000000000000000000e+00
0.000000000000000000e+00
0.000000000000000000e+00
0.000000000000000000e+00
0.000000000000000000e+00
0.000000000000000000e+00
0.000000000000000000e+00
0.000000000000000000e+00
9.450000000000000000e+01
9.519999694824218750e+01
0.000000000000000000e+00
0.000000000000000000e+00
0.000000000000000000e+00
0.000000000000000000e+00
9.450000000000000000e+01
1.448999938964843750e+02
0.000000000000000000e+00
0.000000000000000000e+00
0.000000000000000000e+00
0.000000000000000000e+00
9.450000000000000000e+01
9.590000152587890625e+01
0.000000000000000000e+00
0.000000000000000000e+00
0.000000000000000000e+00
0.000000000000000000e+00
9.450000000000000000e+01
1.217999954223632812e+02
0.000000000000000000e+00
0.000000000000000000e+00
0.000000000000000000e+00
0.000000000000000000e+00
9.450000000000000000e+01
1.204000015258789062e+02
0.000000000000000000e+00
0.000000000000000000e+00
0.000000000000000000e+00
0.000000000000000000e+00
9.450000000000000000e+01
1.161999969482421875e+02
0.000000000000000000e+00
0.000000000000000000e+00
0.000000000000000000e+00
0.000000000000000000e+00
9.450000000000000000e+01
1.042999954223632812e+02
0.000000000000000000e+00
0.000000000000000000e+00
0.000000000000000000e+00
0.000000000000000000e+00
9.450000000000000000e+01
1.301999969482421875e+02
0.000000000000000000e+00
0.000000000000000000e+00
0.000000000000000000e+00
0.000000000000000000e+00
9.450000000000000000e+01
1.000999984741210938e+02
0.000000000000000000e+00
0.000000000000000000e+00
0.000000000000000000e+00
0.000000000000000000e+00
0.000000000000000000e+00
9.450000000000000000e+01
1.175999984741210938e+02
0.000000000000000000e+00
0.000000000000000000e+00
0.000000000000000000e+00
0.000000000000000000e+00
0.000000000000000000e+00
0.000000000000000000e+00
0.000000000000000000e+00
0.000000000000000000e+00
0.000000000000000000e+00
0.000000000000000000e+00
0.000000000000000000e+00
0.000000000000000000e+00
0.000000000000000000e+00
0.000000000000000000e+00
0.000000000000000000e+00
0.000000000000000000e+00
0.000000000000000000e+00
0.000000000000000000e+00
0.000000000000000000e+00
0.000000000000000000e+00
0.000000000000000000e+00
0.000000000000000000e+00
0.000000000000000000e+00
0.000000000000000000e+00
0.000000000000000000e+00
0.000000000000000000e+00
0.000000000000000000e+00
0.000000000000000000e+00
0.000000000000000000e+00
0.000000000000000000e+00
0.000000000000000000e+00
0.000000000000000000e+00
0.000000000000000000e+00
0.000000000000000000e+00
0.000000000000000000e+00
0.000000000000000000e+00
0.000000000000000000e+00
0.000000000000000000e+00
0.000000000000000000e+00
0.000000000000000000e+00
0.000000000000000000e+00
0.000000000000000000e+00
0.000000000000000000e+00
0.000000000000000000e+00
0.000000000000000000e+00
9.450000000000000000e+01
4.689999771118164062e+01
0.000000000000000000e+00
0.000000000000000000e+00
0.000000000000000000e+00
0.000000000000000000e+00
9.450000000000000000e+01
1.686999969482421875e+02
0.000000000000000000e+00
0.000000000000000000e+00
0.000000000000000000e+00
0.000000000000000000e+00
9.450000000000000000e+01
6.790000152587890625e+01
0.000000000000000000e+00
0.000000000000000000e+00
0.000000000000000000e+00
0.000000000000000000e+00
9.450000000000000000e+01
1.505000000000000000e+02
0.000000000000000000e+00
0.000000000000000000e+00
0.000000000000000000e+00
0.000000000000000000e+00
9.450000000000000000e+01
7.419999694824218750e+01
1.680000114440917969e+01
2.729999923706054688e+01
0.000000000000000000e+00
3.000000119209289551e-01
9.210000610351562500e+01
1.441999969482421875e+02
9.000000000000000000e+00
7.000000000000000000e+00
3.000000119209289551e-01
9.000000357627868652e-01
8.760000610351562500e+01
4.550000000000000000e+01
5.400000095367431641e+00
6.299999713897705078e+00
1.200000047683715820e+00
1.700000047683715820e+00
8.530000305175781250e+01
1.190000000000000000e+02
4.800000190734863281e+00
4.500000000000000000e+00
2.299999952316284180e+00
3.400000095367431641e+00
8.120000457763671875e+01
8.679999542236328125e+01
3.000000000000000000e+00
6.999999880790710449e-01
3.000000119209289551e-01
0.000000000000000000e+00
0.000000000000000000e+00
0.000000000000000000e+00
0.000000000000000000e+00
0.000000000000000000e+00
0.000000000000000000e+00
0.000000000000000000e+00
0.000000000000000000e+00
0.000000000000000000e+00
0.000000000000000000e+00
0.000000000000000000e+00
0.000000000000000000e+00
0.000000000000000000e+00
0.000000000000000000e+00
0.000000000000000000e+00
0.000000000000000000e+00
0.000000000000000000e+00
0.000000000000000000e+00
0.000000000000000000e+00
0.000000000000000000e+00
0.000000000000000000e+00
0.000000000000000000e+00
0.000000000000000000e+00
0.000000000000000000e+00
0.000000000000000000e+00
0.000000000000000000e+00
0.000000000000000000e+00
0.000000000000000000e+00
0.000000000000000000e+00
0.000000000000000000e+00
0.000000000000000000e+00
0.000000000000000000e+00
0.000000000000000000e+00
8.160000610351562500e+01
2.800000000000000000e+01
0.000000000000000000e+00
0.000000000000000000e+00
0.000000000000000000e+00
0.000000000000000000e+00
8.070000457763671875e+01
1.210999984741210938e+02
0.000000000000000000e+00
0.000000000000000000e+00
0.000000000000000000e+00
0.000000000000000000e+00
8.070000457763671875e+01
8.890000152587890625e+01
0.000000000000000000e+00
0.000000000000000000e+00
0.000000000000000000e+00
0.000000000000000000e+00
8.070000457763671875e+01
8.119999694824218750e+01
0.000000000000000000e+00
0.000000000000000000e+00
0.000000000000000000e+00
0.000000000000000000e+00
8.070000457763671875e+01
7.559999847412109375e+01
0.000000000000000000e+00
0.000000000000000000e+00
0.000000000000000000e+00
0.000000000000000000e+00
8.070000457763671875e+01
1.126999969482421875e+02
0.000000000000000000e+00
0.000000000000000000e+00
0.000000000000000000e+00
0.000000000000000000e+00
8.070000457763671875e+01
5.670000076293945312e+01
0.000000000000000000e+00
0.000000000000000000e+00
0.000000000000000000e+00
0.000000000000000000e+00
8.070000457763671875e+01
1.134000015258789062e+02
0.000000000000000000e+00
0.000000000000000000e+00
0.000000000000000000e+00
0.000000000000000000e+00
8.070000457763671875e+01
7.769999694824218750e+01
0.000000000000000000e+00
0.000000000000000000e+00
0.000000000000000000e+00
0.000000000000000000e+00
8.070000457763671875e+01
7.419999694824218750e+01
0.000000000000000000e+00
0.000000000000000000e+00
0.000000000000000000e+00
0.000000000000000000e+00
8.070000457763671875e+01
8.959999847412109375e+01
0.000000000000000000e+00
0.000000000000000000e+00
0.000000000000000000e+00
0.000000000000000000e+00
8.070000457763671875e+01
1.099000015258789062e+02
0.000000000000000000e+00
0.000000000000000000e+00
0.000000000000000000e+00
0.000000000000000000e+00
7.920000457763671875e+01
4.059999847412109375e+01
0.000000000000000000e+00
0.000000000000000000e+00
0.000000000000000000e+00
0.000000000000000000e+00
0.000000000000000000e+00
7.920000457763671875e+01
9.869999694824218750e+01
0.000000000000000000e+00
0.000000000000000000e+00
0.000000000000000000e+00
0.000000000000000000e+00
0.000000000000000000e+00
0.000000000000000000e+00
7.920000457763671875e+01
9.800000000000000000e+01
0.000000000000000000e+00
0.000000000000000000e+00
0.000000000000000000e+00
0.000000000000000000e+00
7.920000457763671875e+01
6.229999923706054688e+01
0.000000000000000000e+00
0.000000000000000000e+00
0.000000000000000000e+00
0.000000000000000000e+00
7.920000457763671875e+01
7.559999847412109375e+01
0.000000000000000000e+00
0.000000000000000000e+00
0.000000000000000000e+00
0.000000000000000000e+00
7.920000457763671875e+01
9.940000152587890625e+01
0.000000000000000000e+00
0.000000000000000000e+00
0.000000000000000000e+00
0.000000000000000000e+00
7.920000457763671875e+01
5.739999771118164062e+01
0.000000000000000000e+00
0.000000000000000000e+00
0.000000000000000000e+00
0.000000000000000000e+00
7.920000457763671875e+01
9.379999542236328125e+01
0.000000000000000000e+00
0.000000000000000000e+00
0.000000000000000000e+00
0.000000000000000000e+00
7.920000457763671875e+01
8.119999694824218750e+01
0.000000000000000000e+00
0.000000000000000000e+00
0.000000000000000000e+00
0.000000000000000000e+00
7.920000457763671875e+01
6.300000000000000000e+01
0.000000000000000000e+00
0.000000000000000000e+00
0.000000000000000000e+00
0.000000000000000000e+00
7.920000457763671875e+01
8.750000000000000000e+01
0.000000000000000000e+00
0.000000000000000000e+00
0.000000000000000000e+00
0.000000000000000000e+00
7.920000457763671875e+01
9.729999542236328125e+01
0.000000000000000000e+00
0.000000000000000000e+00
0.000000000000000000e+00
0.000000000000000000e+00
7.920000457763671875e+01
4.900000000000000000e+01
0.000000000000000000e+00
0.000000000000000000e+00
0.000000000000000000e+00
0.000000000000000000e+00
7.920000457763671875e+01
8.050000000000000000e+01
0.000000000000000000e+00
0.000000000000000000e+00
0.000000000000000000e+00
0.000000000000000000e+00
7.920000457763671875e+01
9.940000152587890625e+01
0.000000000000000000e+00
0.000000000000000000e+00
0.000000000000000000e+00
0.000000000000000000e+00
7.920000457763671875e+01
6.300000000000000000e+01
0.000000000000000000e+00
0.000000000000000000e+00
0.000000000000000000e+00
0.000000000000000000e+00
7.920000457763671875e+01
7.209999847412109375e+01
0.000000000000000000e+00
0.000000000000000000e+00
0.000000000000000000e+00
0.000000000000000000e+00
7.920000457763671875e+01
9.729999542236328125e+01
0.000000000000000000e+00
0.000000000000000000e+00
0.000000000000000000e+00
0.000000000000000000e+00
7.920000457763671875e+01
5.600000000000000000e+01
0.000000000000000000e+00
0.000000000000000000e+00
0.000000000000000000e+00
0.000000000000000000e+00
7.920000457763671875e+01
8.329999542236328125e+01
0.000000000000000000e+00
0.000000000000000000e+00
0.000000000000000000e+00
0.000000000000000000e+00
7.920000457763671875e+01
8.540000152587890625e+01
0.000000000000000000e+00
0.000000000000000000e+00
0.000000000000000000e+00
0.000000000000000000e+00
7.920000457763671875e+01
6.089999771118164062e+01
0.000000000000000000e+00
0.000000000000000000e+00
0.000000000000000000e+00
0.000000000000000000e+00
7.920000457763671875e+01
8.819999694824218750e+01
0.000000000000000000e+00
0.000000000000000000e+00
0.000000000000000000e+00
0.000000000000000000e+00
7.920000457763671875e+01
8.609999847412109375e+01
0.000000000000000000e+00
0.000000000000000000e+00
0.000000000000000000e+00
0.000000000000000000e+00
7.920000457763671875e+01
5.109999847412109375e+01
0.000000000000000000e+00
0.000000000000000000e+00
0.000000000000000000e+00
0.000000000000000000e+00
7.920000457763671875e+01
8.190000152587890625e+01
0.000000000000000000e+00
0.000000000000000000e+00
0.000000000000000000e+00
0.000000000000000000e+00
7.920000457763671875e+01
9.869999694824218750e+01
0.000000000000000000e+00
0.000000000000000000e+00
0.000000000000000000e+00
0.000000000000000000e+00
7.920000457763671875e+01
5.950000000000000000e+01
0.000000000000000000e+00
0.000000000000000000e+00
0.000000000000000000e+00
0.000000000000000000e+00
7.920000457763671875e+01
6.719999694824218750e+01
0.000000000000000000e+00
0.000000000000000000e+00
0.000000000000000000e+00
0.000000000000000000e+00
7.920000457763671875e+01
8.959999847412109375e+01
0.000000000000000000e+00
0.000000000000000000e+00
0.000000000000000000e+00
0.000000000000000000e+00
0.000000000000000000e+00
0.000000000000000000e+00
0.000000000000000000e+00
0.000000000000000000e+00
0.000000000000000000e+00
0.000000000000000000e+00
0.000000000000000000e+00
0.000000000000000000e+00
0.000000000000000000e+00
0.000000000000000000e+00
0.000000000000000000e+00
0.000000000000000000e+00
0.000000000000000000e+00
0.000000000000000000e+00
0.000000000000000000e+00
0.000000000000000000e+00
0.000000000000000000e+00
0.000000000000000000e+00
0.000000000000000000e+00
0.000000000000000000e+00
0.000000000000000000e+00
0.000000000000000000e+00
0.000000000000000000e+00
0.000000000000000000e+00
0.000000000000000000e+00
0.000000000000000000e+00
0.000000000000000000e+00
0.000000000000000000e+00
0.000000000000000000e+00
0.000000000000000000e+00
0.000000000000000000e+00
0.000000000000000000e+00
0.000000000000000000e+00
0.000000000000000000e+00
0.000000000000000000e+00
0.000000000000000000e+00
0.000000000000000000e+00
7.920000457763671875e+01
3.079999923706054688e+01
0.000000000000000000e+00
0.000000000000000000e+00
0.000000000000000000e+00
0.000000000000000000e+00
7.920000457763671875e+01
9.169999694824218750e+01
0.000000000000000000e+00
0.000000000000000000e+00
0.000000000000000000e+00
0.000000000000000000e+00
7.920000457763671875e+01
1.015000000000000000e+02
0.000000000000000000e+00
0.000000000000000000e+00
0.000000000000000000e+00
0.000000000000000000e+00
7.920000457763671875e+01
4.829999923706054688e+01
0.000000000000000000e+00
0.000000000000000000e+00
0.000000000000000000e+00
0.000000000000000000e+00
7.920000457763671875e+01
6.719999694824218750e+01
0.000000000000000000e+00
0.000000000000000000e+00
0.000000000000000000e+00
0.000000000000000000e+00
7.920000457763671875e+01
1.029000015258789062e+02
0.000000000000000000e+00
0.000000000000000000e+00
0.000000000000000000e+00
0.000000000000000000e+00
7.920000457763671875e+01
5.600000000000000000e+01
0.000000000000000000e+00
0.000000000000000000e+00
0.000000000000000000e+00
0.000000000000000000e+00
7.920000457763671875e+01
7.840000152587890625e+01
0.000000000000000000e+00
0.000000000000000000e+00
0.000000000000000000e+00
0.000000000000000000e+00
0.000000000000000000e+00
0.000000000000000000e+00
0.000000000000000000e+00
7.920000457763671875e+01
7.769999694824218750e+01
0.000000000000000000e+00
0.000000000000000000e+00
0.000000000000000000e+00
0.000000000000000000e+00
0.000000000000000000e+00
0.000000000000000000e+00
0.000000000000000000e+00
0.000000000000000000e+00
0.000000000000000000e+00
0.000000000000000000e+00
0.000000000000000000e+00
0.000000000000000000e+00
0.000000000000000000e+00
0.000000000000000000e+00
0.000000000000000000e+00
0.000000000000000000e+00
0.000000000000000000e+00
0.000000000000000000e+00
0.000000000000000000e+00
0.000000000000000000e+00
0.000000000000000000e+00
0.000000000000000000e+00
0.000000000000000000e+00
0.000000000000000000e+00
0.000000000000000000e+00
0.000000000000000000e+00
0.000000000000000000e+00
0.000000000000000000e+00
0.000000000000000000e+00
0.000000000000000000e+00
0.000000000000000000e+00
0.000000000000000000e+00
0.000000000000000000e+00
0.000000000000000000e+00
0.000000000000000000e+00
0.000000000000000000e+00
0.000000000000000000e+00
0.000000000000000000e+00
0.000000000000000000e+00
0.000000000000000000e+00
0.000000000000000000e+00
0.000000000000000000e+00
0.000000000000000000e+00
0.000000000000000000e+00
7.920000457763671875e+01
2.939999961853027344e+01
0.000000000000000000e+00
0.000000000000000000e+00
0.000000000000000000e+00
0.000000000000000000e+00
7.920000457763671875e+01
9.379999542236328125e+01
0.000000000000000000e+00
0.000000000000000000e+00
0.000000000000000000e+00
0.000000000000000000e+00
0.000000000000000000e+00
7.920000457763671875e+01
9.940000152587890625e+01
0.000000000000000000e+00
0.000000000000000000e+00
0.000000000000000000e+00
0.000000000000000000e+00
7.920000457763671875e+01
4.200000000000000000e+01
0.000000000000000000e+00
0.000000000000000000e+00
0.000000000000000000e+00
0.000000000000000000e+00
7.920000457763671875e+01
7.000000000000000000e+01
0.000000000000000000e+00
0.000000000000000000e+00
0.000000000000000000e+00
0.000000000000000000e+00
7.920000457763671875e+01
1.126999969482421875e+02
0.000000000000000000e+00
0.000000000000000000e+00
0.000000000000000000e+00
0.000000000000000000e+00
7.920000457763671875e+01
4.900000000000000000e+01
0.000000000000000000e+00
0.000000000000000000e+00
0.000000000000000000e+00
0.000000000000000000e+00
7.920000457763671875e+01
6.859999847412109375e+01
0.000000000000000000e+00
0.000000000000000000e+00
0.000000000000000000e+00
0.000000000000000000e+00
0.000000000000000000e+00
7.920000457763671875e+01
8.750000000000000000e+01
0.000000000000000000e+00
0.000000000000000000e+00
0.000000000000000000e+00
0.000000000000000000e+00
7.920000457763671875e+01
6.650000000000000000e+01
0.000000000000000000e+00
0.000000000000000000e+00
0.000000000000000000e+00
0.000000000000000000e+00
0.000000000000000000e+00
0.000000000000000000e+00
0.000000000000000000e+00
0.000000000000000000e+00
0.000000000000000000e+00
0.000000000000000000e+00
0.000000000000000000e+00
0.000000000000000000e+00
0.000000000000000000e+00
0.000000000000000000e+00
0.000000000000000000e+00
0.000000000000000000e+00
0.000000000000000000e+00
0.000000000000000000e+00
0.000000000000000000e+00
0.000000000000000000e+00
0.000000000000000000e+00
0.000000000000000000e+00
0.000000000000000000e+00
0.000000000000000000e+00
0.000000000000000000e+00
0.000000000000000000e+00
0.000000000000000000e+00
0.000000000000000000e+00
0.000000000000000000e+00
0.000000000000000000e+00
0.000000000000000000e+00
0.000000000000000000e+00
0.000000000000000000e+00
0.000000000000000000e+00
0.000000000000000000e+00
0.000000000000000000e+00
0.000000000000000000e+00
7.920000457763671875e+01
3.429999923706054688e+01
0.000000000000000000e+00
0.000000000000000000e+00
0.000000000000000000e+00
0.000000000000000000e+00
7.920000457763671875e+01
9.729999542236328125e+01
0.000000000000000000e+00
0.000000000000000000e+00
0.000000000000000000e+00
0.000000000000000000e+00
7.920000457763671875e+01
6.579999542236328125e+01
0.000000000000000000e+00
0.000000000000000000e+00
0.000000000000000000e+00
0.000000000000000000e+00
7.920000457763671875e+01
7.909999847412109375e+01
0.000000000000000000e+00
0.000000000000000000e+00
0.000000000000000000e+00
0.000000000000000000e+00
7.920000457763671875e+01
8.119999694824218750e+01
0.000000000000000000e+00
0.000000000000000000e+00
0.000000000000000000e+00
0.000000000000000000e+00
7.920000457763671875e+01
6.440000152587890625e+01
0.000000000000000000e+00
0.000000000000000000e+00
0.000000000000000000e+00
0.000000000000000000e+00
7.920000457763671875e+01
5.250000000000000000e+01
0.000000000000000000e+00
0.000000000000000000e+00
0.000000000000000000e+00
0.000000000000000000e+00
7.920000457763671875e+01
1.175999984741210938e+02
0.000000000000000000e+00
0.000000000000000000e+00
0.000000000000000000e+00
0.000000000000000000e+00
7.920000457763671875e+01
4.620000076293945312e+01
0.000000000000000000e+00
0.000000000000000000e+00
0.000000000000000000e+00
0.000000000000000000e+00
7.920000457763671875e+01
6.509999847412109375e+01
0.000000000000000000e+00
0.000000000000000000e+00
0.000000000000000000e+00
0.000000000000000000e+00
0.000000000000000000e+00
0.000000000000000000e+00
0.000000000000000000e+00
0.000000000000000000e+00
0.000000000000000000e+00
0.000000000000000000e+00
0.000000000000000000e+00
0.000000000000000000e+00
0.000000000000000000e+00
0.000000000000000000e+00
0.000000000000000000e+00
0.000000000000000000e+00
0.000000000000000000e+00
0.000000000000000000e+00
0.000000000000000000e+00
0.000000000000000000e+00
0.000000000000000000e+00
0.000000000000000000e+00
0.000000000000000000e+00
0.000000000000000000e+00
0.000000000000000000e+00
0.000000000000000000e+00
0.000000000000000000e+00
0.000000000000000000e+00
0.000000000000000000e+00
0.000000000000000000e+00
0.000000000000000000e+00
0.000000000000000000e+00
0.000000000000000000e+00
0.000000000000000000e+00
0.000000000000000000e+00
0.000000000000000000e+00
0.000000000000000000e+00
0.000000000000000000e+00
7.920000457763671875e+01
3.920000076293945312e+01
0.000000000000000000e+00
0.000000000000000000e+00
0.000000000000000000e+00
0.000000000000000000e+00
7.920000457763671875e+01
9.029999542236328125e+01
0.000000000000000000e+00
0.000000000000000000e+00
0.000000000000000000e+00
0.000000000000000000e+00
7.920000457763671875e+01
7.279999542236328125e+01
0.000000000000000000e+00
0.000000000000000000e+00
0.000000000000000000e+00
0.000000000000000000e+00
7.920000457763671875e+01
7.000000000000000000e+01
0.000000000000000000e+00
0.000000000000000000e+00
0.000000000000000000e+00
0.000000000000000000e+00
7.920000457763671875e+01
8.819999694824218750e+01
0.000000000000000000e+00
0.000000000000000000e+00
0.000000000000000000e+00
0.000000000000000000e+00
7.920000457763671875e+01
6.300000000000000000e+01
0.000000000000000000e+00
0.000000000000000000e+00
0.000000000000000000e+00
0.000000000000000000e+00
7.920000457763671875e+01
5.389999771118164062e+01
0.000000000000000000e+00
0.000000000000000000e+00
0.000000000000000000e+00
0.000000000000000000e+00
7.920000457763671875e+01
1.035999984741210938e+02
0.000000000000000000e+00
0.000000000000000000e+00
0.000000000000000000e+00
0.000000000000000000e+00
7.920000457763671875e+01
6.159999847412109375e+01
0.000000000000000000e+00
0.000000000000000000e+00
0.000000000000000000e+00
0.000000000000000000e+00
7.920000457763671875e+01
5.459999847412109375e+01
0.000000000000000000e+00
0.000000000000000000e+00
0.000000000000000000e+00
0.000000000000000000e+00
0.000000000000000000e+00
0.000000000000000000e+00
0.000000000000000000e+00
0.000000000000000000e+00
0.000000000000000000e+00
0.000000000000000000e+00
0.000000000000000000e+00
0.000000000000000000e+00
0.000000000000000000e+00
0.000000000000000000e+00
0.000000000000000000e+00
0.000000000000000000e+00
0.000000000000000000e+00
0.000000000000000000e+00
0.000000000000000000e+00
0.000000000000000000e+00
0.000000000000000000e+00
0.000000000000000000e+00
0.000000000000000000e+00
0.000000000000000000e+00
0.000000000000000000e+00
0.000000000000000000e+00
0.000000000000000000e+00
0.000000000000000000e+00
0.000000000000000000e+00
0.000000000000000000e+00
0.000000000000000000e+00
0.000000000000000000e+00
0.000000000000000000e+00
0.000000000000000000e+00
0.000000000000000000e+00
0.000000000000000000e+00
0.000000000000000000e+00
0.000000000000000000e+00
0.000000000000000000e+00
0.000000000000000000e+00
7.920000457763671875e+01
1.539999961853027344e+01
0.000000000000000000e+00
0.000000000000000000e+00
0.000000000000000000e+00
0.000000000000000000e+00
7.920000457763671875e+01
1.204000015258789062e+02
0.000000000000000000e+00
0.000000000000000000e+00
0.000000000000000000e+00
0.000000000000000000e+00
7.920000457763671875e+01
7.419999694824218750e+01
0.000000000000000000e+00
0.000000000000000000e+00
3.330000305175781250e+01
4.129999923706054688e+01
6.300000381469726562e+01
3.220000076293945312e+01
0.000000000000000000e+00
0.000000000000000000e+00
3.330000305175781250e+01
8.399999618530273438e+00
5.850000381469726562e+01
7.350000000000000000e+01
0.000000000000000000e+00
0.000000000000000000e+00
3.330000305175781250e+01
2.660000038146972656e+01
5.160000228881835938e+01
5.459999847412109375e+01
0.000000000000000000e+00
0.000000000000000000e+00
3.330000305175781250e+01
2.800000000000000000e+01
4.470000076293945312e+01
3.079999923706054688e+01
0.000000000000000000e+00
0.000000000000000000e+00
3.330000305175781250e+01
2.729999923706054688e+01
4.140000152587890625e+01
3.989999771118164062e+01
0.000000000000000000e+00
0.000000000000000000e+00
3.330000305175781250e+01
2.450000000000000000e+01
3.690000152587890625e+01
2.869999885559082031e+01
0.000000000000000000e+00
0.000000000000000000e+00
3.360000228881835938e+01
3.079999923706054688e+01
3.360000228881835938e+01
2.519999885559082031e+01
0.000000000000000000e+00
0.000000000000000000e+00
3.360000228881835938e+01
2.589999961853027344e+01
3.180000114440917969e+01
3.150000000000000000e+01
0.000000000000000000e+00
0.000000000000000000e+00
3.360000228881835938e+01
3.570000076293945312e+01
2.880000114440917969e+01
2.800000000000000000e+01
0.000000000000000000e+00
0.000000000000000000e+00
3.360000228881835938e+01
2.450000000000000000e+01
2.730000114440917969e+01
2.239999961853027344e+01
0.000000000000000000e+00
0.000000000000000000e+00
3.360000228881835938e+01
2.800000000000000000e+01
2.640000152587890625e+01
3.010000038146972656e+01
0.000000000000000000e+00
0.000000000000000000e+00
3.360000228881835938e+01
2.450000000000000000e+01
2.520000076293945312e+01
1.960000038146972656e+01
0.000000000000000000e+00
0.000000000000000000e+00
3.390000152587890625e+01
3.429999923706054688e+01
2.490000152587890625e+01
1.539999961853027344e+01
0.000000000000000000e+00
0.000000000000000000e+00
3.390000152587890625e+01
3.359999847412109375e+01
2.400000000000000000e+01
2.239999961853027344e+01
0.000000000000000000e+00
0.000000000000000000e+00
3.390000152587890625e+01
2.729999923706054688e+01
2.310000038146972656e+01
1.679999923706054688e+01
0.000000000000000000e+00
0.000000000000000000e+00
3.390000152587890625e+01
2.729999923706054688e+01
2.220000076293945312e+01
1.469999980926513672e+01
0.000000000000000000e+00
0.000000000000000000e+00
3.390000152587890625e+01
3.779999923706054688e+01
2.130000114440917969e+01
2.519999885559082031e+01
0.000000000000000000e+00
0.000000000000000000e+00
3.390000152587890625e+01
2.519999885559082031e+01
2.010000038146972656e+01
1.679999923706054688e+01
0.000000000000000000e+00
0.000000000000000000e+00
3.420000076293945312e+01
3.639999771118164062e+01
1.920000076293945312e+01
1.050000000000000000e+01
0.000000000000000000e+00
0.000000000000000000e+00
3.450000000000000000e+01
2.869999885559082031e+01
1.890000152587890625e+01
1.679999923706054688e+01
0.000000000000000000e+00
0.000000000000000000e+00
3.480000305175781250e+01
3.779999923706054688e+01
1.860000038146972656e+01
1.189999961853027344e+01
0.000000000000000000e+00
0.000000000000000000e+00
3.510000228881835938e+01
2.310000038146972656e+01
1.830000114440917969e+01
1.679999923706054688e+01
0.000000000000000000e+00
0.000000000000000000e+00
3.510000228881835938e+01
2.869999885559082031e+01
1.770000076293945312e+01
1.539999961853027344e+01
0.000000000000000000e+00
0.000000000000000000e+00
3.540000152587890625e+01
3.010000038146972656e+01
1.740000152587890625e+01
1.330000019073486328e+01
0.000000000000000000e+00
0.000000000000000000e+00
3.570000076293945312e+01
3.429999923706054688e+01
1.740000152587890625e+01
1.330000019073486328e+01
0.000000000000000000e+00
0.000000000000000000e+00
3.570000076293945312e+01
2.939999961853027344e+01
1.680000114440917969e+01
1.539999961853027344e+01
0.000000000000000000e+00
3.000000119209289551e-01
3.270000076293945312e+01
2.869999885559082031e+01
1.470000076293945312e+01
1.610000038146972656e+01
6.000000238418579102e-01
1.299999952316284180e+00
3.110000038146972656e+01
2.450000000000000000e+01
1.380000019073486328e+01
3.500000000000000000e+00
6.000000238418579102e-01
0.000000000000000000e+00
3.060000038146972656e+01
3.289999771118164062e+01
1.320000076293945312e+01
9.099999427795410156e+00
6.000000238418579102e-01
6.999999880790710449e-01
3.000000190734863281e+01
1.539999961853027344e+01
1.260000038146972656e+01
1.610000038146972656e+01
6.000000238418579102e-01
1.000000000000000000e+00
2.940000152587890625e+01
2.660000038146972656e+01
1.260000038146972656e+01
1.400000000000000000e+01
6.000000238418579102e-01
1.700000047683715820e+00
2.880000114440917969e+01
2.939999961853027344e+01
1.230000019073486328e+01
1.050000000000000000e+01
9.000000357627868652e-01
1.000000000000000000e+00
2.880000114440917969e+01
2.450000000000000000e+01
1.230000019073486328e+01
7.699999809265136719e+00
9.000000357627868652e-01
1.000000000000000000e+00
2.880000114440917969e+01
2.450000000000000000e+01
1.200000000000000000e+01
1.259999942779541016e+01
9.000000357627868652e-01
3.000000119209289551e-01
2.980000114440917969e+01
1.960000038146972656e+01
1.200000000000000000e+01
7.000000000000000000e+00
9.000000357627868652e-01
1.700000047683715820e+00
2.820000076293945312e+01
2.800000000000000000e+01
1.140000057220458984e+01
9.099999427795410156e+00
9.000000357627868652e-01
1.700000047683715820e+00
2.820000076293945312e+01
2.379999923706054688e+01
1.140000057220458984e+01
7.000000000000000000e+00
6.000000238418579102e-01
6.000000238418579102e-01
2.890000152587890625e+01
1.889999961853027344e+01
1.140000057220458984e+01
1.189999961853027344e+01
6.000000238418579102e-01
1.299999952316284180e+00
4.000000000000000000e+00
7.900000095367431641e+00
7.599999904632568359e+00
8.700000762939453125e+00
7.000000000000000000e+00
4.200000286102294922e+00
3.000000000000000000e+00
1.180000019073486328e+01
9.800000190734863281e+00
8.700000762939453125e+00
9.099999427795410156e+00
2.100000143051147461e+00
0.000000000000000000e+00
0.000000000000000000e+00
0.000000000000000000e+00
0.000000000000000000e+00
0.000000000000000000e+00
0.000000000000000000e+00
0.000000000000000000e+00
0.000000000000000000e+00
0.000000000000000000e+00
0.000000000000000000e+00
0.000000000000000000e+00
0.000000000000000000e+00
0.000000000000000000e+00
0.000000000000000000e+00
0.000000000000000000e+00
0.000000000000000000e+00
0.000000000000000000e+00
0.000000000000000000e+00
0.000000000000000000e+00
0.000000000000000000e+00
0.000000000000000000e+00
0.000000000000000000e+00
0.000000000000000000e+00
0.000000000000000000e+00
0.000000000000000000e+00
0.000000000000000000e+00
0.000000000000000000e+00
0.000000000000000000e+00
0.000000000000000000e+00
0.000000000000000000e+00
0.000000000000000000e+00
0.000000000000000000e+00
0.000000000000000000e+00
0.000000000000000000e+00
1.125000076293945312e+02
6.229999923706054688e+01
0.000000000000000000e+00
0.000000000000000000e+00
0.000000000000000000e+00
0.000000000000000000e+00
1.125000076293945312e+02
1.476999969482421875e+02
0.000000000000000000e+00
0.000000000000000000e+00
0.000000000000000000e+00
0.000000000000000000e+00
1.125000076293945312e+02
7.350000000000000000e+01
0.000000000000000000e+00
0.000000000000000000e+00
0.000000000000000000e+00
0.000000000000000000e+00
1.125000076293945312e+02
6.929999542236328125e+01
0.000000000000000000e+00
0.000000000000000000e+00
0.000000000000000000e+00
0.000000000000000000e+00
1.125000076293945312e+02
1.385999908447265625e+02
0.000000000000000000e+00
0.000000000000000000e+00
0.000000000000000000e+00
0.000000000000000000e+00
1.125000076293945312e+02
7.140000152587890625e+01
0.000000000000000000e+00
0.000000000000000000e+00
0.000000000000000000e+00
0.000000000000000000e+00
1.125000076293945312e+02
6.859999847412109375e+01
0.000000000000000000e+00
0.000000000000000000e+00
0.000000000000000000e+00
0.000000000000000000e+00
1.011000061035156250e+02
1.350999908447265625e+02
0.000000000000000000e+00
0.000000000000000000e+00
0.000000000000000000e+00
0.000000000000000000e+00
9.450000000000000000e+01
5.809999847412109375e+01
0.000000000000000000e+00
0.000000000000000000e+00
0.000000000000000000e+00
0.000000000000000000e+00
9.450000000000000000e+01
5.600000000000000000e+01
0.000000000000000000e+00
0.000000000000000000e+00
0.000000000000000000e+00
0.000000000000000000e+00
0.000000000000000000e+00
0.000000000000000000e+00
0.000000000000000000e+00
0.000000000000000000e+00
0.000000000000000000e+00
0.000000000000000000e+00
0.000000000000000000e+00
0.000000000000000000e+00
0.000000000000000000e+00
0.000000000000000000e+00
0.000000000000000000e+00
0.000000000000000000e+00
0.000000000000000000e+00
0.000000000000000000e+00
0.000000000000000000e+00
0.000000000000000000e+00
0.000000000000000000e+00
0.000000000000000000e+00
0.000000000000000000e+00
0.000000000000000000e+00
0.000000000000000000e+00
0.000000000000000000e+00
0.000000000000000000e+00
0.000000000000000000e+00
0.000000000000000000e+00
0.000000000000000000e+00
0.000000000000000000e+00
0.000000000000000000e+00
0.000000000000000000e+00
0.000000000000000000e+00
0.000000000000000000e+00
0.000000000000000000e+00
0.000000000000000000e+00
0.000000000000000000e+00
9.450000000000000000e+01
3.429999923706054688e+01
0.000000000000000000e+00
0.000000000000000000e+00
0.000000000000000000e+00
0.000000000000000000e+00
9.450000000000000000e+01
1.266999969482421875e+02
0.000000000000000000e+00
0.000000000000000000e+00
0.000000000000000000e+00
0.000000000000000000e+00
9.450000000000000000e+01
8.609999847412109375e+01
0.000000000000000000e+00
0.000000000000000000e+00
0.000000000000000000e+00
0.000000000000000000e+00
9.450000000000000000e+01
4.689999771118164062e+01
0.000000000000000000e+00
0.000000000000000000e+00
0.000000000000000000e+00
0.000000000000000000e+00
9.450000000000000000e+01
9.240000152587890625e+01
0.000000000000000000e+00
0.000000000000000000e+00
0.000000000000000000e+00
0.000000000000000000e+00
9.450000000000000000e+01
8.890000152587890625e+01
0.000000000000000000e+00
0.000000000000000000e+00
0.000000000000000000e+00
0.000000000000000000e+00
9.450000000000000000e+01
6.370000076293945312e+01
0.000000000000000000e+00
0.000000000000000000e+00
0.000000000000000000e+00
0.000000000000000000e+00
9.450000000000000000e+01
1.021999969482421875e+02
0.000000000000000000e+00
0.000000000000000000e+00
0.000000000000000000e+00
0.000000000000000000e+00
9.450000000000000000e+01
5.950000000000000000e+01
0.000000000000000000e+00
0.000000000000000000e+00
0.000000000000000000e+00
0.000000000000000000e+00
9.450000000000000000e+01
7.419999694824218750e+01
0.000000000000000000e+00
0.000000000000000000e+00
0.000000000000000000e+00
0.000000000000000000e+00
0.000000000000000000e+00
9.450000000000000000e+01
1.021999969482421875e+02
0.000000000000000000e+00
0.000000000000000000e+00
0.000000000000000000e+00
0.000000000000000000e+00
0.000000000000000000e+00
0.000000000000000000e+00
0.000000000000000000e+00
0.000000000000000000e+00
0.000000000000000000e+00
0.000000000000000000e+00
0.000000000000000000e+00
0.000000000000000000e+00
0.000000000000000000e+00
0.000000000000000000e+00
0.000000000000000000e+00
0.000000000000000000e+00
0.000000000000000000e+00
0.000000000000000000e+00
0.000000000000000000e+00
0.000000000000000000e+00
0.000000000000000000e+00
0.000000000000000000e+00
0.000000000000000000e+00
0.000000000000000000e+00
0.000000000000000000e+00
0.000000000000000000e+00
0.000000000000000000e+00
0.000000000000000000e+00
0.000000000000000000e+00
0.000000000000000000e+00
0.000000000000000000e+00
0.000000000000000000e+00
0.000000000000000000e+00
0.000000000000000000e+00
0.000000000000000000e+00
0.000000000000000000e+00
0.000000000000000000e+00
9.450000000000000000e+01
1.469999980926513672e+01
0.000000000000000000e+00
0.000000000000000000e+00
0.000000000000000000e+00
0.000000000000000000e+00
9.450000000000000000e+01
1.021999969482421875e+02
0.000000000000000000e+00
0.000000000000000000e+00
0.000000000000000000e+00
0.000000000000000000e+00
9.450000000000000000e+01
1.161999969482421875e+02
0.000000000000000000e+00
0.000000000000000000e+00
0.000000000000000000e+00
0.000000000000000000e+00
9.450000000000000000e+01
4.339999771118164062e+01
0.000000000000000000e+00
0.000000000000000000e+00
0.000000000000000000e+00
0.000000000000000000e+00
9.450000000000000000e+01
7.490000152587890625e+01
0.000000000000000000e+00
0.000000000000000000e+00
0.000000000000000000e+00
0.000000000000000000e+00
9.450000000000000000e+01
9.590000152587890625e+01
1.560000038146972656e+01
2.729999923706054688e+01
3.000000119209289551e-01
2.599999904632568359e+00
8.200000762939453125e+01
3.920000076293945312e+01
1.020000076293945312e+01
7.699999809265136719e+00
3.000000119209289551e-01
1.299999952316284180e+00
7.380000305175781250e+01
5.039999771118164062e+01
8.400000572204589844e+00
3.500000000000000000e+00
3.000000119209289551e-01
9.000000357627868652e-01
7.290000152587890625e+01
5.809999847412109375e+01
5.700000286102294922e+00
5.900000095367431641e+00
1.700000047683715820e+00
6.000000238418579102e-01
6.999999880790710449e-01
7.050000000000000000e+01
4.900000000000000000e+01
0.000000000000000000e+00
0.000000000000000000e+00
0.000000000000000000e+00
0.000000000000000000e+00
0.000000000000000000e+00
0.000000000000000000e+00
0.000000000000000000e+00
0.000000000000000000e+00
0.000000000000000000e+00
0.000000000000000000e+00
0.000000000000000000e+00
0.000000000000000000e+00
0.000000000000000000e+00
0.000000000000000000e+00
0.000000000000000000e+00
0.000000000000000000e+00
0.000000000000000000e+00
0.000000000000000000e+00
0.000000000000000000e+00
0.000000000000000000e+00
0.000000000000000000e+00
0.000000000000000000e+00
0.000000000000000000e+00
0.000000000000000000e+00
0.000000000000000000e+00
0.000000000000000000e+00
0.000000000000000000e+00
0.000000000000000000e+00
0.000000000000000000e+00
0.000000000000000000e+00
0.000000000000000000e+00
0.000000000000000000e+00
0.000000000000000000e+00
0.000000000000000000e+00
0.000000000000000000e+00
0.000000000000000000e+00
0.000000000000000000e+00
6.990000152587890625e+01
1.539999961853027344e+01
0.000000000000000000e+00
0.000000000000000000e+00
0.000000000000000000e+00
0.000000000000000000e+00
6.960000610351562500e+01
7.279999542236328125e+01
0.000000000000000000e+00
0.000000000000000000e+00
0.000000000000000000e+00
0.000000000000000000e+00
6.960000610351562500e+01
6.089999771118164062e+01
0.000000000000000000e+00
0.000000000000000000e+00
0.000000000000000000e+00
0.000000000000000000e+00
6.960000610351562500e+01
4.829999923706054688e+01
0.000000000000000000e+00
0.000000000000000000e+00
0.000000000000000000e+00
0.000000000000000000e+00
6.960000610351562500e+01
5.320000076293945312e+01
0.000000000000000000e+00
0.000000000000000000e+00
0.000000000000000000e+00
0.000000000000000000e+00
6.960000610351562500e+01
5.670000076293945312e+01
0.000000000000000000e+00
0.000000000000000000e+00
0.000000000000000000e+00
0.000000000000000000e+00
6.960000610351562500e+01
4.970000076293945312e+01
0.000000000000000000e+00
0.000000000000000000e+00
0.000000000000000000e+00
0.000000000000000000e+00
6.960000610351562500e+01
5.529999923706054688e+01
0.000000000000000000e+00
0.000000000000000000e+00
0.000000000000000000e+00
0.000000000000000000e+00
6.960000610351562500e+01
5.179999923706054688e+01
0.000000000000000000e+00
0.000000000000000000e+00
0.000000000000000000e+00
0.000000000000000000e+00
0.000000000000000000e+00
6.960000610351562500e+01
5.320000076293945312e+01
0.000000000000000000e+00
0.000000000000000000e+00
0.000000000000000000e+00
0.000000000000000000e+00
0.000000000000000000e+00
0.000000000000000000e+00
0.000000000000000000e+00
0.000000000000000000e+00
0.000000000000000000e+00
0.000000000000000000e+00
0.000000000000000000e+00
0.000000000000000000e+00
0.000000000000000000e+00
0.000000000000000000e+00
0.000000000000000000e+00
0.000000000000000000e+00
0.000000000000000000e+00
0.000000000000000000e+00
0.000000000000000000e+00
0.000000000000000000e+00
0.000000000000000000e+00
0.000000000000000000e+00
0.000000000000000000e+00
0.000000000000000000e+00
0.000000000000000000e+00
0.000000000000000000e+00
0.000000000000000000e+00
0.000000000000000000e+00
0.000000000000000000e+00
0.000000000000000000e+00
0.000000000000000000e+00
0.000000000000000000e+00
0.000000000000000000e+00
0.000000000000000000e+00
0.000000000000000000e+00
6.960000610351562500e+01
1.679999923706054688e+01
0.000000000000000000e+00
0.000000000000000000e+00
0.000000000000000000e+00
0.000000000000000000e+00
6.960000610351562500e+01
5.950000000000000000e+01
0.000000000000000000e+00
0.000000000000000000e+00
0.000000000000000000e+00
0.000000000000000000e+00
6.960000610351562500e+01
6.089999771118164062e+01
0.000000000000000000e+00
0.000000000000000000e+00
0.000000000000000000e+00
0.000000000000000000e+00
6.960000610351562500e+01
5.320000076293945312e+01
0.000000000000000000e+00
0.000000000000000000e+00
0.000000000000000000e+00
0.000000000000000000e+00
6.960000610351562500e+01
6.020000076293945312e+01
0.000000000000000000e+00
0.000000000000000000e+00
0.000000000000000000e+00
0.000000000000000000e+00
6.960000610351562500e+01
5.039999771118164062e+01
0.000000000000000000e+00
0.000000000000000000e+00
0.000000000000000000e+00
0.000000000000000000e+00
6.960000610351562500e+01
3.779999923706054688e+01
0.000000000000000000e+00
0.000000000000000000e+00
0.000000000000000000e+00
0.000000000000000000e+00
6.960000610351562500e+01
7.140000152587890625e+01
0.000000000000000000e+00
0.000000000000000000e+00
0.000000000000000000e+00
0.000000000000000000e+00
6.960000610351562500e+01
3.989999771118164062e+01
0.000000000000000000e+00
0.000000000000000000e+00
0.000000000000000000e+00
0.000000000000000000e+00
6.960000610351562500e+01
5.809999847412109375e+01
0.000000000000000000e+00
0.000000000000000000e+00
0.000000000000000000e+00
0.000000000000000000e+00
6.960000610351562500e+01
5.950000000000000000e+01
0.000000000000000000e+00
0.000000000000000000e+00
0.000000000000000000e+00
0.000000000000000000e+00
6.960000610351562500e+01
5.600000000000000000e+01
0.000000000000000000e+00
0.000000000000000000e+00
0.000000000000000000e+00
0.000000000000000000e+00
6.960000610351562500e+01
3.359999847412109375e+01
0.000000000000000000e+00
0.000000000000000000e+00
0.000000000000000000e+00
0.000000000000000000e+00
6.960000610351562500e+01
6.719999694824218750e+01
0.000000000000000000e+00
0.000000000000000000e+00
0.000000000000000000e+00
0.000000000000000000e+00
6.960000610351562500e+01
5.179999923706054688e+01
0.000000000000000000e+00
0.000000000000000000e+00
0.000000000000000000e+00
0.000000000000000000e+00
6.960000610351562500e+01
5.389999771118164062e+01
0.000000000000000000e+00
0.000000000000000000e+00
0.000000000000000000e+00
0.000000000000000000e+00
1.125000076293945312e+02
9.169999694824218750e+01
0.000000000000000000e+00
0.000000000000000000e+00
0.000000000000000000e+00
0.000000000000000000e+00
1.125000076293945312e+02
9.729999542236328125e+01
0.000000000000000000e+00
0.000000000000000000e+00
0.000000000000000000e+00
0.000000000000000000e+00
1.125000076293945312e+02
7.979999542236328125e+01
0.000000000000000000e+00
0.000000000000000000e+00
0.000000000000000000e+00
0.000000000000000000e+00
1.125000076293945312e+02
9.240000152587890625e+01
0.000000000000000000e+00
0.000000000000000000e+00
0.000000000000000000e+00
0.000000000000000000e+00
1.125000076293945312e+02
9.800000000000000000e+01
0.000000000000000000e+00
0.000000000000000000e+00
0.000000000000000000e+00
0.000000000000000000e+00
1.125000076293945312e+02
7.629999542236328125e+01
0.000000000000000000e+00
0.000000000000000000e+00
0.000000000000000000e+00
0.000000000000000000e+00
1.125000076293945312e+02
9.309999847412109375e+01
0.000000000000000000e+00
0.000000000000000000e+00
0.000000000000000000e+00
0.000000000000000000e+00
1.125000076293945312e+02
9.800000000000000000e+01
0.000000000000000000e+00
0.000000000000000000e+00
0.000000000000000000e+00
0.000000000000000000e+00
1.125000076293945312e+02
7.559999847412109375e+01
0.000000000000000000e+00
0.000000000000000000e+00
0.000000000000000000e+00
0.000000000000000000e+00
0.000000000000000000e+00
1.011000061035156250e+02
8.400000000000000000e+01
0.000000000000000000e+00
0.000000000000000000e+00
0.000000000000000000e+00
0.000000000000000000e+00
1.011000061035156250e+02
7.629999542236328125e+01
0.000000000000000000e+00
0.000000000000000000e+00
0.000000000000000000e+00
0.000000000000000000e+00
1.011000061035156250e+02
7.979999542236328125e+01
0.000000000000000000e+00
0.000000000000000000e+00
0.000000000000000000e+00
0.000000000000000000e+00
1.011000061035156250e+02
7.909999847412109375e+01
0.000000000000000000e+00
0.000000000000000000e+00
0.000000000000000000e+00
0.000000000000000000e+00
1.011000061035156250e+02
7.840000152587890625e+01
0.000000000000000000e+00
0.000000000000000000e+00
0.000000000000000000e+00
0.000000000000000000e+00
1.011000061035156250e+02
6.859999847412109375e+01
0.000000000000000000e+00
0.000000000000000000e+00
0.000000000000000000e+00
0.000000000000000000e+00
0.000000000000000000e+00
1.011000061035156250e+02
8.119999694824218750e+01
0.000000000000000000e+00
0.000000000000000000e+00
0.000000000000000000e+00
0.000000000000000000e+00
1.011000061035156250e+02
9.169999694824218750e+01
0.000000000000000000e+00
0.000000000000000000e+00
0.000000000000000000e+00
0.000000000000000000e+00
1.011000061035156250e+02
6.159999847412109375e+01
0.000000000000000000e+00
0.000000000000000000e+00
0.000000000000000000e+00
0.000000000000000000e+00
0.000000000000000000e+00
1.011000061035156250e+02
7.209999847412109375e+01
0.000000000000000000e+00
0.000000000000000000e+00
0.000000000000000000e+00
0.000000000000000000e+00
1.011000061035156250e+02
9.169999694824218750e+01
0.000000000000000000e+00
0.000000000000000000e+00
0.000000000000000000e+00
0.000000000000000000e+00
1.011000061035156250e+02
6.929999542236328125e+01
0.000000000000000000e+00
0.000000000000000000e+00
0.000000000000000000e+00
0.000000000000000000e+00
1.011000061035156250e+02
7.979999542236328125e+01
0.000000000000000000e+00
0.000000000000000000e+00
0.000000000000000000e+00
0.000000000000000000e+00
1.011000061035156250e+02
7.000000000000000000e+01
0.000000000000000000e+00
0.000000000000000000e+00
0.000000000000000000e+00
0.000000000000000000e+00
1.011000061035156250e+02
7.419999694824218750e+01
0.000000000000000000e+00
0.000000000000000000e+00
0.000000000000000000e+00
0.000000000000000000e+00
1.011000061035156250e+02
8.609999847412109375e+01
0.000000000000000000e+00
0.000000000000000000e+00
0.000000000000000000e+00
0.000000000000000000e+00
1.011000061035156250e+02
7.490000152587890625e+01
0.000000000000000000e+00
0.000000000000000000e+00
0.000000000000000000e+00
0.000000000000000000e+00
1.011000061035156250e+02
6.440000152587890625e+01
0.000000000000000000e+00
0.000000000000000000e+00
0.000000000000000000e+00
0.000000000000000000e+00
0.000000000000000000e+00
0.000000000000000000e+00
0.000000000000000000e+00
0.000000000000000000e+00
0.000000000000000000e+00
0.000000000000000000e+00
0.000000000000000000e+00
0.000000000000000000e+00
0.000000000000000000e+00
0.000000000000000000e+00
0.000000000000000000e+00
0.000000000000000000e+00
0.000000000000000000e+00
0.000000000000000000e+00
0.000000000000000000e+00
0.000000000000000000e+00
0.000000000000000000e+00
0.000000000000000000e+00
0.000000000000000000e+00
0.000000000000000000e+00
0.000000000000000000e+00
0.000000000000000000e+00
0.000000000000000000e+00
0.000000000000000000e+00
0.000000000000000000e+00
0.000000000000000000e+00
0.000000000000000000e+00
0.000000000000000000e+00
0.000000000000000000e+00
0.000000000000000000e+00
9.450000000000000000e+01
2.729999923706054688e+01
0.000000000000000000e+00
0.000000000000000000e+00
0.000000000000000000e+00
0.000000000000000000e+00
9.450000000000000000e+01
8.679999542236328125e+01
0.000000000000000000e+00
0.000000000000000000e+00
0.000000000000000000e+00
0.000000000000000000e+00
9.450000000000000000e+01
8.890000152587890625e+01
0.000000000000000000e+00
0.000000000000000000e+00
0.000000000000000000e+00
0.000000000000000000e+00
9.450000000000000000e+01
4.970000076293945312e+01
0.000000000000000000e+00
0.000000000000000000e+00
0.000000000000000000e+00
0.000000000000000000e+00
9.450000000000000000e+01
6.300000000000000000e+01
0.000000000000000000e+00
0.000000000000000000e+00
0.000000000000000000e+00
0.000000000000000000e+00
9.450000000000000000e+01
8.890000152587890625e+01
0.000000000000000000e+00
0.000000000000000000e+00
0.000000000000000000e+00
0.000000000000000000e+00
9.450000000000000000e+01
5.320000076293945312e+01
0.000000000000000000e+00
0.000000000000000000e+00
0.000000000000000000e+00
0.000000000000000000e+00
9.450000000000000000e+01
6.859999847412109375e+01
0.000000000000000000e+00
0.000000000000000000e+00
0.000000000000000000e+00
0.000000000000000000e+00
9.450000000000000000e+01
6.859999847412109375e+01
0.000000000000000000e+00
0.000000000000000000e+00
0.000000000000000000e+00
0.000000000000000000e+00
0.000000000000000000e+00
0.000000000000000000e+00
1.074000015258789062e+02
7.769999694824218750e+01
0.000000000000000000e+00
0.000000000000000000e+00
0.000000000000000000e+00
0.000000000000000000e+00
9.960000610351562500e+01
7.629999542236328125e+01
0.000000000000000000e+00
0.000000000000000000e+00
0.000000000000000000e+00
0.000000000000000000e+00
0.000000000000000000e+00
0.000000000000000000e+00
0.000000000000000000e+00
0.000000000000000000e+00
0.000000000000000000e+00
0.000000000000000000e+00
0.000000000000000000e+00
0.000000000000000000e+00
0.000000000000000000e+00
0.000000000000000000e+00
0.000000000000000000e+00
0.000000000000000000e+00
0.000000000000000000e+00
0.000000000000000000e+00
0.000000000000000000e+00
0.000000000000000000e+00
0.000000000000000000e+00
0.000000000000000000e+00
0.000000000000000000e+00
0.000000000000000000e+00
0.000000000000000000e+00
0.000000000000000000e+00
0.000000000000000000e+00
0.000000000000000000e+00
0.000000000000000000e+00
0.000000000000000000e+00
0.000000000000000000e+00
9.450000000000000000e+01
2.519999885559082031e+01
0.000000000000000000e+00
0.000000000000000000e+00
0.000000000000000000e+00
0.000000000000000000e+00
9.450000000000000000e+01
7.629999542236328125e+01
0.000000000000000000e+00
0.000000000000000000e+00
0.000000000000000000e+00
0.000000000000000000e+00
9.450000000000000000e+01
8.819999694824218750e+01
0.000000000000000000e+00
0.000000000000000000e+00
0.000000000000000000e+00
0.000000000000000000e+00
9.450000000000000000e+01
6.159999847412109375e+01
0.000000000000000000e+00
0.000000000000000000e+00
0.000000000000000000e+00
0.000000000000000000e+00
9.450000000000000000e+01
5.389999771118164062e+01
0.000000000000000000e+00
0.000000000000000000e+00
0.000000000000000000e+00
0.000000000000000000e+00
9.450000000000000000e+01
6.859999847412109375e+01
0.000000000000000000e+00
0.000000000000000000e+00
0.000000000000000000e+00
0.000000000000000000e+00
9.450000000000000000e+01
6.929999542236328125e+01
0.000000000000000000e+00
0.000000000000000000e+00
0.000000000000000000e+00
0.000000000000000000e+00
9.450000000000000000e+01
7.279999542236328125e+01
0.000000000000000000e+00
0.000000000000000000e+00
0.000000000000000000e+00
0.000000000000000000e+00
9.450000000000000000e+01
5.600000000000000000e+01
0.000000000000000000e+00
0.000000000000000000e+00
0.000000000000000000e+00
0.000000000000000000e+00
0.000000000000000000e+00
9.450000000000000000e+01
5.809999847412109375e+01
0.000000000000000000e+00
0.000000000000000000e+00
0.000000000000000000e+00
0.000000000000000000e+00
0.000000000000000000e+00
0.000000000000000000e+00
0.000000000000000000e+00
0.000000000000000000e+00
0.000000000000000000e+00
0.000000000000000000e+00
0.000000000000000000e+00
0.000000000000000000e+00
0.000000000000000000e+00
0.000000000000000000e+00
0.000000000000000000e+00
0.000000000000000000e+00
0.000000000000000000e+00
0.000000000000000000e+00
0.000000000000000000e+00
0.000000000000000000e+00
0.000000000000000000e+00
0.000000000000000000e+00
0.000000000000000000e+00
0.000000000000000000e+00
0.000000000000000000e+00
0.000000000000000000e+00
0.000000000000000000e+00
0.000000000000000000e+00
0.000000000000000000e+00
0.000000000000000000e+00
0.000000000000000000e+00
0.000000000000000000e+00
9.450000000000000000e+01
3.779999923706054688e+01
0.000000000000000000e+00
0.000000000000000000e+00
0.000000000000000000e+00
0.000000000000000000e+00
0.000000000000000000e+00
0.000000000000000000e+00
0.000000000000000000e+00
0.000000000000000000e+00
0.000000000000000000e+00
9.450000000000000000e+01
7.350000000000000000e+01
0.000000000000000000e+00
0.000000000000000000e+00
0.000000000000000000e+00
0.000000000000000000e+00
9.450000000000000000e+01
7.350000000000000000e+01
0.000000000000000000e+00
0.000000000000000000e+00
0.000000000000000000e+00
0.000000000000000000e+00
9.450000000000000000e+01
6.650000000000000000e+01
0.000000000000000000e+00
0.000000000000000000e+00
0.000000000000000000e+00
0.000000000000000000e+00
9.450000000000000000e+01
5.809999847412109375e+01
0.000000000000000000e+00
0.000000000000000000e+00
0.000000000000000000e+00
0.000000000000000000e+00
9.450000000000000000e+01
7.140000152587890625e+01
0.000000000000000000e+00
0.000000000000000000e+00
0.000000000000000000e+00
0.000000000000000000e+00
9.450000000000000000e+01
5.039999771118164062e+01
0.000000000000000000e+00
0.000000000000000000e+00
0.000000000000000000e+00
0.000000000000000000e+00
9.450000000000000000e+01
7.279999542236328125e+01
0.000000000000000000e+00
0.000000000000000000e+00
0.000000000000000000e+00
0.000000000000000000e+00
9.450000000000000000e+01
7.000000000000000000e+01
0.000000000000000000e+00
0.000000000000000000e+00
0.000000000000000000e+00
0.000000000000000000e+00
9.450000000000000000e+01
7.069999694824218750e+01
0.000000000000000000e+00
0.000000000000000000e+00
0.000000000000000000e+00
0.000000000000000000e+00
0.000000000000000000e+00
0.000000000000000000e+00
0.000000000000000000e+00
0.000000000000000000e+00
0.000000000000000000e+00
0.000000000000000000e+00
0.000000000000000000e+00
0.000000000000000000e+00
0.000000000000000000e+00
0.000000000000000000e+00
0.000000000000000000e+00
0.000000000000000000e+00
0.000000000000000000e+00
0.000000000000000000e+00
0.000000000000000000e+00
0.000000000000000000e+00
0.000000000000000000e+00
0.000000000000000000e+00
0.000000000000000000e+00
0.000000000000000000e+00
0.000000000000000000e+00
0.000000000000000000e+00
0.000000000000000000e+00
0.000000000000000000e+00
0.000000000000000000e+00
0.000000000000000000e+00
0.000000000000000000e+00
0.000000000000000000e+00
0.000000000000000000e+00
0.000000000000000000e+00
0.000000000000000000e+00
0.000000000000000000e+00
0.000000000000000000e+00
0.000000000000000000e+00
0.000000000000000000e+00
0.000000000000000000e+00
0.000000000000000000e+00
0.000000000000000000e+00
9.450000000000000000e+01
1.330000019073486328e+01
0.000000000000000000e+00
0.000000000000000000e+00
0.000000000000000000e+00
0.000000000000000000e+00
9.450000000000000000e+01
7.419999694824218750e+01
0.000000000000000000e+00
0.000000000000000000e+00
0.000000000000000000e+00
0.000000000000000000e+00
9.450000000000000000e+01
7.419999694824218750e+01
0.000000000000000000e+00
0.000000000000000000e+00
0.000000000000000000e+00
0.000000000000000000e+00
1.125000076293945312e+02
1.042999954223632812e+02
0.000000000000000000e+00
0.000000000000000000e+00
0.000000000000000000e+00
0.000000000000000000e+00
1.125000076293945312e+02
3.500000000000000000e+01
0.000000000000000000e+00
0.000000000000000000e+00
0.000000000000000000e+00
0.000000000000000000e+00
1.125000076293945312e+02
8.959999847412109375e+01
0.000000000000000000e+00
0.000000000000000000e+00
0.000000000000000000e+00
0.000000000000000000e+00
1.125000076293945312e+02
9.450000000000000000e+01
0.000000000000000000e+00
0.000000000000000000e+00
0.000000000000000000e+00
0.000000000000000000e+00
1.125000076293945312e+02
7.000000000000000000e+01
0.000000000000000000e+00
0.000000000000000000e+00
0.000000000000000000e+00
0.000000000000000000e+00
1.011000061035156250e+02
3.709999847412109375e+01
0.000000000000000000e+00
0.000000000000000000e+00
0.000000000000000000e+00
0.000000000000000000e+00
9.450000000000000000e+01
7.979999542236328125e+01
0.000000000000000000e+00
0.000000000000000000e+00
0.000000000000000000e+00
0.000000000000000000e+00
0.000000000000000000e+00
0.000000000000000000e+00
0.000000000000000000e+00
0.000000000000000000e+00
0.000000000000000000e+00
0.000000000000000000e+00
0.000000000000000000e+00
0.000000000000000000e+00
0.000000000000000000e+00
0.000000000000000000e+00
0.000000000000000000e+00
0.000000000000000000e+00
0.000000000000000000e+00
0.000000000000000000e+00
0.000000000000000000e+00
0.000000000000000000e+00
0.000000000000000000e+00
0.000000000000000000e+00
0.000000000000000000e+00
0.000000000000000000e+00
0.000000000000000000e+00
0.000000000000000000e+00
0.000000000000000000e+00
0.000000000000000000e+00
0.000000000000000000e+00
0.000000000000000000e+00
0.000000000000000000e+00
0.000000000000000000e+00
0.000000000000000000e+00
0.000000000000000000e+00
0.000000000000000000e+00
0.000000000000000000e+00
0.000000000000000000e+00
0.000000000000000000e+00
0.000000000000000000e+00
0.000000000000000000e+00
9.450000000000000000e+01
2.519999885559082031e+01
0.000000000000000000e+00
0.000000000000000000e+00
0.000000000000000000e+00
0.000000000000000000e+00
9.450000000000000000e+01
8.750000000000000000e+01
0.000000000000000000e+00
0.000000000000000000e+00
0.000000000000000000e+00
0.000000000000000000e+00
9.450000000000000000e+01
5.950000000000000000e+01
0.000000000000000000e+00
0.000000000000000000e+00
0.000000000000000000e+00
0.000000000000000000e+00
9.450000000000000000e+01
7.350000000000000000e+01
0.000000000000000000e+00
0.000000000000000000e+00
0.000000000000000000e+00
0.000000000000000000e+00
9.450000000000000000e+01
4.689999771118164062e+01
0.000000000000000000e+00
0.000000000000000000e+00
0.000000000000000000e+00
0.000000000000000000e+00
9.450000000000000000e+01
6.229999923706054688e+01
0.000000000000000000e+00
0.000000000000000000e+00
0.000000000000000000e+00
0.000000000000000000e+00
9.450000000000000000e+01
6.300000000000000000e+01
0.000000000000000000e+00
0.000000000000000000e+00
0.000000000000000000e+00
0.000000000000000000e+00
9.450000000000000000e+01
8.259999847412109375e+01
0.000000000000000000e+00
0.000000000000000000e+00
0.000000000000000000e+00
0.000000000000000000e+00
9.450000000000000000e+01
4.409999847412109375e+01
0.000000000000000000e+00
0.000000000000000000e+00
0.000000000000000000e+00
0.000000000000000000e+00
9.450000000000000000e+01
7.419999694824218750e+01
0.000000000000000000e+00
0.000000000000000000e+00
0.000000000000000000e+00
0.000000000000000000e+00
9.450000000000000000e+01
4.409999847412109375e+01
0.000000000000000000e+00
0.000000000000000000e+00
0.000000000000000000e+00
0.000000000000000000e+00
9.450000000000000000e+01
8.959999847412109375e+01
0.000000000000000000e+00
0.000000000000000000e+00
0.000000000000000000e+00
0.000000000000000000e+00
9.450000000000000000e+01
3.920000076293945312e+01
0.000000000000000000e+00
0.000000000000000000e+00
0.000000000000000000e+00
0.000000000000000000e+00
9.450000000000000000e+01
7.769999694824218750e+01
0.000000000000000000e+00
0.000000000000000000e+00
0.000000000000000000e+00
0.000000000000000000e+00
9.450000000000000000e+01
5.809999847412109375e+01
0.000000000000000000e+00
0.000000000000000000e+00
0.000000000000000000e+00
0.000000000000000000e+00
9.450000000000000000e+01
6.440000152587890625e+01
0.000000000000000000e+00
0.000000000000000000e+00
0.000000000000000000e+00
0.000000000000000000e+00
9.450000000000000000e+01
5.600000000000000000e+01
0.000000000000000000e+00
0.000000000000000000e+00
0.000000000000000000e+00
0.000000000000000000e+00
9.450000000000000000e+01
7.279999542236328125e+01
0.000000000000000000e+00
0.000000000000000000e+00
0.000000000000000000e+00
0.000000000000000000e+00
9.450000000000000000e+01
5.109999847412109375e+01
0.000000000000000000e+00
0.000000000000000000e+00
0.000000000000000000e+00
0.000000000000000000e+00
9.450000000000000000e+01
8.540000152587890625e+01
0.000000000000000000e+00
0.000000000000000000e+00
0.000000000000000000e+00
0.000000000000000000e+00
9.450000000000000000e+01
3.359999847412109375e+01
0.000000000000000000e+00
0.000000000000000000e+00
0.000000000000000000e+00
0.000000000000000000e+00
9.450000000000000000e+01
7.769999694824218750e+01
0.000000000000000000e+00
0.000000000000000000e+00
0.000000000000000000e+00
0.000000000000000000e+00
9.450000000000000000e+01
5.459999847412109375e+01
0.000000000000000000e+00
0.000000000000000000e+00
0.000000000000000000e+00
0.000000000000000000e+00
9.450000000000000000e+01
7.490000152587890625e+01
0.000000000000000000e+00
0.000000000000000000e+00
0.000000000000000000e+00
0.000000000000000000e+00
9.450000000000000000e+01
4.550000000000000000e+01
0.000000000000000000e+00
0.000000000000000000e+00
0.000000000000000000e+00
0.000000000000000000e+00
9.450000000000000000e+01
6.790000152587890625e+01
0.000000000000000000e+00
0.000000000000000000e+00
0.000000000000000000e+00
0.000000000000000000e+00
9.450000000000000000e+01
6.440000152587890625e+01
0.000000000000000000e+00
0.000000000000000000e+00
0.000000000000000000e+00
0.000000000000000000e+00
9.450000000000000000e+01
7.350000000000000000e+01
0.000000000000000000e+00
0.000000000000000000e+00
0.000000000000000000e+00
0.000000000000000000e+00
9.450000000000000000e+01
3.989999771118164062e+01
0.000000000000000000e+00
0.000000000000000000e+00
1.800000000000000000e+01
1.679999923706054688e+01
8.280000305175781250e+01
6.300000000000000000e+01
0.000000000000000000e+00
0.000000000000000000e+00
1.800000000000000000e+01
1.189999961853027344e+01
7.410000610351562500e+01
4.900000000000000000e+01
0.000000000000000000e+00
0.000000000000000000e+00
1.800000000000000000e+01
1.050000000000000000e+01
6.630000305175781250e+01
4.900000000000000000e+01
0.000000000000000000e+00
0.000000000000000000e+00
1.800000000000000000e+01
5.599999904632568359e+00
6.240000152587890625e+01
3.150000000000000000e+01
0.000000000000000000e+00
0.000000000000000000e+00
1.800000000000000000e+01
9.099999427795410156e+00
5.820000076293945312e+01
4.059999847412109375e+01
0.000000000000000000e+00
0.000000000000000000e+00
1.020000076293945312e+01
7.000000000000000000e+00
2.460000038146972656e+01
7.699999809265136719e+00
0.000000000000000000e+00
0.000000000000000000e+00
0.000000000000000000e+00
1.170000076293945312e+01
5.599999904632568359e+00
3.600000143051147461e+00
7.600000381469726562e+00
6.100000381469726562e+00
5.000000000000000000e+00
1.110000038146972656e+01
3.500000000000000000e+00
6.300000190734863281e+00
2.599999904632568359e+00
1.000000000000000000e+01
7.000000000000000000e+00
1.290000057220458984e+01
9.099999427795410156e+00
6.300000190734863281e+00
4.699999809265136719e+00
1.010000038146972656e+01
4.900000095367431641e+00
1.410000038146972656e+01
6.299999713897705078e+00
6.300000190734863281e+00
5.399999618530273438e+00
1.030000019073486328e+01
4.900000095367431641e+00
1.440000057220458984e+01
8.399999618530273438e+00
6.300000190734863281e+00
3.299999952316284180e+00
9.900000572204589844e+00
3.500000000000000000e+00
1.170000076293945312e+01
5.599999904632568359e+00
3.000000000000000000e+00
6.200000286102294922e+00
2.099999904632568359e+00
0.000000000000000000e+00
1.980000114440917969e+01
9.099999427795410156e+00
3.000000000000000000e+00
2.799999952316284180e+00
0.000000000000000000e+00
0.000000000000000000e+00
2.160000038146972656e+01
1.539999961853027344e+01
3.000000000000000000e+00
1.399999976158142090e+00
0.000000000000000000e+00
0.000000000000000000e+00
0.000000000000000000e+00
0.000000000000000000e+00
0.000000000000000000e+00
0.000000000000000000e+00
0.000000000000000000e+00
0.000000000000000000e+00
0.000000000000000000e+00
0.000000000000000000e+00
0.000000000000000000e+00
0.000000000000000000e+00
0.000000000000000000e+00
0.000000000000000000e+00
0.000000000000000000e+00
0.000000000000000000e+00
0.000000000000000000e+00
0.000000000000000000e+00
0.000000000000000000e+00
0.000000000000000000e+00
0.000000000000000000e+00
0.000000000000000000e+00
0.000000000000000000e+00
0.000000000000000000e+00
0.000000000000000000e+00
0.000000000000000000e+00
0.000000000000000000e+00
0.000000000000000000e+00
0.000000000000000000e+00
0.000000000000000000e+00
0.000000000000000000e+00
0.000000000000000000e+00
0.000000000000000000e+00
0.000000000000000000e+00
0.000000000000000000e+00
0.000000000000000000e+00
0.000000000000000000e+00
0.000000000000000000e+00
0.000000000000000000e+00
0.000000000000000000e+00
0.000000000000000000e+00
0.000000000000000000e+00
0.000000000000000000e+00
0.000000000000000000e+00
0.000000000000000000e+00
2.220000076293945312e+01
0.000000000000000000e+00
0.000000000000000000e+00
0.000000000000000000e+00
3.000000119209289551e-01
0.000000000000000000e+00
2.340000152587890625e+01
2.099999904632568359e+00
0.000000000000000000e+00
0.000000000000000000e+00
3.000000119209289551e-01
0.000000000000000000e+00
2.400000000000000000e+01
7.000000000000000000e+00
0.000000000000000000e+00
0.000000000000000000e+00
3.000000119209289551e-01
6.999999880790710449e-01
2.460000038146972656e+01
1.330000019073486328e+01
0.000000000000000000e+00
3.000000119209289551e-01
1.299999952316284180e+00
3.000000119209289551e-01
2.490000152587890625e+01
2.450000000000000000e+01
0.000000000000000000e+00
3.000000119209289551e-01
9.000000357627868652e-01
9.000000357627868652e-01
2.490000152587890625e+01
2.029999923706054688e+01
0.000000000000000000e+00
3.000000119209289551e-01
9.000000357627868652e-01
1.600000023841857910e+00
2.520000076293945312e+01
1.259999942779541016e+01
0.000000000000000000e+00
3.000000119209289551e-01
9.000000357627868652e-01
9.000000357627868652e-01
2.580000114440917969e+01
1.469999980926513672e+01
0.000000000000000000e+00
3.000000119209289551e-01
6.000000238418579102e-01
1.399999976158142090e+00
9.900000572204589844e+00
4.900000095367431641e+00
0.000000000000000000e+00
0.000000000000000000e+00
0.000000000000000000e+00
0.000000000000000000e+00
0.000000000000000000e+00
0.000000000000000000e+00
0.000000000000000000e+00
0.000000000000000000e+00
0.000000000000000000e+00
0.000000000000000000e+00
0.000000000000000000e+00
0.000000000000000000e+00
0.000000000000000000e+00
0.000000000000000000e+00
0.000000000000000000e+00
0.000000000000000000e+00
0.000000000000000000e+00
0.000000000000000000e+00
0.000000000000000000e+00
0.000000000000000000e+00
0.000000000000000000e+00
0.000000000000000000e+00
0.000000000000000000e+00
0.000000000000000000e+00
0.000000000000000000e+00
0.000000000000000000e+00
0.000000000000000000e+00
0.000000000000000000e+00
0.000000000000000000e+00
0.000000000000000000e+00
0.000000000000000000e+00
0.000000000000000000e+00
0.000000000000000000e+00
0.000000000000000000e+00
0.000000000000000000e+00
0.000000000000000000e+00
2.190000152587890625e+01
0.000000000000000000e+00
0.000000000000000000e+00
0.000000000000000000e+00
0.000000000000000000e+00
0.000000000000000000e+00
2.130000114440917969e+01
4.199999809265136719e+00
0.000000000000000000e+00
0.000000000000000000e+00
0.000000000000000000e+00
6.000000238418579102e-01
2.220000076293945312e+01
7.699999809265136719e+00
0.000000000000000000e+00
0.000000000000000000e+00
0.000000000000000000e+00
6.000000238418579102e-01
2.290000152587890625e+01
1.119999980926513672e+01
0.000000000000000000e+00
0.000000000000000000e+00
3.000000119209289551e-01
0.000000000000000000e+00
2.400000000000000000e+01
1.750000000000000000e+01
0.000000000000000000e+00
0.000000000000000000e+00
3.000000119209289551e-01
9.000000357627868652e-01
2.580000114440917969e+01
1.679999923706054688e+01
0.000000000000000000e+00
0.000000000000000000e+00
3.000000119209289551e-01
1.200000047683715820e+00
9.660000610351562500e+01
3.989999771118164062e+01
0.000000000000000000e+00
0.000000000000000000e+00
3.000000119209289551e-01
1.200000047683715820e+00
9.730000305175781250e+01
5.809999847412109375e+01
0.000000000000000000e+00
0.000000000000000000e+00
3.000000119209289551e-01
1.200000047683715820e+00
9.660000610351562500e+01
8.609999847412109375e+01
0.000000000000000000e+00
0.000000000000000000e+00
3.000000119209289551e-01
1.200000047683715820e+00
7.770000457763671875e+01
5.109999847412109375e+01
0.000000000000000000e+00
0.000000000000000000e+00
0.000000000000000000e+00
1.500000000000000000e+00
0.000000000000000000e+00
0.000000000000000000e+00
0.000000000000000000e+00
0.000000000000000000e+00
0.000000000000000000e+00
0.000000000000000000e+00
0.000000000000000000e+00
0.000000000000000000e+00
0.000000000000000000e+00
0.000000000000000000e+00
0.000000000000000000e+00
0.000000000000000000e+00
0.000000000000000000e+00
0.000000000000000000e+00
0.000000000000000000e+00
0.000000000000000000e+00
0.000000000000000000e+00
0.000000000000000000e+00
0.000000000000000000e+00
0.000000000000000000e+00
0.000000000000000000e+00
0.000000000000000000e+00
0.000000000000000000e+00
0.000000000000000000e+00
0.000000000000000000e+00
0.000000000000000000e+00
0.000000000000000000e+00
0.000000000000000000e+00
0.000000000000000000e+00
0.000000000000000000e+00
0.000000000000000000e+00
0.000000000000000000e+00
0.000000000000000000e+00
0.000000000000000000e+00
7.920000457763671875e+01
2.099999904632568359e+00
0.000000000000000000e+00
0.000000000000000000e+00
0.000000000000000000e+00
0.000000000000000000e+00
7.920000457763671875e+01
4.829999923706054688e+01
0.000000000000000000e+00
0.000000000000000000e+00
0.000000000000000000e+00
0.000000000000000000e+00
7.920000457763671875e+01
5.389999771118164062e+01
0.000000000000000000e+00
0.000000000000000000e+00
0.000000000000000000e+00
0.000000000000000000e+00
7.920000457763671875e+01
7.419999694824218750e+01
0.000000000000000000e+00
0.000000000000000000e+00
0.000000000000000000e+00
0.000000000000000000e+00
7.920000457763671875e+01
4.339999771118164062e+01
0.000000000000000000e+00
0.000000000000000000e+00
0.000000000000000000e+00
0.000000000000000000e+00
7.920000457763671875e+01
4.970000076293945312e+01
0.000000000000000000e+00
0.000000000000000000e+00
0.000000000000000000e+00
0.000000000000000000e+00
7.920000457763671875e+01
5.179999923706054688e+01
0.000000000000000000e+00
0.000000000000000000e+00
0.000000000000000000e+00
0.000000000000000000e+00
7.920000457763671875e+01
5.250000000000000000e+01
0.000000000000000000e+00
0.000000000000000000e+00
0.000000000000000000e+00
0.000000000000000000e+00
7.920000457763671875e+01
3.639999771118164062e+01
0.000000000000000000e+00
0.000000000000000000e+00
0.000000000000000000e+00
0.000000000000000000e+00
7.410000610351562500e+01
5.739999771118164062e+01
0.000000000000000000e+00
0.000000000000000000e+00
0.000000000000000000e+00
0.000000000000000000e+00
0.000000000000000000e+00
7.410000610351562500e+01
3.989999771118164062e+01
0.000000000000000000e+00
0.000000000000000000e+00
0.000000000000000000e+00
0.000000000000000000e+00
0.000000000000000000e+00
0.000000000000000000e+00
0.000000000000000000e+00
0.000000000000000000e+00
0.000000000000000000e+00
0.000000000000000000e+00
0.000000000000000000e+00
0.000000000000000000e+00
0.000000000000000000e+00
0.000000000000000000e+00
0.000000000000000000e+00
0.000000000000000000e+00
0.000000000000000000e+00
0.000000000000000000e+00
0.000000000000000000e+00
0.000000000000000000e+00
0.000000000000000000e+00
0.000000000000000000e+00
0.000000000000000000e+00
0.000000000000000000e+00
0.000000000000000000e+00
0.000000000000000000e+00
0.000000000000000000e+00
0.000000000000000000e+00
0.000000000000000000e+00
0.000000000000000000e+00
0.000000000000000000e+00
0.000000000000000000e+00
0.000000000000000000e+00
7.410000610351562500e+01
2.799999952316284180e+00
0.000000000000000000e+00
0.000000000000000000e+00
0.000000000000000000e+00
0.000000000000000000e+00
7.410000610351562500e+01
5.600000000000000000e+01
0.000000000000000000e+00
0.000000000000000000e+00
0.000000000000000000e+00
0.000000000000000000e+00
7.410000610351562500e+01
6.229999923706054688e+01
0.000000000000000000e+00
0.000000000000000000e+00
0.000000000000000000e+00
0.000000000000000000e+00
7.410000610351562500e+01
6.300000000000000000e+01
0.000000000000000000e+00
0.000000000000000000e+00
0.000000000000000000e+00
0.000000000000000000e+00
7.410000610351562500e+01
2.519999885559082031e+01
0.000000000000000000e+00
0.000000000000000000e+00
0.000000000000000000e+00
0.000000000000000000e+00
7.410000610351562500e+01
4.829999923706054688e+01
0.000000000000000000e+00
0.000000000000000000e+00
0.000000000000000000e+00
0.000000000000000000e+00
7.410000610351562500e+01
4.339999771118164062e+01
0.000000000000000000e+00
0.000000000000000000e+00
0.000000000000000000e+00
0.000000000000000000e+00
7.410000610351562500e+01
5.600000000000000000e+01
0.000000000000000000e+00
0.000000000000000000e+00
0.000000000000000000e+00
0.000000000000000000e+00
7.410000610351562500e+01
3.359999847412109375e+01
0.000000000000000000e+00
0.000000000000000000e+00
0.000000000000000000e+00
0.000000000000000000e+00
7.410000610351562500e+01
5.529999923706054688e+01
0.000000000000000000e+00
0.000000000000000000e+00
0.000000000000000000e+00
0.000000000000000000e+00
0.000000000000000000e+00
0.000000000000000000e+00
0.000000000000000000e+00
0.000000000000000000e+00
0.000000000000000000e+00
0.000000000000000000e+00
0.000000000000000000e+00
0.000000000000000000e+00
0.000000000000000000e+00
0.000000000000000000e+00
0.000000000000000000e+00
0.000000000000000000e+00
0.000000000000000000e+00
0.000000000000000000e+00
0.000000000000000000e+00
0.000000000000000000e+00
0.000000000000000000e+00
0.000000000000000000e+00
0.000000000000000000e+00
0.000000000000000000e+00
0.000000000000000000e+00
0.000000000000000000e+00
0.000000000000000000e+00
0.000000000000000000e+00
0.000000000000000000e+00
0.000000000000000000e+00
0.000000000000000000e+00
0.000000000000000000e+00
0.000000000000000000e+00
0.000000000000000000e+00
0.000000000000000000e+00
0.000000000000000000e+00
0.000000000000000000e+00
0.000000000000000000e+00
7.410000610351562500e+01
4.199999809265136719e+00
3.420000076293945312e+01
2.169999885559082031e+01
0.000000000000000000e+00
0.000000000000000000e+00
7.410000610351562500e+01
5.670000076293945312e+01
1.890000152587890625e+01
1.889999961853027344e+01
0.000000000000000000e+00
0.000000000000000000e+00
7.410000610351562500e+01
6.370000076293945312e+01
1.170000076293945312e+01
1.050000000000000000e+01
0.000000000000000000e+00
3.000000119209289551e-01
7.440000152587890625e+01
5.529999923706054688e+01
6.900000095367431641e+00
2.099999904632568359e+00
0.000000000000000000e+00
3.000000119209289551e-01
7.630000305175781250e+01
2.519999885559082031e+01
5.700000286102294922e+00
3.500000000000000000e+00
3.000000119209289551e-01
9.000000357627868652e-01
7.530000305175781250e+01
3.920000076293945312e+01
5.100000381469726562e+00
5.599999904632568359e+00
3.000000119209289551e-01
9.000000357627868652e-01
7.530000305175781250e+01
4.129999923706054688e+01
4.800000190734863281e+00
1.399999976158142090e+00
6.000000238418579102e-01
1.600000023841857910e+00
7.569999694824218750e+01
6.790000152587890625e+01
4.200000286102294922e+00
2.099999904632568359e+00
6.000000238418579102e-01
1.200000047683715820e+00
7.500000000000000000e+01
4.270000076293945312e+01
4.200000286102294922e+00
2.099999904632568359e+00
6.000000238418579102e-01
1.200000047683715820e+00
7.500000000000000000e+01
4.689999771118164062e+01
3.900000095367431641e+00
2.099999904632568359e+00
9.000000357627868652e-01
9.000000357627868652e-01
7.530000305175781250e+01
4.059999847412109375e+01
3.600000143051147461e+00
1.399999976158142090e+00
9.000000357627868652e-01
1.600000023841857910e+00
7.440000152587890625e+01
4.970000076293945312e+01
3.300000190734863281e+00
2.799999952316284180e+00
1.200000047683715820e+00
1.000000000000000000e+00
7.440000152587890625e+01
3.989999771118164062e+01
3.300000190734863281e+00
1.399999976158142090e+00
1.200000047683715820e+00
3.000000119209289551e-01
7.440000152587890625e+01
5.879999923706054688e+01
3.000000000000000000e+00
1.399999976158142090e+00
1.200000047683715820e+00
6.999999880790710449e-01
7.500000000000000000e+01
4.129999923706054688e+01
2.400000095367431641e+00
1.000000000000000000e+00
1.500000000000000000e+00
6.999999880790710449e-01
7.470000457763671875e+01
4.339999771118164062e+01
2.400000095367431641e+00
0.000000000000000000e+00
1.800000071525573730e+00
6.999999880790710449e-01
7.470000457763671875e+01
3.570000076293945312e+01
2.400000095367431641e+00
2.799999952316284180e+00
1.800000071525573730e+00
0.000000000000000000e+00
7.470000457763671875e+01
6.579999542236328125e+01
1.800000071525573730e+00
1.000000000000000000e+00
2.100000143051147461e+00
0.000000000000000000e+00
7.470000457763671875e+01
4.550000000000000000e+01
1.800000071525573730e+00
3.000000119209289551e-01
2.100000143051147461e+00
1.399999976158142090e+00
7.440000152587890625e+01
4.479999923706054688e+01
1.500000000000000000e+00
3.000000119209289551e-01
2.400000095367431641e+00
6.999999880790710449e-01
7.440000152587890625e+01
3.429999923706054688e+01
1.500000000000000000e+00
6.999999880790710449e-01
2.700000047683715820e+00
1.399999976158142090e+00
7.410000610351562500e+01
5.039999771118164062e+01
1.500000000000000000e+00
6.999999880790710449e-01
2.700000047683715820e+00
1.399999976158142090e+00
7.410000610351562500e+01
6.159999847412109375e+01
1.500000000000000000e+00
6.999999880790710449e-01
2.700000047683715820e+00
6.999999880790710449e-01
7.410000610351562500e+01
4.409999847412109375e+01
1.500000000000000000e+00
0.000000000000000000e+00
2.700000047683715820e+00
6.999999880790710449e-01
7.410000610351562500e+01
2.100000000000000000e+01
1.500000000000000000e+00
6.999999880790710449e-01
2.700000047683715820e+00
1.399999976158142090e+00
7.410000610351562500e+01
5.109999847412109375e+01
1.500000000000000000e+00
1.399999976158142090e+00
2.700000047683715820e+00
1.399999976158142090e+00
7.290000152587890625e+01
5.320000076293945312e+01
1.500000000000000000e+00
1.399999976158142090e+00
2.700000047683715820e+00
6.999999880790710449e-01
7.290000152587890625e+01
5.039999771118164062e+01
1.500000000000000000e+00
0.000000000000000000e+00
2.700000047683715820e+00
2.799999952316284180e+00
7.170000457763671875e+01
3.639999771118164062e+01
1.500000000000000000e+00
0.000000000000000000e+00
2.700000047683715820e+00
0.000000000000000000e+00
7.170000457763671875e+01
4.689999771118164062e+01
1.500000000000000000e+00
0.000000000000000000e+00
2.700000047683715820e+00
0.000000000000000000e+00
7.170000457763671875e+01
4.200000000000000000e+01
1.500000000000000000e+00
0.000000000000000000e+00
2.700000047683715820e+00
0.000000000000000000e+00
7.170000457763671875e+01
4.689999771118164062e+01
1.500000000000000000e+00
6.999999880790710449e-01
2.700000047683715820e+00
1.399999976158142090e+00
7.140000152587890625e+01
4.409999847412109375e+01
1.500000000000000000e+00
6.999999880790710449e-01
2.700000047683715820e+00
2.099999904632568359e+00
7.050000000000000000e+01
4.970000076293945312e+01
1.500000000000000000e+00
6.999999880790710449e-01
2.700000047683715820e+00
0.000000000000000000e+00
6.990000152587890625e+01
3.920000076293945312e+01
1.500000000000000000e+00
1.399999976158142090e+00
2.700000047683715820e+00
6.999999880790710449e-01
6.990000152587890625e+01
2.800000000000000000e+01
1.500000000000000000e+00
6.999999880790710449e-01
2.700000047683715820e+00
1.399999976158142090e+00
6.960000610351562500e+01
3.570000076293945312e+01
1.500000000000000000e+00
6.999999880790710449e-01
2.700000047683715820e+00
6.999999880790710449e-01
6.960000610351562500e+01
6.440000152587890625e+01
1.500000000000000000e+00
0.000000000000000000e+00
2.700000047683715820e+00
2.799999952316284180e+00
6.840000152587890625e+01
4.270000076293945312e+01
1.500000000000000000e+00
0.000000000000000000e+00
2.700000047683715820e+00
0.000000000000000000e+00
6.840000152587890625e+01
3.779999923706054688e+01
1.500000000000000000e+00
0.000000000000000000e+00
2.700000047683715820e+00
6.999999880790710449e-01
6.840000152587890625e+01
3.150000000000000000e+01
1.500000000000000000e+00
1.399999976158142090e+00
2.700000047683715820e+00
1.399999976158142090e+00
6.840000152587890625e+01
4.620000076293945312e+01
1.200000047683715820e+00
1.000000000000000000e+00
6.000000238418579102e-01
1.299999952316284180e+00
1.044000015258789062e+02
7.629999542236328125e+01
6.000000238418579102e-01
6.000000238418579102e-01
0.000000000000000000e+00
1.200000047683715820e+00
6.999999880790710449e-01
8.370000457763671875e+01
4.829999923706054688e+01
3.000000119209289551e-01
0.000000000000000000e+00
0.000000000000000000e+00
0.000000000000000000e+00
0.000000000000000000e+00
0.000000000000000000e+00
0.000000000000000000e+00
0.000000000000000000e+00
0.000000000000000000e+00
0.000000000000000000e+00
0.000000000000000000e+00
0.000000000000000000e+00
0.000000000000000000e+00
0.000000000000000000e+00
0.000000000000000000e+00
0.000000000000000000e+00
0.000000000000000000e+00
0.000000000000000000e+00
0.000000000000000000e+00
0.000000000000000000e+00
0.000000000000000000e+00
0.000000000000000000e+00
0.000000000000000000e+00
0.000000000000000000e+00
0.000000000000000000e+00
0.000000000000000000e+00
0.000000000000000000e+00
0.000000000000000000e+00
0.000000000000000000e+00
0.000000000000000000e+00
0.000000000000000000e+00
0.000000000000000000e+00
0.000000000000000000e+00
8.520000457763671875e+01
1.119999980926513672e+01
0.000000000000000000e+00
0.000000000000000000e+00
0.000000000000000000e+00
0.000000000000000000e+00
8.160000610351562500e+01
3.920000076293945312e+01
0.000000000000000000e+00
0.000000000000000000e+00
0.000000000000000000e+00
0.000000000000000000e+00
8.160000610351562500e+01
6.579999542236328125e+01
0.000000000000000000e+00
0.000000000000000000e+00
0.000000000000000000e+00
0.000000000000000000e+00
8.160000610351562500e+01
6.440000152587890625e+01
0.000000000000000000e+00
0.000000000000000000e+00
0.000000000000000000e+00
0.000000000000000000e+00
8.070000457763671875e+01
5.109999847412109375e+01
0.000000000000000000e+00
0.000000000000000000e+00
0.000000000000000000e+00
0.000000000000000000e+00
8.070000457763671875e+01
3.570000076293945312e+01
0.000000000000000000e+00
0.000000000000000000e+00
0.000000000000000000e+00
0.000000000000000000e+00
8.070000457763671875e+01
4.900000000000000000e+01
0.000000000000000000e+00
0.000000000000000000e+00
0.000000000000000000e+00
0.000000000000000000e+00
8.070000457763671875e+01
5.529999923706054688e+01
0.000000000000000000e+00
0.000000000000000000e+00
0.000000000000000000e+00
0.000000000000000000e+00
8.070000457763671875e+01
4.689999771118164062e+01
0.000000000000000000e+00
0.000000000000000000e+00
0.000000000000000000e+00
0.000000000000000000e+00
8.070000457763671875e+01
3.850000000000000000e+01
0.000000000000000000e+00
0.000000000000000000e+00
0.000000000000000000e+00
0.000000000000000000e+00
0.000000000000000000e+00
0.000000000000000000e+00
0.000000000000000000e+00
0.000000000000000000e+00
0.000000000000000000e+00
0.000000000000000000e+00
0.000000000000000000e+00
0.000000000000000000e+00
0.000000000000000000e+00
0.000000000000000000e+00
0.000000000000000000e+00
0.000000000000000000e+00
0.000000000000000000e+00
0.000000000000000000e+00
0.000000000000000000e+00
0.000000000000000000e+00
0.000000000000000000e+00
0.000000000000000000e+00
0.000000000000000000e+00
0.000000000000000000e+00
0.000000000000000000e+00
0.000000000000000000e+00
0.000000000000000000e+00
0.000000000000000000e+00
0.000000000000000000e+00
0.000000000000000000e+00
0.000000000000000000e+00
0.000000000000000000e+00
0.000000000000000000e+00
0.000000000000000000e+00
0.000000000000000000e+00
0.000000000000000000e+00
0.000000000000000000e+00
0.000000000000000000e+00
0.000000000000000000e+00
0.000000000000000000e+00
0.000000000000000000e+00
0.000000000000000000e+00
0.000000000000000000e+00
0.000000000000000000e+00
0.000000000000000000e+00
0.000000000000000000e+00
0.000000000000000000e+00
0.000000000000000000e+00
0.000000000000000000e+00
0.000000000000000000e+00
0.000000000000000000e+00
0.000000000000000000e+00
0.000000000000000000e+00
0.000000000000000000e+00
0.000000000000000000e+00
0.000000000000000000e+00
0.000000000000000000e+00
0.000000000000000000e+00
8.070000457763671875e+01
0.000000000000000000e+00
0.000000000000000000e+00
0.000000000000000000e+00
0.000000000000000000e+00
0.000000000000000000e+00
8.070000457763671875e+01
3.010000038146972656e+01
0.000000000000000000e+00
0.000000000000000000e+00
0.000000000000000000e+00
0.000000000000000000e+00
8.070000457763671875e+01
7.279999542236328125e+01
0.000000000000000000e+00
0.000000000000000000e+00
0.000000000000000000e+00
0.000000000000000000e+00
8.070000457763671875e+01
6.859999847412109375e+01
0.000000000000000000e+00
0.000000000000000000e+00
0.000000000000000000e+00
0.000000000000000000e+00
8.070000457763671875e+01
4.689999771118164062e+01
0.000000000000000000e+00
0.000000000000000000e+00
0.000000000000000000e+00
0.000000000000000000e+00
8.070000457763671875e+01
4.200000000000000000e+01
0.000000000000000000e+00
0.000000000000000000e+00
0.000000000000000000e+00
0.000000000000000000e+00
0.000000000000000000e+00
0.000000000000000000e+00
0.000000000000000000e+00
8.070000457763671875e+01
2.519999885559082031e+01
0.000000000000000000e+00
0.000000000000000000e+00
0.000000000000000000e+00
0.000000000000000000e+00
0.000000000000000000e+00
0.000000000000000000e+00
0.000000000000000000e+00
0.000000000000000000e+00
0.000000000000000000e+00
0.000000000000000000e+00
0.000000000000000000e+00
0.000000000000000000e+00
0.000000000000000000e+00
0.000000000000000000e+00
0.000000000000000000e+00
0.000000000000000000e+00
0.000000000000000000e+00
0.000000000000000000e+00
0.000000000000000000e+00
0.000000000000000000e+00
0.000000000000000000e+00
0.000000000000000000e+00
0.000000000000000000e+00
0.000000000000000000e+00
0.000000000000000000e+00
0.000000000000000000e+00
0.000000000000000000e+00
0.000000000000000000e+00
0.000000000000000000e+00
0.000000000000000000e+00
0.000000000000000000e+00
0.000000000000000000e+00
0.000000000000000000e+00
0.000000000000000000e+00
0.000000000000000000e+00
8.070000457763671875e+01
1.469999980926513672e+01
0.000000000000000000e+00
0.000000000000000000e+00
0.000000000000000000e+00
0.000000000000000000e+00
8.070000457763671875e+01
5.320000076293945312e+01
0.000000000000000000e+00
0.000000000000000000e+00
0.000000000000000000e+00
0.000000000000000000e+00
8.070000457763671875e+01
5.879999923706054688e+01
0.000000000000000000e+00
0.000000000000000000e+00
0.000000000000000000e+00
0.000000000000000000e+00
1.125000076293945312e+02
1.035999984741210938e+02
0.000000000000000000e+00
0.000000000000000000e+00
0.000000000000000000e+00
0.000000000000000000e+00
1.125000076293945312e+02
4.970000076293945312e+01
0.000000000000000000e+00
0.000000000000000000e+00
0.000000000000000000e+00
0.000000000000000000e+00
1.125000076293945312e+02
5.389999771118164062e+01
0.000000000000000000e+00
0.000000000000000000e+00
0.000000000000000000e+00
0.000000000000000000e+00
1.125000076293945312e+02
7.840000152587890625e+01
0.000000000000000000e+00
0.000000000000000000e+00
0.000000000000000000e+00
0.000000000000000000e+00
1.125000076293945312e+02
9.169999694824218750e+01
0.000000000000000000e+00
0.000000000000000000e+00
0.000000000000000000e+00
0.000000000000000000e+00
1.011000061035156250e+02
4.689999771118164062e+01
0.000000000000000000e+00
0.000000000000000000e+00
0.000000000000000000e+00
0.000000000000000000e+00
1.011000061035156250e+02
5.389999771118164062e+01
0.000000000000000000e+00
0.000000000000000000e+00
0.000000000000000000e+00
0.000000000000000000e+00
0.000000000000000000e+00
1.011000061035156250e+02
4.479999923706054688e+01
0.000000000000000000e+00
0.000000000000000000e+00
0.000000000000000000e+00
0.000000000000000000e+00
0.000000000000000000e+00
0.000000000000000000e+00
0.000000000000000000e+00
0.000000000000000000e+00
0.000000000000000000e+00
0.000000000000000000e+00
0.000000000000000000e+00
0.000000000000000000e+00
0.000000000000000000e+00
0.000000000000000000e+00
0.000000000000000000e+00
0.000000000000000000e+00
0.000000000000000000e+00
0.000000000000000000e+00
0.000000000000000000e+00
0.000000000000000000e+00
0.000000000000000000e+00
0.000000000000000000e+00
0.000000000000000000e+00
0.000000000000000000e+00
0.000000000000000000e+00
0.000000000000000000e+00
0.000000000000000000e+00
0.000000000000000000e+00
0.000000000000000000e+00
0.000000000000000000e+00
0.000000000000000000e+00
0.000000000000000000e+00
0.000000000000000000e+00
0.000000000000000000e+00
0.000000000000000000e+00
1.011000061035156250e+02
1.400000000000000000e+01
0.000000000000000000e+00
0.000000000000000000e+00
0.000000000000000000e+00
0.000000000000000000e+00
1.011000061035156250e+02
9.309999847412109375e+01
0.000000000000000000e+00
0.000000000000000000e+00
0.000000000000000000e+00
0.000000000000000000e+00
1.011000061035156250e+02
7.000000000000000000e+01
0.000000000000000000e+00
0.000000000000000000e+00
0.000000000000000000e+00
0.000000000000000000e+00
1.011000061035156250e+02
7.279999542236328125e+01
0.000000000000000000e+00
0.000000000000000000e+00
0.000000000000000000e+00
0.000000000000000000e+00
1.011000061035156250e+02
3.079999923706054688e+01
0.000000000000000000e+00
0.000000000000000000e+00
0.000000000000000000e+00
0.000000000000000000e+00
1.011000061035156250e+02
7.069999694824218750e+01
0.000000000000000000e+00
0.000000000000000000e+00
0.000000000000000000e+00
0.000000000000000000e+00
1.011000061035156250e+02
5.950000000000000000e+01
0.000000000000000000e+00
0.000000000000000000e+00
0.000000000000000000e+00
0.000000000000000000e+00
1.011000061035156250e+02
7.769999694824218750e+01
0.000000000000000000e+00
0.000000000000000000e+00
0.000000000000000000e+00
0.000000000000000000e+00
9.450000000000000000e+01
3.289999771118164062e+01
0.000000000000000000e+00
0.000000000000000000e+00
0.000000000000000000e+00
0.000000000000000000e+00
0.000000000000000000e+00
9.450000000000000000e+01
6.370000076293945312e+01
0.000000000000000000e+00
0.000000000000000000e+00
0.000000000000000000e+00
0.000000000000000000e+00
0.000000000000000000e+00
0.000000000000000000e+00
0.000000000000000000e+00
0.000000000000000000e+00
0.000000000000000000e+00
0.000000000000000000e+00
0.000000000000000000e+00
0.000000000000000000e+00
0.000000000000000000e+00
0.000000000000000000e+00
0.000000000000000000e+00
0.000000000000000000e+00
0.000000000000000000e+00
0.000000000000000000e+00
0.000000000000000000e+00
0.000000000000000000e+00
0.000000000000000000e+00
0.000000000000000000e+00
0.000000000000000000e+00
0.000000000000000000e+00
0.000000000000000000e+00
0.000000000000000000e+00
0.000000000000000000e+00
0.000000000000000000e+00
0.000000000000000000e+00
0.000000000000000000e+00
0.000000000000000000e+00
0.000000000000000000e+00
0.000000000000000000e+00
0.000000000000000000e+00
0.000000000000000000e+00
9.450000000000000000e+01
7.699999809265136719e+00
0.000000000000000000e+00
0.000000000000000000e+00
0.000000000000000000e+00
0.000000000000000000e+00
9.450000000000000000e+01
6.650000000000000000e+01
0.000000000000000000e+00
0.000000000000000000e+00
0.000000000000000000e+00
0.000000000000000000e+00
9.450000000000000000e+01
6.719999694824218750e+01
0.000000000000000000e+00
0.000000000000000000e+00
0.000000000000000000e+00
0.000000000000000000e+00
9.450000000000000000e+01
7.979999542236328125e+01
0.000000000000000000e+00
0.000000000000000000e+00
0.000000000000000000e+00
0.000000000000000000e+00
9.450000000000000000e+01
3.220000076293945312e+01
0.000000000000000000e+00
0.000000000000000000e+00
0.000000000000000000e+00
0.000000000000000000e+00
9.450000000000000000e+01
4.759999847412109375e+01
0.000000000000000000e+00
0.000000000000000000e+00
0.000000000000000000e+00
0.000000000000000000e+00
9.450000000000000000e+01
5.320000076293945312e+01
0.000000000000000000e+00
0.000000000000000000e+00
0.000000000000000000e+00
0.000000000000000000e+00
9.450000000000000000e+01
7.350000000000000000e+01
0.000000000000000000e+00
0.000000000000000000e+00
0.000000000000000000e+00
0.000000000000000000e+00
9.450000000000000000e+01
4.339999771118164062e+01
0.000000000000000000e+00
0.000000000000000000e+00
0.000000000000000000e+00
0.000000000000000000e+00
9.450000000000000000e+01
6.020000076293945312e+01
0.000000000000000000e+00
0.000000000000000000e+00
0.000000000000000000e+00
0.000000000000000000e+00
9.450000000000000000e+01
4.409999847412109375e+01
0.000000000000000000e+00
0.000000000000000000e+00
0.000000000000000000e+00
0.000000000000000000e+00
9.450000000000000000e+01
7.419999694824218750e+01
0.000000000000000000e+00
0.000000000000000000e+00
0.000000000000000000e+00
0.000000000000000000e+00
9.450000000000000000e+01
3.570000076293945312e+01
0.000000000000000000e+00
0.000000000000000000e+00
0.000000000000000000e+00
0.000000000000000000e+00
1.125000076293945312e+02
7.909999847412109375e+01
0.000000000000000000e+00
0.000000000000000000e+00
0.000000000000000000e+00
0.000000000000000000e+00
1.125000076293945312e+02
6.859999847412109375e+01
0.000000000000000000e+00
0.000000000000000000e+00
0.000000000000000000e+00
0.000000000000000000e+00
1.047000045776367188e+02
6.089999771118164062e+01
0.000000000000000000e+00
0.000000000000000000e+00
0.000000000000000000e+00
0.000000000000000000e+00
1.047000045776367188e+02
4.900000000000000000e+01
0.000000000000000000e+00
0.000000000000000000e+00
0.000000000000000000e+00
0.000000000000000000e+00
1.047000045776367188e+02
6.929999542236328125e+01
0.000000000000000000e+00
0.000000000000000000e+00
0.000000000000000000e+00
0.000000000000000000e+00
1.047000045776367188e+02
6.719999694824218750e+01
0.000000000000000000e+00
0.000000000000000000e+00
0.000000000000000000e+00
0.000000000000000000e+00
1.047000045776367188e+02
5.950000000000000000e+01
0.000000000000000000e+00
0.000000000000000000e+00
0.000000000000000000e+00
0.000000000000000000e+00
0.000000000000000000e+00
0.000000000000000000e+00
0.000000000000000000e+00
0.000000000000000000e+00
0.000000000000000000e+00
0.000000000000000000e+00
0.000000000000000000e+00
0.000000000000000000e+00
0.000000000000000000e+00
0.000000000000000000e+00
0.000000000000000000e+00
0.000000000000000000e+00
0.000000000000000000e+00
0.000000000000000000e+00
0.000000000000000000e+00
0.000000000000000000e+00
0.000000000000000000e+00
0.000000000000000000e+00
0.000000000000000000e+00
0.000000000000000000e+00
0.000000000000000000e+00
0.000000000000000000e+00
0.000000000000000000e+00
0.000000000000000000e+00
0.000000000000000000e+00
0.000000000000000000e+00
0.000000000000000000e+00
0.000000000000000000e+00
0.000000000000000000e+00
0.000000000000000000e+00
0.000000000000000000e+00
0.000000000000000000e+00
0.000000000000000000e+00
0.000000000000000000e+00
0.000000000000000000e+00
0.000000000000000000e+00
0.000000000000000000e+00
0.000000000000000000e+00
0.000000000000000000e+00
0.000000000000000000e+00
0.000000000000000000e+00
0.000000000000000000e+00
0.000000000000000000e+00
0.000000000000000000e+00
0.000000000000000000e+00
0.000000000000000000e+00
0.000000000000000000e+00
0.000000000000000000e+00
0.000000000000000000e+00
0.000000000000000000e+00
0.000000000000000000e+00
0.000000000000000000e+00
0.000000000000000000e+00
0.000000000000000000e+00
0.000000000000000000e+00
0.000000000000000000e+00
0.000000000000000000e+00
0.000000000000000000e+00
0.000000000000000000e+00
0.000000000000000000e+00
0.000000000000000000e+00
0.000000000000000000e+00
0.000000000000000000e+00
0.000000000000000000e+00
0.000000000000000000e+00
0.000000000000000000e+00
0.000000000000000000e+00
0.000000000000000000e+00
0.000000000000000000e+00
0.000000000000000000e+00
0.000000000000000000e+00
0.000000000000000000e+00
0.000000000000000000e+00
0.000000000000000000e+00
0.000000000000000000e+00
0.000000000000000000e+00
0.000000000000000000e+00
0.000000000000000000e+00
0.000000000000000000e+00
0.000000000000000000e+00
0.000000000000000000e+00
0.000000000000000000e+00
0.000000000000000000e+00
0.000000000000000000e+00
0.000000000000000000e+00
0.000000000000000000e+00
0.000000000000000000e+00
0.000000000000000000e+00
0.000000000000000000e+00
0.000000000000000000e+00
0.000000000000000000e+00
0.000000000000000000e+00
0.000000000000000000e+00
0.000000000000000000e+00
0.000000000000000000e+00
0.000000000000000000e+00
0.000000000000000000e+00
0.000000000000000000e+00
0.000000000000000000e+00
0.000000000000000000e+00
0.000000000000000000e+00
0.000000000000000000e+00
0.000000000000000000e+00
0.000000000000000000e+00
0.000000000000000000e+00
0.000000000000000000e+00
0.000000000000000000e+00
0.000000000000000000e+00
0.000000000000000000e+00
0.000000000000000000e+00
0.000000000000000000e+00
0.000000000000000000e+00
0.000000000000000000e+00
0.000000000000000000e+00
0.000000000000000000e+00
0.000000000000000000e+00
0.000000000000000000e+00
0.000000000000000000e+00
0.000000000000000000e+00
0.000000000000000000e+00
0.000000000000000000e+00
0.000000000000000000e+00
0.000000000000000000e+00
0.000000000000000000e+00
0.000000000000000000e+00
0.000000000000000000e+00
0.000000000000000000e+00
0.000000000000000000e+00
0.000000000000000000e+00
0.000000000000000000e+00
0.000000000000000000e+00
0.000000000000000000e+00
0.000000000000000000e+00
0.000000000000000000e+00
0.000000000000000000e+00
0.000000000000000000e+00
0.000000000000000000e+00
0.000000000000000000e+00
0.000000000000000000e+00
0.000000000000000000e+00
0.000000000000000000e+00
0.000000000000000000e+00
0.000000000000000000e+00
0.000000000000000000e+00
0.000000000000000000e+00
0.000000000000000000e+00
0.000000000000000000e+00
0.000000000000000000e+00
0.000000000000000000e+00
0.000000000000000000e+00
0.000000000000000000e+00
0.000000000000000000e+00
0.000000000000000000e+00
0.000000000000000000e+00
0.000000000000000000e+00
0.000000000000000000e+00
0.000000000000000000e+00
0.000000000000000000e+00
0.000000000000000000e+00
0.000000000000000000e+00
0.000000000000000000e+00
0.000000000000000000e+00
0.000000000000000000e+00
0.000000000000000000e+00
0.000000000000000000e+00
0.000000000000000000e+00
0.000000000000000000e+00
0.000000000000000000e+00
0.000000000000000000e+00
0.000000000000000000e+00
0.000000000000000000e+00
0.000000000000000000e+00
0.000000000000000000e+00
0.000000000000000000e+00
0.000000000000000000e+00
0.000000000000000000e+00
0.000000000000000000e+00
0.000000000000000000e+00
0.000000000000000000e+00
0.000000000000000000e+00
0.000000000000000000e+00
0.000000000000000000e+00
0.000000000000000000e+00
0.000000000000000000e+00
0.000000000000000000e+00
0.000000000000000000e+00
0.000000000000000000e+00
0.000000000000000000e+00
0.000000000000000000e+00
0.000000000000000000e+00
0.000000000000000000e+00
0.000000000000000000e+00
0.000000000000000000e+00
0.000000000000000000e+00
0.000000000000000000e+00
0.000000000000000000e+00
0.000000000000000000e+00
0.000000000000000000e+00
0.000000000000000000e+00
0.000000000000000000e+00
0.000000000000000000e+00
0.000000000000000000e+00
0.000000000000000000e+00
0.000000000000000000e+00
0.000000000000000000e+00
0.000000000000000000e+00
0.000000000000000000e+00
0.000000000000000000e+00
