0.000000000000000000e+00
0.000000000000000000e+00
0.000000000000000000e+00
0.000000000000000000e+00
0.000000000000000000e+00
0.000000000000000000e+00
0.000000000000000000e+00
0.000000000000000000e+00
0.000000000000000000e+00
0.000000000000000000e+00
0.000000000000000000e+00
0.000000000000000000e+00
0.000000000000000000e+00
0.000000000000000000e+00
0.000000000000000000e+00
0.000000000000000000e+00
0.000000000000000000e+00
0.000000000000000000e+00
0.000000000000000000e+00
0.000000000000000000e+00
0.000000000000000000e+00
0.000000000000000000e+00
1.062000045776367188e+02
2.800000000000000000e+02
0.000000000000000000e+00
0.000000000000000000e+00
0.000000000000000000e+00
0.000000000000000000e+00
9.690000152587890625e+01
2.792999877929687500e+02
0.000000000000000000e+00
0.000000000000000000e+00
0.000000000000000000e+00
0.000000000000000000e+00
8.850000000000000000e+01
2.743999938964843750e+02
0.000000000000000000e+00
0.000000000000000000e+00
0.000000000000000000e+00
0.000000000000000000e+00
8.850000000000000000e+01
2.743999938964843750e+02
0.000000000000000000e+00
0.000000000000000000e+00
0.000000000000000000e+00
0.000000000000000000e+00
8.850000000000000000e+01
2.652999877929687500e+02
0.000000000000000000e+00
0.000000000000000000e+00
0.000000000000000000e+00
0.000000000000000000e+00
8.850000000000000000e+01
2.743999938964843750e+02
0.000000000000000000e+00
0.000000000000000000e+00
0.000000000000000000e+00
0.000000000000000000e+00
8.850000000000000000e+01
2.617999877929687500e+02
0.000000000000000000e+00
0.000000000000000000e+00
0.000000000000000000e+00
0.000000000000000000e+00
8.850000000000000000e+01
2.695000000000000000e+02
0.000000000000000000e+00
0.000000000000000000e+00
0.000000000000000000e+00
0.000000000000000000e+00
8.850000000000000000e+01
2.611000061035156250e+02
0.000000000000000000e+00
0.000000000000000000e+00
0.000000000000000000e+00
0.000000000000000000e+00
8.850000000000000000e+01
2.533999938964843750e+02
0.000000000000000000e+00
0.000000000000000000e+00
0.000000000000000000e+00
0.000000000000000000e+00
0.000000000000000000e+00
8.850000000000000000e+01
2.408000030517578125e+02
0.000000000000000000e+00
0.000000000000000000e+00
0.000000000000000000e+00
0.000000000000000000e+00
0.000000000000000000e+00
0.000000000000000000e+00
0.000000000000000000e+00
0.000000000000000000e+00
0.000000000000000000e+00
0.000000000000000000e+00
0.000000000000000000e+00
0.000000000000000000e+00
0.000000000000000000e+00
0.000000000000000000e+00
0.000000000000000000e+00
0.000000000000000000e+00
0.000000000000000000e+00
0.000000000000000000e+00
8.850000000000000000e+01
2.435999908447265625e+02
0.000000000000000000e+00
0.000000000000000000e+00
0.000000000000000000e+00
0.000000000000000000e+00
0.000000000000000000e+00
0.000000000000000000e+00
0.000000000000000000e+00
0.000000000000000000e+00
0.000000000000000000e+00
0.000000000000000000e+00
0.000000000000000000e+00
0.000000000000000000e+00
0.000000000000000000e+00
0.000000000000000000e+00
0.000000000000000000e+00
0.000000000000000000e+00
0.000000000000000000e+00
8.850000000000000000e+01
2.295999908447265625e+02
0.000000000000000000e+00
0.000000000000000000e+00
0.000000000000000000e+00
0.000000000000000000e+00
8.850000000000000000e+01
2.253999938964843750e+02
0.000000000000000000e+00
0.000000000000000000e+00
0.000000000000000000e+00
0.000000000000000000e+00
0.000000000000000000e+00
8.850000000000000000e+01
2.155999908447265625e+02
0.000000000000000000e+00
0.000000000000000000e+00
0.000000000000000000e+00
0.000000000000000000e+00
8.850000000000000000e+01
2.190999908447265625e+02
0.000000000000000000e+00
0.000000000000000000e+00
0.000000000000000000e+00
0.000000000000000000e+00
8.850000000000000000e+01
2.015999908447265625e+02
0.000000000000000000e+00
0.000000000000000000e+00
0.000000000000000000e+00
0.000000000000000000e+00
8.850000000000000000e+01
2.190999908447265625e+02
0.000000000000000000e+00
0.000000000000000000e+00
0.000000000000000000e+00
0.000000000000000000e+00
8.850000000000000000e+01
1.931999969482421875e+02
0.000000000000000000e+00
0.000000000000000000e+00
0.000000000000000000e+00
0.000000000000000000e+00
8.850000000000000000e+01
1.861999969482421875e+02
0.000000000000000000e+00
0.000000000000000000e+00
0.000000000000000000e+00
0.000000000000000000e+00
8.850000000000000000e+01
1.750000000000000000e+02
0.000000000000000000e+00
0.000000000000000000e+00
0.000000000000000000e+00
0.000000000000000000e+00
8.850000000000000000e+01
1.498000030517578125e+02
0.000000000000000000e+00
0.000000000000000000e+00
0.000000000000000000e+00
0.000000000000000000e+00
0.000000000000000000e+00
0.000000000000000000e+00
0.000000000000000000e+00
0.000000000000000000e+00
0.000000000000000000e+00
0.000000000000000000e+00
0.000000000000000000e+00
0.000000000000000000e+00
0.000000000000000000e+00
0.000000000000000000e+00
0.000000000000000000e+00
0.000000000000000000e+00
0.000000000000000000e+00
0.000000000000000000e+00
0.000000000000000000e+00
0.000000000000000000e+00
0.000000000000000000e+00
0.000000000000000000e+00
0.000000000000000000e+00
0.000000000000000000e+00
0.000000000000000000e+00
0.000000000000000000e+00
0.000000000000000000e+00
0.000000000000000000e+00
0.000000000000000000e+00
0.000000000000000000e+00
0.000000000000000000e+00
8.850000000000000000e+01
1.420999908447265625e+02
0.000000000000000000e+00
0.000000000000000000e+00
0.000000000000000000e+00
0.000000000000000000e+00
8.850000000000000000e+01
1.274000015258789062e+02
0.000000000000000000e+00
0.000000000000000000e+00
0.000000000000000000e+00
0.000000000000000000e+00
8.850000000000000000e+01
1.448999938964843750e+02
0.000000000000000000e+00
0.000000000000000000e+00
0.000000000000000000e+00
0.000000000000000000e+00
8.850000000000000000e+01
1.204000015258789062e+02
0.000000000000000000e+00
0.000000000000000000e+00
0.000000000000000000e+00
0.000000000000000000e+00
8.850000000000000000e+01
1.483999938964843750e+02
0.000000000000000000e+00
0.000000000000000000e+00
0.000000000000000000e+00
0.000000000000000000e+00
8.850000000000000000e+01
1.147999954223632812e+02
0.000000000000000000e+00
0.000000000000000000e+00
0.000000000000000000e+00
0.000000000000000000e+00
8.850000000000000000e+01
1.350999908447265625e+02
0.000000000000000000e+00
0.000000000000000000e+00
2.100000000000000000e+01
7.350000000000000000e+01
6.330000305175781250e+01
1.603000030517578125e+02
0.000000000000000000e+00
0.000000000000000000e+00
2.100000000000000000e+01
5.950000000000000000e+01
5.310000228881835938e+01
1.533000030517578125e+02
0.000000000000000000e+00
0.000000000000000000e+00
2.100000000000000000e+01
6.719999694824218750e+01
4.800000000000000000e+01
1.371999969482421875e+02
0.000000000000000000e+00
0.000000000000000000e+00
2.100000000000000000e+01
7.000000000000000000e+01
4.470000076293945312e+01
1.288000030517578125e+02
0.000000000000000000e+00
0.000000000000000000e+00
2.100000000000000000e+01
6.719999694824218750e+01
4.350000000000000000e+01
1.280999908447265625e+02
0.000000000000000000e+00
0.000000000000000000e+00
2.100000000000000000e+01
6.719999694824218750e+01
4.170000076293945312e+01
1.196999969482421875e+02
0.000000000000000000e+00
0.000000000000000000e+00
1.110000038146972656e+01
3.359999847412109375e+01
4.140000152587890625e+01
1.231999969482421875e+02
0.000000000000000000e+00
0.000000000000000000e+00
1.110000038146972656e+01
3.779999923706054688e+01
3.870000076293945312e+01
1.182999954223632812e+02
0.000000000000000000e+00
0.000000000000000000e+00
1.110000038146972656e+01
3.289999771118164062e+01
3.390000152587890625e+01
9.729999542236328125e+01
0.000000000000000000e+00
0.000000000000000000e+00
0.000000000000000000e+00
0.000000000000000000e+00
0.000000000000000000e+00
4.500000000000000000e+01
1.400000000000000000e+02
0.000000000000000000e+00
0.000000000000000000e+00
0.000000000000000000e+00
0.000000000000000000e+00
4.500000000000000000e+01
1.358000030517578125e+02
0.000000000000000000e+00
0.000000000000000000e+00
0.000000000000000000e+00
0.000000000000000000e+00
3.540000152587890625e+01
8.750000000000000000e+01
0.000000000000000000e+00
0.000000000000000000e+00
0.000000000000000000e+00
1.200000047683715820e+00
3.570000076293945312e+01
8.609999847412109375e+01
0.000000000000000000e+00
0.000000000000000000e+00
6.000000238418579102e-01
4.099999904632568359e+00
3.160000038146972656e+01
7.000000000000000000e+01
0.000000000000000000e+00
0.000000000000000000e+00
6.000000238418579102e-01
4.099999904632568359e+00
4.199999809265136719e+00
2.160000038146972656e+01
5.389999771118164062e+01
0.000000000000000000e+00
9.000000357627868652e-01
4.400000095367431641e+00
9.800000190734863281e+00
2.190000152587890625e+01
5.879999923706054688e+01
0.000000000000000000e+00
9.000000357627868652e-01
7.400000095367431641e+00
1.189999961853027344e+01
2.220000076293945312e+01
5.670000076293945312e+01
0.000000000000000000e+00
9.000000357627868652e-01
5.900000095367431641e+00
6.299999713897705078e+00
2.220000076293945312e+01
6.020000076293945312e+01
0.000000000000000000e+00
9.000000357627868652e-01
6.900000095367431641e+00
1.539999961853027344e+01
2.250000000000000000e+01
5.600000000000000000e+01
0.000000000000000000e+00
9.000000357627868652e-01
8.500000000000000000e+00
1.330000019073486328e+01
2.220000076293945312e+01
5.809999847412109375e+01
0.000000000000000000e+00
9.000000357627868652e-01
7.400000095367431641e+00
1.469999980926513672e+01
2.250000000000000000e+01
6.089999771118164062e+01
0.000000000000000000e+00
9.000000357627868652e-01
8.700000762939453125e+00
1.469999980926513672e+01
2.250000000000000000e+01
6.020000076293945312e+01
0.000000000000000000e+00
9.000000357627868652e-01
1.010000038146972656e+01
1.750000000000000000e+01
2.160000038146972656e+01
5.179999923706054688e+01
0.000000000000000000e+00
1.200000047683715820e+00
1.000000000000000000e+01
1.469999980926513672e+01
2.160000038146972656e+01
5.039999771118164062e+01
0.000000000000000000e+00
9.000000357627868652e-01
7.800000190734863281e+00
1.610000038146972656e+01
2.400000000000000000e+01
7.000000000000000000e+01
0.000000000000000000e+00
6.000000238418579102e-01
7.400000095367431641e+00
1.189999961853027344e+01
2.340000152587890625e+01
5.670000076293945312e+01
0.000000000000000000e+00
6.000000238418579102e-01
8.700000762939453125e+00
1.610000038146972656e+01
2.130000114440917969e+01
4.759999847412109375e+01
0.000000000000000000e+00
1.800000071525573730e+00
9.399999618530273438e+00
8.500000000000000000e+00
2.650000000000000000e+01
5.109999847412109375e+01
0.000000000000000000e+00
2.100000143051147461e+00
6.900000095367431641e+00
1.539999961853027344e+01
2.250000000000000000e+01
5.809999847412109375e+01
0.000000000000000000e+00
2.100000143051147461e+00
9.700000762939453125e+00
8.399999618530273438e+00
2.340000152587890625e+01
5.529999923706054688e+01
0.000000000000000000e+00
1.800000071525573730e+00
9.300000190734863281e+00
1.400000000000000000e+01
2.280000114440917969e+01
5.950000000000000000e+01
0.000000000000000000e+00
1.800000071525573730e+00
7.900000572204589844e+00
1.010000038146972656e+01
2.350000190734863281e+01
5.459999847412109375e+01
0.000000000000000000e+00
1.800000071525573730e+00
8.899999618530273438e+00
1.219999980926513672e+01
2.410000228881835938e+01
5.109999847412109375e+01
0.000000000000000000e+00
1.800000071525573730e+00
9.600000381469726562e+00
1.010000038146972656e+01
2.310000038146972656e+01
5.670000076293945312e+01
0.000000000000000000e+00
1.800000071525573730e+00
7.100000381469726562e+00
1.289999961853027344e+01
2.340000152587890625e+01
5.670000076293945312e+01
0.000000000000000000e+00
1.800000071525573730e+00
1.280000019073486328e+01
9.399999618530273438e+00
2.320000076293945312e+01
4.479999923706054688e+01
0.000000000000000000e+00
1.800000071525573730e+00
0.000000000000000000e+00
5.400000095367431641e+00
1.189999961853027344e+01
6.000000000000000000e+00
1.610000038146972656e+01
9.000000357627868652e-01
4.199999809265136719e+00
2.700000047683715820e+00
4.199999809265136719e+00
2.100000143051147461e+00
4.900000095367431641e+00
3.000000119209289551e-01
0.000000000000000000e+00
0.000000000000000000e+00
0.000000000000000000e+00
0.000000000000000000e+00
9.000000000000000000e+00
1.889999961853027344e+01
0.000000000000000000e+00
0.000000000000000000e+00
0.000000000000000000e+00
0.000000000000000000e+00
0.000000000000000000e+00
0.000000000000000000e+00
0.000000000000000000e+00
0.000000000000000000e+00
0.000000000000000000e+00
0.000000000000000000e+00
0.000000000000000000e+00
0.000000000000000000e+00
0.000000000000000000e+00
0.000000000000000000e+00
0.000000000000000000e+00
0.000000000000000000e+00
0.000000000000000000e+00
0.000000000000000000e+00
1.092000045776367188e+02
2.673999938964843750e+02
0.000000000000000000e+00
0.000000000000000000e+00
0.000000000000000000e+00
0.000000000000000000e+00
1.092000045776367188e+02
2.603999938964843750e+02
0.000000000000000000e+00
0.000000000000000000e+00
0.000000000000000000e+00
0.000000000000000000e+00
1.092000045776367188e+02
2.638999938964843750e+02
0.000000000000000000e+00
0.000000000000000000e+00
0.000000000000000000e+00
0.000000000000000000e+00
9.960000610351562500e+01
2.351999969482421875e+02
0.000000000000000000e+00
0.000000000000000000e+00
0.000000000000000000e+00
0.000000000000000000e+00
0.000000000000000000e+00
9.960000610351562500e+01
2.526999969482421875e+02
0.000000000000000000e+00
0.000000000000000000e+00
0.000000000000000000e+00
0.000000000000000000e+00
9.960000610351562500e+01
2.288999938964843750e+02
0.000000000000000000e+00
0.000000000000000000e+00
0.000000000000000000e+00
0.000000000000000000e+00
9.960000610351562500e+01
2.463999938964843750e+02
0.000000000000000000e+00
0.000000000000000000e+00
0.000000000000000000e+00
0.000000000000000000e+00
9.960000610351562500e+01
2.205000000000000000e+02
0.000000000000000000e+00
0.000000000000000000e+00
0.000000000000000000e+00
0.000000000000000000e+00
9.960000610351562500e+01
2.386999969482421875e+02
0.000000000000000000e+00
0.000000000000000000e+00
0.000000000000000000e+00
0.000000000000000000e+00
9.960000610351562500e+01
2.120999908447265625e+02
0.000000000000000000e+00
0.000000000000000000e+00
0.000000000000000000e+00
0.000000000000000000e+00
9.960000610351562500e+01
2.233000030517578125e+02
0.000000000000000000e+00
0.000000000000000000e+00
0.000000000000000000e+00
0.000000000000000000e+00
8.850000000000000000e+01
1.595999908447265625e+02
0.000000000000000000e+00
0.000000000000000000e+00
0.000000000000000000e+00
0.000000000000000000e+00
0.000000000000000000e+00
0.000000000000000000e+00
0.000000000000000000e+00
0.000000000000000000e+00
0.000000000000000000e+00
0.000000000000000000e+00
0.000000000000000000e+00
0.000000000000000000e+00
0.000000000000000000e+00
0.000000000000000000e+00
0.000000000000000000e+00
0.000000000000000000e+00
0.000000000000000000e+00
0.000000000000000000e+00
0.000000000000000000e+00
0.000000000000000000e+00
0.000000000000000000e+00
0.000000000000000000e+00
0.000000000000000000e+00
0.000000000000000000e+00
0.000000000000000000e+00
0.000000000000000000e+00
0.000000000000000000e+00
0.000000000000000000e+00
0.000000000000000000e+00
8.850000000000000000e+01
2.008999938964843750e+02
0.000000000000000000e+00
0.000000000000000000e+00
0.000000000000000000e+00
0.000000000000000000e+00
8.850000000000000000e+01
1.616999969482421875e+02
0.000000000000000000e+00
0.000000000000000000e+00
0.000000000000000000e+00
0.000000000000000000e+00
8.850000000000000000e+01
2.008999938964843750e+02
0.000000000000000000e+00
0.000000000000000000e+00
0.000000000000000000e+00
0.000000000000000000e+00
8.850000000000000000e+01
1.560999908447265625e+02
0.000000000000000000e+00
0.000000000000000000e+00
0.000000000000000000e+00
0.000000000000000000e+00
8.850000000000000000e+01
1.925000000000000000e+02
0.000000000000000000e+00
0.000000000000000000e+00
0.000000000000000000e+00
0.000000000000000000e+00
8.850000000000000000e+01
1.476999969482421875e+02
0.000000000000000000e+00
0.000000000000000000e+00
0.000000000000000000e+00
0.000000000000000000e+00
8.850000000000000000e+01
1.903999938964843750e+02
0.000000000000000000e+00
0.000000000000000000e+00
0.000000000000000000e+00
0.000000000000000000e+00
8.850000000000000000e+01
1.393000030517578125e+02
0.000000000000000000e+00
0.000000000000000000e+00
0.000000000000000000e+00
0.000000000000000000e+00
0.000000000000000000e+00
8.850000000000000000e+01
1.833999938964843750e+02
0.000000000000000000e+00
0.000000000000000000e+00
0.000000000000000000e+00
0.000000000000000000e+00
8.850000000000000000e+01
1.252999954223632812e+02
0.000000000000000000e+00
0.000000000000000000e+00
0.000000000000000000e+00
0.000000000000000000e+00
0.000000000000000000e+00
0.000000000000000000e+00
0.000000000000000000e+00
0.000000000000000000e+00
0.000000000000000000e+00
0.000000000000000000e+00
0.000000000000000000e+00
0.000000000000000000e+00
0.000000000000000000e+00
0.000000000000000000e+00
0.000000000000000000e+00
0.000000000000000000e+00
0.000000000000000000e+00
0.000000000000000000e+00
0.000000000000000000e+00
0.000000000000000000e+00
0.000000000000000000e+00
0.000000000000000000e+00
0.000000000000000000e+00
0.000000000000000000e+00
0.000000000000000000e+00
0.000000000000000000e+00
0.000000000000000000e+00
0.000000000000000000e+00
0.000000000000000000e+00
0.000000000000000000e+00
0.000000000000000000e+00
0.000000000000000000e+00
0.000000000000000000e+00
0.000000000000000000e+00
0.000000000000000000e+00
0.000000000000000000e+00
0.000000000000000000e+00
8.850000000000000000e+01
1.616999969482421875e+02
0.000000000000000000e+00
0.000000000000000000e+00
0.000000000000000000e+00
0.000000000000000000e+00
8.850000000000000000e+01
1.406999969482421875e+02
0.000000000000000000e+00
0.000000000000000000e+00
0.000000000000000000e+00
0.000000000000000000e+00
8.850000000000000000e+01
1.546999969482421875e+02
0.000000000000000000e+00
0.000000000000000000e+00
0.000000000000000000e+00
0.000000000000000000e+00
8.850000000000000000e+01
1.280999908447265625e+02
0.000000000000000000e+00
0.000000000000000000e+00
0.000000000000000000e+00
0.000000000000000000e+00
8.850000000000000000e+01
1.546999969482421875e+02
0.000000000000000000e+00
0.000000000000000000e+00
0.000000000000000000e+00
0.000000000000000000e+00
8.850000000000000000e+01
1.190000000000000000e+02
0.000000000000000000e+00
0.000000000000000000e+00
0.000000000000000000e+00
0.000000000000000000e+00
8.850000000000000000e+01
1.518999938964843750e+02
0.000000000000000000e+00
0.000000000000000000e+00
0.000000000000000000e+00
0.000000000000000000e+00
8.850000000000000000e+01
1.190000000000000000e+02
0.000000000000000000e+00
0.000000000000000000e+00
0.000000000000000000e+00
0.000000000000000000e+00
8.850000000000000000e+01
1.463000030517578125e+02
0.000000000000000000e+00
0.000000000000000000e+00
0.000000000000000000e+00
0.000000000000000000e+00
1.095000076293945312e+02
1.735999908447265625e+02
0.000000000000000000e+00
0.000000000000000000e+00
0.000000000000000000e+00
0.000000000000000000e+00
9.960000610351562500e+01
1.371999969482421875e+02
0.000000000000000000e+00
0.000000000000000000e+00
0.000000000000000000e+00
0.000000000000000000e+00
0.000000000000000000e+00
0.000000000000000000e+00
0.000000000000000000e+00
0.000000000000000000e+00
0.000000000000000000e+00
0.000000000000000000e+00
0.000000000000000000e+00
0.000000000000000000e+00
0.000000000000000000e+00
0.000000000000000000e+00
0.000000000000000000e+00
0.000000000000000000e+00
0.000000000000000000e+00
0.000000000000000000e+00
0.000000000000000000e+00
0.000000000000000000e+00
0.000000000000000000e+00
0.000000000000000000e+00
0.000000000000000000e+00
0.000000000000000000e+00
0.000000000000000000e+00
0.000000000000000000e+00
0.000000000000000000e+00
0.000000000000000000e+00
0.000000000000000000e+00
0.000000000000000000e+00
0.000000000000000000e+00
0.000000000000000000e+00
0.000000000000000000e+00
0.000000000000000000e+00
8.850000000000000000e+01
1.134000015258789062e+02
0.000000000000000000e+00
0.000000000000000000e+00
0.000000000000000000e+00
0.000000000000000000e+00
8.850000000000000000e+01
1.441999969482421875e+02
0.000000000000000000e+00
0.000000000000000000e+00
0.000000000000000000e+00
0.000000000000000000e+00
8.850000000000000000e+01
1.169000015258789062e+02
0.000000000000000000e+00
0.000000000000000000e+00
0.000000000000000000e+00
0.000000000000000000e+00
8.850000000000000000e+01
1.371999969482421875e+02
0.000000000000000000e+00
0.000000000000000000e+00
0.000000000000000000e+00
0.000000000000000000e+00
8.850000000000000000e+01
1.190000000000000000e+02
0.000000000000000000e+00
0.000000000000000000e+00
0.000000000000000000e+00
0.000000000000000000e+00
8.850000000000000000e+01
1.385999908447265625e+02
0.000000000000000000e+00
0.000000000000000000e+00
0.000000000000000000e+00
0.000000000000000000e+00
8.850000000000000000e+01
1.204000015258789062e+02
0.000000000000000000e+00
0.000000000000000000e+00
0.000000000000000000e+00
0.000000000000000000e+00
8.850000000000000000e+01
1.336999969482421875e+02
0.000000000000000000e+00
0.000000000000000000e+00
0.000000000000000000e+00
0.000000000000000000e+00
8.850000000000000000e+01
1.175999984741210938e+02
0.000000000000000000e+00
0.000000000000000000e+00
0.000000000000000000e+00
0.000000000000000000e+00
8.850000000000000000e+01
1.365000000000000000e+02
0.000000000000000000e+00
0.000000000000000000e+00
0.000000000000000000e+00
0.000000000000000000e+00
0.000000000000000000e+00
8.850000000000000000e+01
1.225000000000000000e+02
0.000000000000000000e+00
0.000000000000000000e+00
0.000000000000000000e+00
0.000000000000000000e+00
0.000000000000000000e+00
0.000000000000000000e+00
0.000000000000000000e+00
0.000000000000000000e+00
0.000000000000000000e+00
0.000000000000000000e+00
0.000000000000000000e+00
0.000000000000000000e+00
0.000000000000000000e+00
0.000000000000000000e+00
0.000000000000000000e+00
0.000000000000000000e+00
0.000000000000000000e+00
0.000000000000000000e+00
0.000000000000000000e+00
0.000000000000000000e+00
0.000000000000000000e+00
0.000000000000000000e+00
0.000000000000000000e+00
0.000000000000000000e+00
0.000000000000000000e+00
0.000000000000000000e+00
0.000000000000000000e+00
0.000000000000000000e+00
0.000000000000000000e+00
0.000000000000000000e+00
0.000000000000000000e+00
0.000000000000000000e+00
0.000000000000000000e+00
0.000000000000000000e+00
8.850000000000000000e+01
1.140999984741210938e+02
0.000000000000000000e+00
0.000000000000000000e+00
0.000000000000000000e+00
0.000000000000000000e+00
8.850000000000000000e+01
1.343999938964843750e+02
0.000000000000000000e+00
0.000000000000000000e+00
0.000000000000000000e+00
0.000000000000000000e+00
8.850000000000000000e+01
1.231999969482421875e+02
0.000000000000000000e+00
0.000000000000000000e+00
0.000000000000000000e+00
0.000000000000000000e+00
8.850000000000000000e+01
1.260000000000000000e+02
0.000000000000000000e+00
0.000000000000000000e+00
0.000000000000000000e+00
0.000000000000000000e+00
8.850000000000000000e+01
1.266999969482421875e+02
0.000000000000000000e+00
0.000000000000000000e+00
0.000000000000000000e+00
0.000000000000000000e+00
8.850000000000000000e+01
1.245999984741210938e+02
0.000000000000000000e+00
0.000000000000000000e+00
0.000000000000000000e+00
0.000000000000000000e+00
8.850000000000000000e+01
1.196999969482421875e+02
0.000000000000000000e+00
0.000000000000000000e+00
0.000000000000000000e+00
0.000000000000000000e+00
8.850000000000000000e+01
1.301999969482421875e+02
0.000000000000000000e+00
0.000000000000000000e+00
0.000000000000000000e+00
0.000000000000000000e+00
8.850000000000000000e+01
1.266999969482421875e+02
0.000000000000000000e+00
0.000000000000000000e+00
0.000000000000000000e+00
0.000000000000000000e+00
8.850000000000000000e+01
1.161999969482421875e+02
0.000000000000000000e+00
0.000000000000000000e+00
0.000000000000000000e+00
0.000000000000000000e+00
8.850000000000000000e+01
1.308999938964843750e+02
0.000000000000000000e+00
0.000000000000000000e+00
0.000000000000000000e+00
0.000000000000000000e+00
8.850000000000000000e+01
1.225000000000000000e+02
0.000000000000000000e+00
0.000000000000000000e+00
0.000000000000000000e+00
0.000000000000000000e+00
8.850000000000000000e+01
1.161999969482421875e+02
0.000000000000000000e+00
0.000000000000000000e+00
0.000000000000000000e+00
0.000000000000000000e+00
8.850000000000000000e+01
1.295000000000000000e+02
0.000000000000000000e+00
0.000000000000000000e+00
0.000000000000000000e+00
0.000000000000000000e+00
8.850000000000000000e+01
1.239000015258789062e+02
0.000000000000000000e+00
0.000000000000000000e+00
0.000000000000000000e+00
0.000000000000000000e+00
8.850000000000000000e+01
1.155000000000000000e+02
0.000000000000000000e+00
0.000000000000000000e+00
0.000000000000000000e+00
0.000000000000000000e+00
8.850000000000000000e+01
1.308999938964843750e+02
0.000000000000000000e+00
0.000000000000000000e+00
0.000000000000000000e+00
0.000000000000000000e+00
8.850000000000000000e+01
1.190000000000000000e+02
0.000000000000000000e+00
0.000000000000000000e+00
0.000000000000000000e+00
0.000000000000000000e+00
8.850000000000000000e+01
1.196999969482421875e+02
0.000000000000000000e+00
2.100000000000000000e+01
3.709999847412109375e+01
0.000000000000000000e+00
8.850000000000000000e+01
1.147999954223632812e+02
0.000000000000000000e+00
2.100000000000000000e+01
7.699999809265136719e+00
0.000000000000000000e+00
8.850000000000000000e+01
1.245999984741210938e+02
0.000000000000000000e+00
2.100000000000000000e+01
3.079999923706054688e+01
0.000000000000000000e+00
8.850000000000000000e+01
1.147999954223632812e+02
0.000000000000000000e+00
2.100000000000000000e+01
9.800000190734863281e+00
0.000000000000000000e+00
8.850000000000000000e+01
1.217999954223632812e+02
0.000000000000000000e+00
2.100000000000000000e+01
2.729999923706054688e+01
0.000000000000000000e+00
8.850000000000000000e+01
1.210999984741210938e+02
0.000000000000000000e+00
2.100000000000000000e+01
7.699999809265136719e+00
0.000000000000000000e+00
8.850000000000000000e+01
1.182999954223632812e+02
0.000000000000000000e+00
2.100000000000000000e+01
2.939999961853027344e+01
0.000000000000000000e+00
8.850000000000000000e+01
1.204000015258789062e+02
0.000000000000000000e+00
2.100000000000000000e+01
5.599999904632568359e+00
0.000000000000000000e+00
8.850000000000000000e+01
1.190000000000000000e+02
0.000000000000000000e+00
1.110000038146972656e+01
1.679999923706054688e+01
2.100000143051147461e+00
6.820000457763671875e+01
8.609999847412109375e+01
0.000000000000000000e+00
1.110000038146972656e+01
7.000000000000000000e+00
2.100000143051147461e+00
4.679999923706054688e+01
5.179999923706054688e+01
0.000000000000000000e+00
1.110000038146972656e+01
2.100000000000000000e+01
9.000000357627868652e-01
4.610000228881835938e+01
6.300000000000000000e+01
0.000000000000000000e+00
0.000000000000000000e+00
9.900000572204589844e+00
7.000000000000000000e+00
3.990000152587890625e+01
6.089999771118164062e+01
0.000000000000000000e+00
0.000000000000000000e+00
0.000000000000000000e+00
2.100000143051147461e+00
4.690000152587890625e+01
5.950000000000000000e+01
0.000000000000000000e+00
0.000000000000000000e+00
0.000000000000000000e+00
2.100000143051147461e+00
3.200000000000000000e+01
3.500000000000000000e+01
0.000000000000000000e+00
0.000000000000000000e+00
0.000000000000000000e+00
2.700000047683715820e+00
2.760000228881835938e+01
3.150000000000000000e+01
0.000000000000000000e+00
3.000000119209289551e-01
6.999999880790710449e-01
4.500000000000000000e+00
2.040000152587890625e+01
1.390000057220458984e+01
6.500000476837158203e+00
4.099999904632568359e+00
6.000000000000000000e+00
9.699999809265136719e+00
3.799999952316284180e+00
1.219999980926513672e+01
1.119999980926513672e+01
3.300000190734863281e+00
1.000000000000000000e+01
1.039999961853027344e+01
5.200000286102294922e+00
1.560000038146972656e+01
1.750000000000000000e+01
3.600000143051147461e+00
6.500000000000000000e+00
8.899999618530273438e+00
5.900000095367431641e+00
1.740000152587890625e+01
2.379999923706054688e+01
3.000000000000000000e+00
6.800000190734863281e+00
7.600000381469726562e+00
8.699999809265136719e+00
1.990000152587890625e+01
2.519999885559082031e+01
3.300000190734863281e+00
8.899999618530273438e+00
7.600000381469726562e+00
8.699999809265136719e+00
1.950000000000000000e+01
2.869999885559082031e+01
3.300000190734863281e+00
7.800000190734863281e+00
9.100000381469726562e+00
8.000000000000000000e+00
2.180000114440917969e+01
2.800000000000000000e+01
3.300000190734863281e+00
2.799999952316284180e+00
2.700000047683715820e+00
4.500000000000000000e+00
1.860000038146972656e+01
1.889999961853027344e+01
1.500000000000000000e+00
2.500000000000000000e+00
4.199999809265136719e+00
3.300000190734863281e+00
3.500000000000000000e+00
1.140000057220458984e+01
1.679999923706054688e+01
1.500000000000000000e+00
1.399999976158142090e+00
3.000000119209289551e-01
1.399999976158142090e+00
3.000000000000000000e+00
4.199999809265136719e+00
6.000000238418579102e-01
1.399999976158142090e+00
0.000000000000000000e+00
0.000000000000000000e+00
0.000000000000000000e+00
0.000000000000000000e+00
0.000000000000000000e+00
0.000000000000000000e+00
0.000000000000000000e+00
0.000000000000000000e+00
0.000000000000000000e+00
0.000000000000000000e+00
0.000000000000000000e+00
0.000000000000000000e+00
0.000000000000000000e+00
0.000000000000000000e+00
0.000000000000000000e+00
0.000000000000000000e+00
0.000000000000000000e+00
0.000000000000000000e+00
0.000000000000000000e+00
0.000000000000000000e+00
0.000000000000000000e+00
0.000000000000000000e+00
0.000000000000000000e+00
0.000000000000000000e+00
0.000000000000000000e+00
0.000000000000000000e+00
0.000000000000000000e+00
1.200000000000000000e+01
4.900000095367431641e+00
0.000000000000000000e+00
3.000000119209289551e-01
2.700000047683715820e+00
6.999999880790710449e-01
1.380000019073486328e+01
1.469999980926513672e+01
0.000000000000000000e+00
3.000000119209289551e-01
0.000000000000000000e+00
7.200000286102294922e+00
8.500000000000000000e+00
1.240000057220458984e+01
1.539999961853027344e+01
2.100000143051147461e+00
3.900000095367431641e+00
9.199999809265136719e+00
1.069999980926513672e+01
1.550000000000000000e+01
1.819999885559082031e+01
2.700000047683715820e+00
6.899999618530273438e+00
1.330000019073486328e+01
7.599999904632568359e+00
1.590000057220458984e+01
1.189999961853027344e+01
2.700000047683715820e+00
4.700000286102294922e+00
6.599999904632568359e+00
1.019999980926513672e+01
1.760000038146972656e+01
2.589999961853027344e+01
2.700000047683715820e+00
6.800000190734863281e+00
6.699999809265136719e+00
7.699999809265136719e+00
1.839999961853027344e+01
1.610000038146972656e+01
3.000000000000000000e+00
9.500000000000000000e+00
9.199999809265136719e+00
6.599999904632568359e+00
1.320000076293945312e+01
1.330000019073486328e+01
3.900000095367431641e+00
8.199999809265136719e+00
8.500000000000000000e+00
8.600000381469726562e+00
1.089999961853027344e+01
3.400000095367431641e+00
8.500000000000000000e+00
1.250000000000000000e+01
1.150000000000000000e+01
1.679999923706054688e+01
5.700000286102294922e+00
8.399999618530273438e+00
8.700000762939453125e+00
9.099999427795410156e+00
5.400000095367431641e+00
4.199999809265136719e+00
3.000000000000000000e+00
2.099999904632568359e+00
2.700000047683715820e+00
3.500000000000000000e+00
3.000000000000000000e+00
2.099999904632568359e+00
3.000000119209289551e-01
0.000000000000000000e+00
0.000000000000000000e+00
0.000000000000000000e+00
0.000000000000000000e+00
0.000000000000000000e+00
0.000000000000000000e+00
0.000000000000000000e+00
0.000000000000000000e+00
0.000000000000000000e+00
0.000000000000000000e+00
0.000000000000000000e+00
0.000000000000000000e+00
0.000000000000000000e+00
0.000000000000000000e+00
0.000000000000000000e+00
0.000000000000000000e+00
0.000000000000000000e+00
0.000000000000000000e+00
0.000000000000000000e+00
0.000000000000000000e+00
0.000000000000000000e+00
0.000000000000000000e+00
0.000000000000000000e+00
0.000000000000000000e+00
0.000000000000000000e+00
0.000000000000000000e+00
0.000000000000000000e+00
0.000000000000000000e+00
0.000000000000000000e+00
0.000000000000000000e+00
0.000000000000000000e+00
1.062000045776367188e+02
1.217999954223632812e+02
0.000000000000000000e+00
0.000000000000000000e+00
0.000000000000000000e+00
0.000000000000000000e+00
0.000000000000000000e+00
9.690000152587890625e+01
1.378999938964843750e+02
0.000000000000000000e+00
0.000000000000000000e+00
0.000000000000000000e+00
0.000000000000000000e+00
0.000000000000000000e+00
9.690000152587890625e+01
1.140999984741210938e+02
0.000000000000000000e+00
0.000000000000000000e+00
0.000000000000000000e+00
0.000000000000000000e+00
8.850000000000000000e+01
1.245999984741210938e+02
0.000000000000000000e+00
0.000000000000000000e+00
0.000000000000000000e+00
0.000000000000000000e+00
8.850000000000000000e+01
1.029000015258789062e+02
0.000000000000000000e+00
0.000000000000000000e+00
0.000000000000000000e+00
0.000000000000000000e+00
8.850000000000000000e+01
1.217999954223632812e+02
0.000000000000000000e+00
0.000000000000000000e+00
0.000000000000000000e+00
0.000000000000000000e+00
8.850000000000000000e+01
1.140999984741210938e+02
0.000000000000000000e+00
0.000000000000000000e+00
0.000000000000000000e+00
0.000000000000000000e+00
8.850000000000000000e+01
1.190000000000000000e+02
0.000000000000000000e+00
0.000000000000000000e+00
0.000000000000000000e+00
0.000000000000000000e+00
0.000000000000000000e+00
0.000000000000000000e+00
8.850000000000000000e+01
9.940000152587890625e+01
0.000000000000000000e+00
0.000000000000000000e+00
0.000000000000000000e+00
0.000000000000000000e+00
0.000000000000000000e+00
0.000000000000000000e+00
0.000000000000000000e+00
0.000000000000000000e+00
0.000000000000000000e+00
0.000000000000000000e+00
0.000000000000000000e+00
0.000000000000000000e+00
0.000000000000000000e+00
0.000000000000000000e+00
0.000000000000000000e+00
0.000000000000000000e+00
0.000000000000000000e+00
0.000000000000000000e+00
0.000000000000000000e+00
0.000000000000000000e+00
0.000000000000000000e+00
0.000000000000000000e+00
0.000000000000000000e+00
0.000000000000000000e+00
0.000000000000000000e+00
0.000000000000000000e+00
0.000000000000000000e+00
0.000000000000000000e+00
0.000000000000000000e+00
0.000000000000000000e+00
0.000000000000000000e+00
0.000000000000000000e+00
0.000000000000000000e+00
0.000000000000000000e+00
0.000000000000000000e+00
0.000000000000000000e+00
0.000000000000000000e+00
0.000000000000000000e+00
0.000000000000000000e+00
8.850000000000000000e+01
9.100000000000000000e+01
0.000000000000000000e+00
0.000000000000000000e+00
0.000000000000000000e+00
0.000000000000000000e+00
8.850000000000000000e+01
1.365000000000000000e+02
0.000000000000000000e+00
0.000000000000000000e+00
0.000000000000000000e+00
0.000000000000000000e+00
8.850000000000000000e+01
9.450000000000000000e+01
0.000000000000000000e+00
0.000000000000000000e+00
0.000000000000000000e+00
0.000000000000000000e+00
8.850000000000000000e+01
1.217999954223632812e+02
0.000000000000000000e+00
0.000000000000000000e+00
0.000000000000000000e+00
0.000000000000000000e+00
8.850000000000000000e+01
1.085000000000000000e+02
0.000000000000000000e+00
0.000000000000000000e+00
0.000000000000000000e+00
0.000000000000000000e+00
8.850000000000000000e+01
1.280999908447265625e+02
0.000000000000000000e+00
0.000000000000000000e+00
0.000000000000000000e+00
0.000000000000000000e+00
8.850000000000000000e+01
9.379999542236328125e+01
0.000000000000000000e+00
0.000000000000000000e+00
0.000000000000000000e+00
0.000000000000000000e+00
8.850000000000000000e+01
1.217999954223632812e+02
0.000000000000000000e+00
0.000000000000000000e+00
0.000000000000000000e+00
0.000000000000000000e+00
8.850000000000000000e+01
9.729999542236328125e+01
0.000000000000000000e+00
0.000000000000000000e+00
0.000000000000000000e+00
0.000000000000000000e+00
0.000000000000000000e+00
8.850000000000000000e+01
1.274000015258789062e+02
0.000000000000000000e+00
0.000000000000000000e+00
0.000000000000000000e+00
0.000000000000000000e+00
0.000000000000000000e+00
0.000000000000000000e+00
0.000000000000000000e+00
0.000000000000000000e+00
0.000000000000000000e+00
0.000000000000000000e+00
0.000000000000000000e+00
0.000000000000000000e+00
0.000000000000000000e+00
0.000000000000000000e+00
0.000000000000000000e+00
0.000000000000000000e+00
0.000000000000000000e+00
0.000000000000000000e+00
0.000000000000000000e+00
0.000000000000000000e+00
0.000000000000000000e+00
0.000000000000000000e+00
0.000000000000000000e+00
0.000000000000000000e+00
0.000000000000000000e+00
0.000000000000000000e+00
0.000000000000000000e+00
0.000000000000000000e+00
0.000000000000000000e+00
0.000000000000000000e+00
0.000000000000000000e+00
0.000000000000000000e+00
0.000000000000000000e+00
0.000000000000000000e+00
0.000000000000000000e+00
0.000000000000000000e+00
0.000000000000000000e+00
0.000000000000000000e+00
0.000000000000000000e+00
0.000000000000000000e+00
0.000000000000000000e+00
0.000000000000000000e+00
0.000000000000000000e+00
0.000000000000000000e+00
0.000000000000000000e+00
8.850000000000000000e+01
5.809999847412109375e+01
0.000000000000000000e+00
0.000000000000000000e+00
0.000000000000000000e+00
0.000000000000000000e+00
8.850000000000000000e+01
1.413999938964843750e+02
0.000000000000000000e+00
0.000000000000000000e+00
0.000000000000000000e+00
0.000000000000000000e+00
8.850000000000000000e+01
8.750000000000000000e+01
0.000000000000000000e+00
0.000000000000000000e+00
0.000000000000000000e+00
0.000000000000000000e+00
8.850000000000000000e+01
1.371999969482421875e+02
0.000000000000000000e+00
0.000000000000000000e+00
0.000000000000000000e+00
0.000000000000000000e+00
8.850000000000000000e+01
7.700000000000000000e+01
1.980000114440917969e+01
3.920000076293945312e+01
0.000000000000000000e+00
3.000000119209289551e-01
8.859999847412109375e+01
1.371999969482421875e+02
9.900000572204589844e+00
7.000000000000000000e+00
1.200000047683715820e+00
1.299999952316284180e+00
8.370000457763671875e+01
5.389999771118164062e+01
6.300000190734863281e+00
7.000000000000000000e+00
2.700000047683715820e+00
5.200000286102294922e+00
7.410000610351562500e+01
9.869999694824218750e+01
6.000000000000000000e+00
6.299999713897705078e+00
2.100000143051147461e+00
3.000000000000000000e+00
6.660000610351562500e+01
7.629999542236328125e+01
4.200000286102294922e+00
4.199999809265136719e+00
3.000000119209289551e-01
0.000000000000000000e+00
0.000000000000000000e+00
0.000000000000000000e+00
0.000000000000000000e+00
0.000000000000000000e+00
0.000000000000000000e+00
0.000000000000000000e+00
0.000000000000000000e+00
0.000000000000000000e+00
0.000000000000000000e+00
0.000000000000000000e+00
0.000000000000000000e+00
0.000000000000000000e+00
0.000000000000000000e+00
0.000000000000000000e+00
0.000000000000000000e+00
0.000000000000000000e+00
0.000000000000000000e+00
0.000000000000000000e+00
0.000000000000000000e+00
0.000000000000000000e+00
0.000000000000000000e+00
0.000000000000000000e+00
0.000000000000000000e+00
0.000000000000000000e+00
0.000000000000000000e+00
0.000000000000000000e+00
0.000000000000000000e+00
0.000000000000000000e+00
0.000000000000000000e+00
0.000000000000000000e+00
0.000000000000000000e+00
0.000000000000000000e+00
6.990000152587890625e+01
3.570000076293945312e+01
0.000000000000000000e+00
0.000000000000000000e+00
0.000000000000000000e+00
0.000000000000000000e+00
6.930000305175781250e+01
1.015000000000000000e+02
0.000000000000000000e+00
0.000000000000000000e+00
0.000000000000000000e+00
0.000000000000000000e+00
6.930000305175781250e+01
8.750000000000000000e+01
0.000000000000000000e+00
0.000000000000000000e+00
0.000000000000000000e+00
0.000000000000000000e+00
6.930000305175781250e+01
8.050000000000000000e+01
0.000000000000000000e+00
0.000000000000000000e+00
0.000000000000000000e+00
0.000000000000000000e+00
6.930000305175781250e+01
6.370000076293945312e+01
0.000000000000000000e+00
0.000000000000000000e+00
0.000000000000000000e+00
0.000000000000000000e+00
6.930000305175781250e+01
1.077999954223632812e+02
0.000000000000000000e+00
0.000000000000000000e+00
0.000000000000000000e+00
0.000000000000000000e+00
6.930000305175781250e+01
6.159999847412109375e+01
0.000000000000000000e+00
0.000000000000000000e+00
0.000000000000000000e+00
0.000000000000000000e+00
6.930000305175781250e+01
1.000999984741210938e+02
0.000000000000000000e+00
0.000000000000000000e+00
0.000000000000000000e+00
0.000000000000000000e+00
6.930000305175781250e+01
7.140000152587890625e+01
0.000000000000000000e+00
0.000000000000000000e+00
0.000000000000000000e+00
0.000000000000000000e+00
6.930000305175781250e+01
6.859999847412109375e+01
0.000000000000000000e+00
0.000000000000000000e+00
0.000000000000000000e+00
0.000000000000000000e+00
6.930000305175781250e+01
8.679999542236328125e+01
0.000000000000000000e+00
0.000000000000000000e+00
0.000000000000000000e+00
0.000000000000000000e+00
6.930000305175781250e+01
9.590000152587890625e+01
0.000000000000000000e+00
0.000000000000000000e+00
0.000000000000000000e+00
0.000000000000000000e+00
6.570000457763671875e+01
4.620000076293945312e+01
0.000000000000000000e+00
0.000000000000000000e+00
0.000000000000000000e+00
0.000000000000000000e+00
0.000000000000000000e+00
6.570000457763671875e+01
7.140000152587890625e+01
0.000000000000000000e+00
0.000000000000000000e+00
0.000000000000000000e+00
0.000000000000000000e+00
0.000000000000000000e+00
0.000000000000000000e+00
6.570000457763671875e+01
8.819999694824218750e+01
0.000000000000000000e+00
0.000000000000000000e+00
0.000000000000000000e+00
0.000000000000000000e+00
6.570000457763671875e+01
6.650000000000000000e+01
0.000000000000000000e+00
0.000000000000000000e+00
0.000000000000000000e+00
0.000000000000000000e+00
6.570000457763671875e+01
6.719999694824218750e+01
0.000000000000000000e+00
0.000000000000000000e+00
0.000000000000000000e+00
0.000000000000000000e+00
6.570000457763671875e+01
7.909999847412109375e+01
0.000000000000000000e+00
0.000000000000000000e+00
0.000000000000000000e+00
0.000000000000000000e+00
6.570000457763671875e+01
6.229999923706054688e+01
0.000000000000000000e+00
0.000000000000000000e+00
0.000000000000000000e+00
0.000000000000000000e+00
6.570000457763671875e+01
8.190000152587890625e+01
0.000000000000000000e+00
0.000000000000000000e+00
0.000000000000000000e+00
0.000000000000000000e+00
6.570000457763671875e+01
7.350000000000000000e+01
0.000000000000000000e+00
0.000000000000000000e+00
0.000000000000000000e+00
0.000000000000000000e+00
6.570000457763671875e+01
5.109999847412109375e+01
0.000000000000000000e+00
0.000000000000000000e+00
0.000000000000000000e+00
0.000000000000000000e+00
6.570000457763671875e+01
7.559999847412109375e+01
0.000000000000000000e+00
0.000000000000000000e+00
0.000000000000000000e+00
0.000000000000000000e+00
6.570000457763671875e+01
8.259999847412109375e+01
0.000000000000000000e+00
0.000000000000000000e+00
0.000000000000000000e+00
0.000000000000000000e+00
6.570000457763671875e+01
5.459999847412109375e+01
0.000000000000000000e+00
0.000000000000000000e+00
0.000000000000000000e+00
0.000000000000000000e+00
6.570000457763671875e+01
6.509999847412109375e+01
0.000000000000000000e+00
0.000000000000000000e+00
0.000000000000000000e+00
0.000000000000000000e+00
6.570000457763671875e+01
8.329999542236328125e+01
0.000000000000000000e+00
0.000000000000000000e+00
0.000000000000000000e+00
0.000000000000000000e+00
6.570000457763671875e+01
6.089999771118164062e+01
0.000000000000000000e+00
0.000000000000000000e+00
0.000000000000000000e+00
0.000000000000000000e+00
6.570000457763671875e+01
6.509999847412109375e+01
0.000000000000000000e+00
0.000000000000000000e+00
0.000000000000000000e+00
0.000000000000000000e+00
6.570000457763671875e+01
7.069999694824218750e+01
0.000000000000000000e+00
0.000000000000000000e+00
0.000000000000000000e+00
0.000000000000000000e+00
6.570000457763671875e+01
5.459999847412109375e+01
0.000000000000000000e+00
0.000000000000000000e+00
0.000000000000000000e+00
0.000000000000000000e+00
6.570000457763671875e+01
7.769999694824218750e+01
0.000000000000000000e+00
0.000000000000000000e+00
0.000000000000000000e+00
0.000000000000000000e+00
6.570000457763671875e+01
7.279999542236328125e+01
0.000000000000000000e+00
0.000000000000000000e+00
0.000000000000000000e+00
0.000000000000000000e+00
6.570000457763671875e+01
4.829999923706054688e+01
0.000000000000000000e+00
0.000000000000000000e+00
0.000000000000000000e+00
0.000000000000000000e+00
6.570000457763671875e+01
7.419999694824218750e+01
0.000000000000000000e+00
0.000000000000000000e+00
0.000000000000000000e+00
0.000000000000000000e+00
6.570000457763671875e+01
7.909999847412109375e+01
0.000000000000000000e+00
0.000000000000000000e+00
0.000000000000000000e+00
0.000000000000000000e+00
6.570000457763671875e+01
5.389999771118164062e+01
0.000000000000000000e+00
0.000000000000000000e+00
0.000000000000000000e+00
0.000000000000000000e+00
6.570000457763671875e+01
6.300000000000000000e+01
0.000000000000000000e+00
0.000000000000000000e+00
0.000000000000000000e+00
0.000000000000000000e+00
6.570000457763671875e+01
7.140000152587890625e+01
0.000000000000000000e+00
0.000000000000000000e+00
0.000000000000000000e+00
0.000000000000000000e+00
6.570000457763671875e+01
6.300000000000000000e+01
0.000000000000000000e+00
0.000000000000000000e+00
0.000000000000000000e+00
0.000000000000000000e+00
6.570000457763671875e+01
6.650000000000000000e+01
0.000000000000000000e+00
0.000000000000000000e+00
0.000000000000000000e+00
0.000000000000000000e+00
6.570000457763671875e+01
6.929999542236328125e+01
0.000000000000000000e+00
0.000000000000000000e+00
0.000000000000000000e+00
0.000000000000000000e+00
0.000000000000000000e+00
0.000000000000000000e+00
0.000000000000000000e+00
0.000000000000000000e+00
0.000000000000000000e+00
0.000000000000000000e+00
0.000000000000000000e+00
0.000000000000000000e+00
0.000000000000000000e+00
0.000000000000000000e+00
0.000000000000000000e+00
0.000000000000000000e+00
0.000000000000000000e+00
0.000000000000000000e+00
0.000000000000000000e+00
0.000000000000000000e+00
0.000000000000000000e+00
0.000000000000000000e+00
0.000000000000000000e+00
0.000000000000000000e+00
0.000000000000000000e+00
0.000000000000000000e+00
0.000000000000000000e+00
0.000000000000000000e+00
0.000000000000000000e+00
0.000000000000000000e+00
0.000000000000000000e+00
0.000000000000000000e+00
0.000000000000000000e+00
0.000000000000000000e+00
0.000000000000000000e+00
0.000000000000000000e+00
0.000000000000000000e+00
0.000000000000000000e+00
0.000000000000000000e+00
0.000000000000000000e+00
0.000000000000000000e+00
6.570000457763671875e+01
2.310000038146972656e+01
0.000000000000000000e+00
0.000000000000000000e+00
0.000000000000000000e+00
0.000000000000000000e+00
6.570000457763671875e+01
8.540000152587890625e+01
0.000000000000000000e+00
0.000000000000000000e+00
0.000000000000000000e+00
0.000000000000000000e+00
6.570000457763671875e+01
7.769999694824218750e+01
0.000000000000000000e+00
0.000000000000000000e+00
0.000000000000000000e+00
0.000000000000000000e+00
6.570000457763671875e+01
4.689999771118164062e+01
0.000000000000000000e+00
0.000000000000000000e+00
0.000000000000000000e+00
0.000000000000000000e+00
6.570000457763671875e+01
5.950000000000000000e+01
0.000000000000000000e+00
0.000000000000000000e+00
0.000000000000000000e+00
0.000000000000000000e+00
6.570000457763671875e+01
8.329999542236328125e+01
0.000000000000000000e+00
0.000000000000000000e+00
0.000000000000000000e+00
0.000000000000000000e+00
6.570000457763671875e+01
5.389999771118164062e+01
0.000000000000000000e+00
0.000000000000000000e+00
0.000000000000000000e+00
0.000000000000000000e+00
6.570000457763671875e+01
6.650000000000000000e+01
0.000000000000000000e+00
0.000000000000000000e+00
0.000000000000000000e+00
0.000000000000000000e+00
0.000000000000000000e+00
0.000000000000000000e+00
0.000000000000000000e+00
6.570000457763671875e+01
6.159999847412109375e+01
0.000000000000000000e+00
0.000000000000000000e+00
0.000000000000000000e+00
0.000000000000000000e+00
0.000000000000000000e+00
0.000000000000000000e+00
0.000000000000000000e+00
0.000000000000000000e+00
0.000000000000000000e+00
0.000000000000000000e+00
0.000000000000000000e+00
0.000000000000000000e+00
0.000000000000000000e+00
0.000000000000000000e+00
0.000000000000000000e+00
0.000000000000000000e+00
0.000000000000000000e+00
0.000000000000000000e+00
0.000000000000000000e+00
0.000000000000000000e+00
0.000000000000000000e+00
0.000000000000000000e+00
0.000000000000000000e+00
0.000000000000000000e+00
0.000000000000000000e+00
0.000000000000000000e+00
0.000000000000000000e+00
0.000000000000000000e+00
0.000000000000000000e+00
0.000000000000000000e+00
0.000000000000000000e+00
0.000000000000000000e+00
0.000000000000000000e+00
0.000000000000000000e+00
0.000000000000000000e+00
0.000000000000000000e+00
0.000000000000000000e+00
0.000000000000000000e+00
0.000000000000000000e+00
0.000000000000000000e+00
0.000000000000000000e+00
0.000000000000000000e+00
0.000000000000000000e+00
0.000000000000000000e+00
6.570000457763671875e+01
2.239999961853027344e+01
0.000000000000000000e+00
0.000000000000000000e+00
0.000000000000000000e+00
0.000000000000000000e+00
6.570000457763671875e+01
9.029999542236328125e+01
0.000000000000000000e+00
0.000000000000000000e+00
0.000000000000000000e+00
0.000000000000000000e+00
0.000000000000000000e+00
6.570000457763671875e+01
7.909999847412109375e+01
0.000000000000000000e+00
0.000000000000000000e+00
0.000000000000000000e+00
0.000000000000000000e+00
6.570000457763671875e+01
4.059999847412109375e+01
0.000000000000000000e+00
0.000000000000000000e+00
0.000000000000000000e+00
0.000000000000000000e+00
6.570000457763671875e+01
5.879999923706054688e+01
0.000000000000000000e+00
0.000000000000000000e+00
0.000000000000000000e+00
0.000000000000000000e+00
6.570000457763671875e+01
8.750000000000000000e+01
0.000000000000000000e+00
0.000000000000000000e+00
0.000000000000000000e+00
0.000000000000000000e+00
6.570000457763671875e+01
5.039999771118164062e+01
0.000000000000000000e+00
0.000000000000000000e+00
0.000000000000000000e+00
0.000000000000000000e+00
6.570000457763671875e+01
6.370000076293945312e+01
0.000000000000000000e+00
0.000000000000000000e+00
0.000000000000000000e+00
0.000000000000000000e+00
0.000000000000000000e+00
6.570000457763671875e+01
7.140000152587890625e+01
0.000000000000000000e+00
0.000000000000000000e+00
0.000000000000000000e+00
0.000000000000000000e+00
6.570000457763671875e+01
6.719999694824218750e+01
0.000000000000000000e+00
0.000000000000000000e+00
0.000000000000000000e+00
0.000000000000000000e+00
0.000000000000000000e+00
0.000000000000000000e+00
0.000000000000000000e+00
0.000000000000000000e+00
0.000000000000000000e+00
0.000000000000000000e+00
0.000000000000000000e+00
0.000000000000000000e+00
0.000000000000000000e+00
0.000000000000000000e+00
0.000000000000000000e+00
0.000000000000000000e+00
0.000000000000000000e+00
0.000000000000000000e+00
0.000000000000000000e+00
0.000000000000000000e+00
0.000000000000000000e+00
0.000000000000000000e+00
0.000000000000000000e+00
0.000000000000000000e+00
0.000000000000000000e+00
0.000000000000000000e+00
0.000000000000000000e+00
0.000000000000000000e+00
0.000000000000000000e+00
0.000000000000000000e+00
0.000000000000000000e+00
0.000000000000000000e+00
0.000000000000000000e+00
0.000000000000000000e+00
0.000000000000000000e+00
0.000000000000000000e+00
0.000000000000000000e+00
6.570000457763671875e+01
3.570000076293945312e+01
0.000000000000000000e+00
0.000000000000000000e+00
0.000000000000000000e+00
0.000000000000000000e+00
6.570000457763671875e+01
7.140000152587890625e+01
0.000000000000000000e+00
0.000000000000000000e+00
0.000000000000000000e+00
0.000000000000000000e+00
6.570000457763671875e+01
5.320000076293945312e+01
0.000000000000000000e+00
0.000000000000000000e+00
0.000000000000000000e+00
0.000000000000000000e+00
6.570000457763671875e+01
7.840000152587890625e+01
0.000000000000000000e+00
0.000000000000000000e+00
0.000000000000000000e+00
0.000000000000000000e+00
6.570000457763671875e+01
7.069999694824218750e+01
0.000000000000000000e+00
0.000000000000000000e+00
0.000000000000000000e+00
0.000000000000000000e+00
6.570000457763671875e+01
5.250000000000000000e+01
0.000000000000000000e+00
0.000000000000000000e+00
0.000000000000000000e+00
0.000000000000000000e+00
6.570000457763671875e+01
4.759999847412109375e+01
0.000000000000000000e+00
0.000000000000000000e+00
0.000000000000000000e+00
0.000000000000000000e+00
6.570000457763671875e+01
9.940000152587890625e+01
0.000000000000000000e+00
0.000000000000000000e+00
0.000000000000000000e+00
0.000000000000000000e+00
6.570000457763671875e+01
4.409999847412109375e+01
0.000000000000000000e+00
0.000000000000000000e+00
0.000000000000000000e+00
0.000000000000000000e+00
6.570000457763671875e+01
5.879999923706054688e+01
0.000000000000000000e+00
0.000000000000000000e+00
0.000000000000000000e+00
0.000000000000000000e+00
0.000000000000000000e+00
0.000000000000000000e+00
0.000000000000000000e+00
0.000000000000000000e+00
0.000000000000000000e+00
0.000000000000000000e+00
0.000000000000000000e+00
0.000000000000000000e+00
0.000000000000000000e+00
0.000000000000000000e+00
0.000000000000000000e+00
0.000000000000000000e+00
0.000000000000000000e+00
0.000000000000000000e+00
0.000000000000000000e+00
0.000000000000000000e+00
0.000000000000000000e+00
0.000000000000000000e+00
0.000000000000000000e+00
0.000000000000000000e+00
0.000000000000000000e+00
0.000000000000000000e+00
0.000000000000000000e+00
0.000000000000000000e+00
0.000000000000000000e+00
0.000000000000000000e+00
0.000000000000000000e+00
0.000000000000000000e+00
0.000000000000000000e+00
0.000000000000000000e+00
0.000000000000000000e+00
0.000000000000000000e+00
0.000000000000000000e+00
0.000000000000000000e+00
6.570000457763671875e+01
2.869999885559082031e+01
0.000000000000000000e+00
0.000000000000000000e+00
0.000000000000000000e+00
0.000000000000000000e+00
6.570000457763671875e+01
7.000000000000000000e+01
0.000000000000000000e+00
0.000000000000000000e+00
0.000000000000000000e+00
0.000000000000000000e+00
6.570000457763671875e+01
7.700000000000000000e+01
0.000000000000000000e+00
0.000000000000000000e+00
0.000000000000000000e+00
0.000000000000000000e+00
6.570000457763671875e+01
5.879999923706054688e+01
0.000000000000000000e+00
0.000000000000000000e+00
0.000000000000000000e+00
0.000000000000000000e+00
6.570000457763671875e+01
6.020000076293945312e+01
0.000000000000000000e+00
0.000000000000000000e+00
0.000000000000000000e+00
0.000000000000000000e+00
6.570000457763671875e+01
5.950000000000000000e+01
0.000000000000000000e+00
0.000000000000000000e+00
0.000000000000000000e+00
0.000000000000000000e+00
6.570000457763671875e+01
6.229999923706054688e+01
0.000000000000000000e+00
0.000000000000000000e+00
0.000000000000000000e+00
0.000000000000000000e+00
6.570000457763671875e+01
7.279999542236328125e+01
0.000000000000000000e+00
0.000000000000000000e+00
0.000000000000000000e+00
0.000000000000000000e+00
6.570000457763671875e+01
5.670000076293945312e+01
0.000000000000000000e+00
0.000000000000000000e+00
0.000000000000000000e+00
0.000000000000000000e+00
6.570000457763671875e+01
5.809999847412109375e+01
0.000000000000000000e+00
0.000000000000000000e+00
0.000000000000000000e+00
0.000000000000000000e+00
0.000000000000000000e+00
0.000000000000000000e+00
0.000000000000000000e+00
0.000000000000000000e+00
0.000000000000000000e+00
0.000000000000000000e+00
0.000000000000000000e+00
0.000000000000000000e+00
0.000000000000000000e+00
0.000000000000000000e+00
0.000000000000000000e+00
0.000000000000000000e+00
0.000000000000000000e+00
0.000000000000000000e+00
0.000000000000000000e+00
0.000000000000000000e+00
0.000000000000000000e+00
0.000000000000000000e+00
0.000000000000000000e+00
0.000000000000000000e+00
0.000000000000000000e+00
0.000000000000000000e+00
0.000000000000000000e+00
0.000000000000000000e+00
0.000000000000000000e+00
0.000000000000000000e+00
0.000000000000000000e+00
0.000000000000000000e+00
0.000000000000000000e+00
0.000000000000000000e+00
0.000000000000000000e+00
0.000000000000000000e+00
0.000000000000000000e+00
0.000000000000000000e+00
0.000000000000000000e+00
0.000000000000000000e+00
6.570000457763671875e+01
1.889999961853027344e+01
0.000000000000000000e+00
0.000000000000000000e+00
0.000000000000000000e+00
0.000000000000000000e+00
6.570000457763671875e+01
9.590000152587890625e+01
0.000000000000000000e+00
0.000000000000000000e+00
0.000000000000000000e+00
0.000000000000000000e+00
6.570000457763671875e+01
5.600000000000000000e+01
0.000000000000000000e+00
0.000000000000000000e+00
4.380000305175781250e+01
6.300000000000000000e+01
4.770000076293945312e+01
2.869999885559082031e+01
0.000000000000000000e+00
0.000000000000000000e+00
4.380000305175781250e+01
3.500000000000000000e+01
4.020000076293945312e+01
5.179999923706054688e+01
0.000000000000000000e+00
0.000000000000000000e+00
4.380000305175781250e+01
3.850000000000000000e+01
3.420000076293945312e+01
3.500000000000000000e+01
0.000000000000000000e+00
0.000000000000000000e+00
4.380000305175781250e+01
3.850000000000000000e+01
2.970000076293945312e+01
1.750000000000000000e+01
0.000000000000000000e+00
0.000000000000000000e+00
4.380000305175781250e+01
5.389999771118164062e+01
2.640000152587890625e+01
3.220000076293945312e+01
0.000000000000000000e+00
0.000000000000000000e+00
4.440000152587890625e+01
3.920000076293945312e+01
2.310000038146972656e+01
2.029999923706054688e+01
0.000000000000000000e+00
0.000000000000000000e+00
4.500000000000000000e+01
5.039999771118164062e+01
2.220000076293945312e+01
1.469999980926513672e+01
0.000000000000000000e+00
0.000000000000000000e+00
4.530000305175781250e+01
4.129999923706054688e+01
2.100000000000000000e+01
2.450000000000000000e+01
0.000000000000000000e+00
0.000000000000000000e+00
4.530000305175781250e+01
4.900000000000000000e+01
2.040000152587890625e+01
1.539999961853027344e+01
0.000000000000000000e+00
0.000000000000000000e+00
4.530000305175781250e+01
3.989999771118164062e+01
1.950000000000000000e+01
1.960000038146972656e+01
0.000000000000000000e+00
3.000000119209289551e-01
4.260000228881835938e+01
4.900000000000000000e+01
1.650000000000000000e+01
1.610000038146972656e+01
3.000000119209289551e-01
6.000000238418579102e-01
3.970000076293945312e+01
3.500000000000000000e+01
1.530000019073486328e+01
1.330000019073486328e+01
3.000000119209289551e-01
6.000000238418579102e-01
3.930000305175781250e+01
3.920000076293945312e+01
1.380000019073486328e+01
1.189999961853027344e+01
6.000000238418579102e-01
9.000000357627868652e-01
3.890000152587890625e+01
3.709999847412109375e+01
1.320000076293945312e+01
1.400000000000000000e+01
6.000000238418579102e-01
2.599999904632568359e+00
3.650000381469726562e+01
2.939999961853027344e+01
1.290000057220458984e+01
1.189999961853027344e+01
6.000000238418579102e-01
2.900000095367431641e+00
3.280000305175781250e+01
3.429999923706054688e+01
1.170000076293945312e+01
9.099999427795410156e+00
1.200000047683715820e+00
1.800000071525573730e+00
3.260000228881835938e+01
3.850000000000000000e+01
1.140000057220458984e+01
9.099999427795410156e+00
1.200000047683715820e+00
2.500000000000000000e+00
3.259999847412109375e+01
2.660000038146972656e+01
1.140000057220458984e+01
1.189999961853027344e+01
1.200000047683715820e+00
3.200000047683715820e+00
2.820000076293945312e+01
2.869999885559082031e+01
1.080000019073486328e+01
7.699999809265136719e+00
1.200000047683715820e+00
3.800000190734863281e+00
2.650000190734863281e+01
2.379999923706054688e+01
1.050000000000000000e+01
7.000000000000000000e+00
1.200000047683715820e+00
3.400000095367431641e+00
2.520000076293945312e+01
2.029999923706054688e+01
9.900000572204589844e+00
9.800000190734863281e+00
1.200000047683715820e+00
3.000000000000000000e+00
2.500000000000000000e+01
2.379999923706054688e+01
9.300000190734863281e+00
5.599999904632568359e+00
1.200000047683715820e+00
4.400000095367431641e+00
2.239999961853027344e+01
2.379999923706054688e+01
9.300000190734863281e+00
7.000000000000000000e+00
1.200000047683715820e+00
3.700000047683715820e+00
2.180000114440917969e+01
1.610000038146972656e+01
9.300000190734863281e+00
7.000000000000000000e+00
1.200000047683715820e+00
3.700000047683715820e+00
2.289999961853027344e+01
2.100000000000000000e+01
9.300000190734863281e+00
9.099999427795410156e+00
9.000000357627868652e-01
3.300000190734863281e+00
2.400000000000000000e+01
1.819999885559082031e+01
9.300000190734863281e+00
9.800000190734863281e+00
9.000000357627868652e-01
4.000000000000000000e+00
2.160000038146972656e+01
1.889999961853027344e+01
8.100000381469726562e+00
4.900000095367431641e+00
2.100000143051147461e+00
4.400000095367431641e+00
2.160000038146972656e+01
2.169999885559082031e+01
7.800000190734863281e+00
7.000000000000000000e+00
2.400000095367431641e+00
2.099999904632568359e+00
2.280000114440917969e+01
2.029999923706054688e+01
7.800000190734863281e+00
4.199999809265136719e+00
2.400000095367431641e+00
1.399999976158142090e+00
2.280000114440917969e+01
1.960000038146972656e+01
7.500000476837158203e+00
3.500000000000000000e+00
2.700000047683715820e+00
1.399999976158142090e+00
2.280000114440917969e+01
2.450000000000000000e+01
7.500000476837158203e+00
7.699999809265136719e+00
2.700000047683715820e+00
3.500000000000000000e+00
2.280000114440917969e+01
2.169999885559082031e+01
7.500000476837158203e+00
9.099999427795410156e+00
2.700000047683715820e+00
2.799999952316284180e+00
2.280000114440917969e+01
2.310000038146972656e+01
6.900000095367431641e+00
5.599999904632568359e+00
3.000000000000000000e+00
1.399999976158142090e+00
2.310000038146972656e+01
1.889999961853027344e+01
6.600000381469726562e+00
3.500000000000000000e+00
3.300000190734863281e+00
3.500000000000000000e+00
2.310000038146972656e+01
2.310000038146972656e+01
6.600000381469726562e+00
5.599999904632568359e+00
3.300000190734863281e+00
3.500000000000000000e+00
2.310000038146972656e+01
2.100000000000000000e+01
6.600000381469726562e+00
7.000000000000000000e+00
3.300000190734863281e+00
2.099999904632568359e+00
2.310000038146972656e+01
2.450000000000000000e+01
6.600000381469726562e+00
4.199999809265136719e+00
3.300000190734863281e+00
1.399999976158142090e+00
2.310000038146972656e+01
1.539999961853027344e+01
6.600000381469726562e+00
7.000000000000000000e+00
3.000000000000000000e+00
2.399999856948852539e+00
6.000000000000000000e+00
6.899999618530273438e+00
1.230000019073486328e+01
1.330000019073486328e+01
3.000000000000000000e+00
5.099999904632568359e+00
6.599999904632568359e+00
6.099999904632568359e+00
4.199999809265136719e+00
3.900000095367431641e+00
2.799999952316284180e+00
9.000000357627868652e-01
1.399999976158142090e+00
1.200000047683715820e+00
2.099999904632568359e+00
1.800000071525573730e+00
0.000000000000000000e+00
0.000000000000000000e+00
0.000000000000000000e+00
0.000000000000000000e+00
0.000000000000000000e+00
0.000000000000000000e+00
0.000000000000000000e+00
0.000000000000000000e+00
0.000000000000000000e+00
0.000000000000000000e+00
0.000000000000000000e+00
0.000000000000000000e+00
0.000000000000000000e+00
0.000000000000000000e+00
0.000000000000000000e+00
0.000000000000000000e+00
0.000000000000000000e+00
0.000000000000000000e+00
0.000000000000000000e+00
0.000000000000000000e+00
0.000000000000000000e+00
0.000000000000000000e+00
0.000000000000000000e+00
0.000000000000000000e+00
0.000000000000000000e+00
0.000000000000000000e+00
0.000000000000000000e+00
0.000000000000000000e+00
0.000000000000000000e+00
0.000000000000000000e+00
1.095000076293945312e+02
7.140000152587890625e+01
0.000000000000000000e+00
0.000000000000000000e+00
0.000000000000000000e+00
0.000000000000000000e+00
1.095000076293945312e+02
1.428000030517578125e+02
0.000000000000000000e+00
0.000000000000000000e+00
0.000000000000000000e+00
0.000000000000000000e+00
1.095000076293945312e+02
8.259999847412109375e+01
0.000000000000000000e+00
0.000000000000000000e+00
0.000000000000000000e+00
0.000000000000000000e+00
1.095000076293945312e+02
9.309999847412109375e+01
0.000000000000000000e+00
0.000000000000000000e+00
0.000000000000000000e+00
0.000000000000000000e+00
1.095000076293945312e+02
1.140999984741210938e+02
0.000000000000000000e+00
0.000000000000000000e+00
0.000000000000000000e+00
0.000000000000000000e+00
1.095000076293945312e+02
9.940000152587890625e+01
0.000000000000000000e+00
0.000000000000000000e+00
0.000000000000000000e+00
0.000000000000000000e+00
1.095000076293945312e+02
8.259999847412109375e+01
0.000000000000000000e+00
0.000000000000000000e+00
0.000000000000000000e+00
0.000000000000000000e+00
9.960000610351562500e+01
1.175999984741210938e+02
0.000000000000000000e+00
0.000000000000000000e+00
0.000000000000000000e+00
0.000000000000000000e+00
8.850000000000000000e+01
5.670000076293945312e+01
0.000000000000000000e+00
0.000000000000000000e+00
0.000000000000000000e+00
0.000000000000000000e+00
8.850000000000000000e+01
6.929999542236328125e+01
0.000000000000000000e+00
0.000000000000000000e+00
0.000000000000000000e+00
0.000000000000000000e+00
0.000000000000000000e+00
0.000000000000000000e+00
0.000000000000000000e+00
0.000000000000000000e+00
0.000000000000000000e+00
0.000000000000000000e+00
0.000000000000000000e+00
0.000000000000000000e+00
0.000000000000000000e+00
0.000000000000000000e+00
0.000000000000000000e+00
0.000000000000000000e+00
0.000000000000000000e+00
0.000000000000000000e+00
0.000000000000000000e+00
0.000000000000000000e+00
0.000000000000000000e+00
0.000000000000000000e+00
0.000000000000000000e+00
0.000000000000000000e+00
0.000000000000000000e+00
0.000000000000000000e+00
0.000000000000000000e+00
0.000000000000000000e+00
0.000000000000000000e+00
0.000000000000000000e+00
0.000000000000000000e+00
0.000000000000000000e+00
0.000000000000000000e+00
0.000000000000000000e+00
0.000000000000000000e+00
0.000000000000000000e+00
0.000000000000000000e+00
0.000000000000000000e+00
8.850000000000000000e+01
5.389999771118164062e+01
0.000000000000000000e+00
0.000000000000000000e+00
0.000000000000000000e+00
0.000000000000000000e+00
8.850000000000000000e+01
9.729999542236328125e+01
0.000000000000000000e+00
0.000000000000000000e+00
0.000000000000000000e+00
0.000000000000000000e+00
8.850000000000000000e+01
7.629999542236328125e+01
0.000000000000000000e+00
0.000000000000000000e+00
0.000000000000000000e+00
0.000000000000000000e+00
8.850000000000000000e+01
7.419999694824218750e+01
0.000000000000000000e+00
0.000000000000000000e+00
0.000000000000000000e+00
0.000000000000000000e+00
8.850000000000000000e+01
7.840000152587890625e+01
0.000000000000000000e+00
0.000000000000000000e+00
0.000000000000000000e+00
0.000000000000000000e+00
8.850000000000000000e+01
8.609999847412109375e+01
0.000000000000000000e+00
0.000000000000000000e+00
0.000000000000000000e+00
0.000000000000000000e+00
8.850000000000000000e+01
6.579999542236328125e+01
0.000000000000000000e+00
0.000000000000000000e+00
0.000000000000000000e+00
0.000000000000000000e+00
8.850000000000000000e+01
8.819999694824218750e+01
0.000000000000000000e+00
0.000000000000000000e+00
0.000000000000000000e+00
0.000000000000000000e+00
8.850000000000000000e+01
7.279999542236328125e+01
0.000000000000000000e+00
0.000000000000000000e+00
0.000000000000000000e+00
0.000000000000000000e+00
8.850000000000000000e+01
8.540000152587890625e+01
0.000000000000000000e+00
0.000000000000000000e+00
0.000000000000000000e+00
0.000000000000000000e+00
0.000000000000000000e+00
8.850000000000000000e+01
7.279999542236328125e+01
0.000000000000000000e+00
0.000000000000000000e+00
0.000000000000000000e+00
0.000000000000000000e+00
0.000000000000000000e+00
0.000000000000000000e+00
0.000000000000000000e+00
0.000000000000000000e+00
0.000000000000000000e+00
0.000000000000000000e+00
0.000000000000000000e+00
0.000000000000000000e+00
0.000000000000000000e+00
0.000000000000000000e+00
0.000000000000000000e+00
0.000000000000000000e+00
0.000000000000000000e+00
0.000000000000000000e+00
0.000000000000000000e+00
0.000000000000000000e+00
0.000000000000000000e+00
0.000000000000000000e+00
0.000000000000000000e+00
0.000000000000000000e+00
0.000000000000000000e+00
0.000000000000000000e+00
0.000000000000000000e+00
0.000000000000000000e+00
0.000000000000000000e+00
0.000000000000000000e+00
0.000000000000000000e+00
0.000000000000000000e+00
0.000000000000000000e+00
0.000000000000000000e+00
0.000000000000000000e+00
0.000000000000000000e+00
0.000000000000000000e+00
8.850000000000000000e+01
2.939999961853027344e+01
0.000000000000000000e+00
0.000000000000000000e+00
0.000000000000000000e+00
0.000000000000000000e+00
8.850000000000000000e+01
1.105999984741210938e+02
0.000000000000000000e+00
0.000000000000000000e+00
0.000000000000000000e+00
0.000000000000000000e+00
8.850000000000000000e+01
8.959999847412109375e+01
0.000000000000000000e+00
0.000000000000000000e+00
0.000000000000000000e+00
0.000000000000000000e+00
8.850000000000000000e+01
4.900000000000000000e+01
0.000000000000000000e+00
0.000000000000000000e+00
0.000000000000000000e+00
0.000000000000000000e+00
8.850000000000000000e+01
8.609999847412109375e+01
0.000000000000000000e+00
0.000000000000000000e+00
0.000000000000000000e+00
0.000000000000000000e+00
8.850000000000000000e+01
8.469999694824218750e+01
2.070000076293945312e+01
3.359999847412109375e+01
0.000000000000000000e+00
3.000000119209289551e-01
8.859999847412109375e+01
5.250000000000000000e+01
1.410000038146972656e+01
1.400000000000000000e+01
3.000000119209289551e-01
1.600000023841857910e+00
7.750000000000000000e+01
7.769999694824218750e+01
1.020000076293945312e+01
3.500000000000000000e+00
6.000000238418579102e-01
1.500000000000000000e+00
6.430000305175781250e+01
4.409999847412109375e+01
6.300000190734863281e+00
7.300000190734863281e+00
3.000000119209289551e-01
1.500000000000000000e+00
1.399999976158142090e+00
5.460000228881835938e+01
3.920000076293945312e+01
0.000000000000000000e+00
0.000000000000000000e+00
0.000000000000000000e+00
0.000000000000000000e+00
0.000000000000000000e+00
0.000000000000000000e+00
0.000000000000000000e+00
0.000000000000000000e+00
0.000000000000000000e+00
0.000000000000000000e+00
0.000000000000000000e+00
0.000000000000000000e+00
0.000000000000000000e+00
0.000000000000000000e+00
0.000000000000000000e+00
0.000000000000000000e+00
0.000000000000000000e+00
0.000000000000000000e+00
0.000000000000000000e+00
0.000000000000000000e+00
0.000000000000000000e+00
0.000000000000000000e+00
0.000000000000000000e+00
0.000000000000000000e+00
0.000000000000000000e+00
0.000000000000000000e+00
0.000000000000000000e+00
0.000000000000000000e+00
0.000000000000000000e+00
0.000000000000000000e+00
0.000000000000000000e+00
0.000000000000000000e+00
0.000000000000000000e+00
0.000000000000000000e+00
0.000000000000000000e+00
0.000000000000000000e+00
0.000000000000000000e+00
5.400000381469726562e+01
7.699999809265136719e+00
0.000000000000000000e+00
0.000000000000000000e+00
0.000000000000000000e+00
0.000000000000000000e+00
5.400000381469726562e+01
5.529999923706054688e+01
0.000000000000000000e+00
0.000000000000000000e+00
0.000000000000000000e+00
0.000000000000000000e+00
5.400000381469726562e+01
5.529999923706054688e+01
0.000000000000000000e+00
0.000000000000000000e+00
0.000000000000000000e+00
0.000000000000000000e+00
5.400000381469726562e+01
3.570000076293945312e+01
0.000000000000000000e+00
0.000000000000000000e+00
0.000000000000000000e+00
0.000000000000000000e+00
5.400000381469726562e+01
4.620000076293945312e+01
0.000000000000000000e+00
0.000000000000000000e+00
0.000000000000000000e+00
0.000000000000000000e+00
5.400000381469726562e+01
3.989999771118164062e+01
0.000000000000000000e+00
0.000000000000000000e+00
0.000000000000000000e+00
0.000000000000000000e+00
5.400000381469726562e+01
3.920000076293945312e+01
0.000000000000000000e+00
0.000000000000000000e+00
0.000000000000000000e+00
0.000000000000000000e+00
5.400000381469726562e+01
5.809999847412109375e+01
0.000000000000000000e+00
0.000000000000000000e+00
0.000000000000000000e+00
0.000000000000000000e+00
5.400000381469726562e+01
3.150000000000000000e+01
0.000000000000000000e+00
0.000000000000000000e+00
0.000000000000000000e+00
0.000000000000000000e+00
0.000000000000000000e+00
5.400000381469726562e+01
4.550000000000000000e+01
0.000000000000000000e+00
0.000000000000000000e+00
0.000000000000000000e+00
0.000000000000000000e+00
0.000000000000000000e+00
0.000000000000000000e+00
0.000000000000000000e+00
0.000000000000000000e+00
0.000000000000000000e+00
0.000000000000000000e+00
0.000000000000000000e+00
0.000000000000000000e+00
0.000000000000000000e+00
0.000000000000000000e+00
0.000000000000000000e+00
0.000000000000000000e+00
0.000000000000000000e+00
0.000000000000000000e+00
0.000000000000000000e+00
0.000000000000000000e+00
0.000000000000000000e+00
0.000000000000000000e+00
0.000000000000000000e+00
0.000000000000000000e+00
0.000000000000000000e+00
0.000000000000000000e+00
0.000000000000000000e+00
0.000000000000000000e+00
0.000000000000000000e+00
0.000000000000000000e+00
0.000000000000000000e+00
0.000000000000000000e+00
0.000000000000000000e+00
0.000000000000000000e+00
0.000000000000000000e+00
5.400000381469726562e+01
9.800000190734863281e+00
0.000000000000000000e+00
0.000000000000000000e+00
0.000000000000000000e+00
0.000000000000000000e+00
5.400000381469726562e+01
4.970000076293945312e+01
0.000000000000000000e+00
0.000000000000000000e+00
0.000000000000000000e+00
0.000000000000000000e+00
5.400000381469726562e+01
4.900000000000000000e+01
0.000000000000000000e+00
0.000000000000000000e+00
0.000000000000000000e+00
0.000000000000000000e+00
5.400000381469726562e+01
4.550000000000000000e+01
0.000000000000000000e+00
0.000000000000000000e+00
0.000000000000000000e+00
0.000000000000000000e+00
5.400000381469726562e+01
5.109999847412109375e+01
0.000000000000000000e+00
0.000000000000000000e+00
0.000000000000000000e+00
0.000000000000000000e+00
5.400000381469726562e+01
4.129999923706054688e+01
0.000000000000000000e+00
0.000000000000000000e+00
0.000000000000000000e+00
0.000000000000000000e+00
5.400000381469726562e+01
2.589999961853027344e+01
0.000000000000000000e+00
0.000000000000000000e+00
0.000000000000000000e+00
0.000000000000000000e+00
5.400000381469726562e+01
6.020000076293945312e+01
0.000000000000000000e+00
0.000000000000000000e+00
0.000000000000000000e+00
0.000000000000000000e+00
5.400000381469726562e+01
4.409999847412109375e+01
0.000000000000000000e+00
0.000000000000000000e+00
0.000000000000000000e+00
0.000000000000000000e+00
5.400000381469726562e+01
4.270000076293945312e+01
0.000000000000000000e+00
0.000000000000000000e+00
0.000000000000000000e+00
0.000000000000000000e+00
5.400000381469726562e+01
4.059999847412109375e+01
0.000000000000000000e+00
0.000000000000000000e+00
0.000000000000000000e+00
0.000000000000000000e+00
5.400000381469726562e+01
5.179999923706054688e+01
0.000000000000000000e+00
0.000000000000000000e+00
0.000000000000000000e+00
0.000000000000000000e+00
5.400000381469726562e+01
3.500000000000000000e+01
0.000000000000000000e+00
0.000000000000000000e+00
0.000000000000000000e+00
0.000000000000000000e+00
5.400000381469726562e+01
5.600000000000000000e+01
0.000000000000000000e+00
0.000000000000000000e+00
0.000000000000000000e+00
0.000000000000000000e+00
5.400000381469726562e+01
3.289999771118164062e+01
0.000000000000000000e+00
0.000000000000000000e+00
0.000000000000000000e+00
0.000000000000000000e+00
5.400000381469726562e+01
3.570000076293945312e+01
0.000000000000000000e+00
0.000000000000000000e+00
0.000000000000000000e+00
0.000000000000000000e+00
1.095000076293945312e+02
1.252999954223632812e+02
0.000000000000000000e+00
0.000000000000000000e+00
0.000000000000000000e+00
0.000000000000000000e+00
1.095000076293945312e+02
9.729999542236328125e+01
0.000000000000000000e+00
0.000000000000000000e+00
0.000000000000000000e+00
0.000000000000000000e+00
1.095000076293945312e+02
5.809999847412109375e+01
0.000000000000000000e+00
0.000000000000000000e+00
0.000000000000000000e+00
0.000000000000000000e+00
1.095000076293945312e+02
1.295000000000000000e+02
0.000000000000000000e+00
0.000000000000000000e+00
0.000000000000000000e+00
0.000000000000000000e+00
1.095000076293945312e+02
8.609999847412109375e+01
0.000000000000000000e+00
0.000000000000000000e+00
0.000000000000000000e+00
0.000000000000000000e+00
1.095000076293945312e+02
7.000000000000000000e+01
0.000000000000000000e+00
0.000000000000000000e+00
0.000000000000000000e+00
0.000000000000000000e+00
1.095000076293945312e+02
1.190000000000000000e+02
0.000000000000000000e+00
0.000000000000000000e+00
0.000000000000000000e+00
0.000000000000000000e+00
1.095000076293945312e+02
9.590000152587890625e+01
0.000000000000000000e+00
0.000000000000000000e+00
0.000000000000000000e+00
0.000000000000000000e+00
1.095000076293945312e+02
5.670000076293945312e+01
0.000000000000000000e+00
0.000000000000000000e+00
0.000000000000000000e+00
0.000000000000000000e+00
0.000000000000000000e+00
9.960000610351562500e+01
1.169000015258789062e+02
0.000000000000000000e+00
0.000000000000000000e+00
0.000000000000000000e+00
0.000000000000000000e+00
9.960000610351562500e+01
7.629999542236328125e+01
0.000000000000000000e+00
0.000000000000000000e+00
0.000000000000000000e+00
0.000000000000000000e+00
9.960000610351562500e+01
6.089999771118164062e+01
0.000000000000000000e+00
0.000000000000000000e+00
0.000000000000000000e+00
0.000000000000000000e+00
9.960000610351562500e+01
1.077999954223632812e+02
0.000000000000000000e+00
0.000000000000000000e+00
0.000000000000000000e+00
0.000000000000000000e+00
9.960000610351562500e+01
8.400000000000000000e+01
0.000000000000000000e+00
0.000000000000000000e+00
0.000000000000000000e+00
0.000000000000000000e+00
9.960000610351562500e+01
5.809999847412109375e+01
0.000000000000000000e+00
0.000000000000000000e+00
0.000000000000000000e+00
0.000000000000000000e+00
0.000000000000000000e+00
9.960000610351562500e+01
1.077999954223632812e+02
0.000000000000000000e+00
0.000000000000000000e+00
0.000000000000000000e+00
0.000000000000000000e+00
9.960000610351562500e+01
8.190000152587890625e+01
0.000000000000000000e+00
0.000000000000000000e+00
0.000000000000000000e+00
0.000000000000000000e+00
9.960000610351562500e+01
6.229999923706054688e+01
0.000000000000000000e+00
0.000000000000000000e+00
0.000000000000000000e+00
0.000000000000000000e+00
0.000000000000000000e+00
9.960000610351562500e+01
1.070999984741210938e+02
0.000000000000000000e+00
0.000000000000000000e+00
0.000000000000000000e+00
0.000000000000000000e+00
9.960000610351562500e+01
7.559999847412109375e+01
0.000000000000000000e+00
0.000000000000000000e+00
0.000000000000000000e+00
0.000000000000000000e+00
9.960000610351562500e+01
5.529999923706054688e+01
0.000000000000000000e+00
0.000000000000000000e+00
0.000000000000000000e+00
0.000000000000000000e+00
9.960000610351562500e+01
1.196999969482421875e+02
0.000000000000000000e+00
0.000000000000000000e+00
0.000000000000000000e+00
0.000000000000000000e+00
9.960000610351562500e+01
7.629999542236328125e+01
0.000000000000000000e+00
0.000000000000000000e+00
0.000000000000000000e+00
0.000000000000000000e+00
9.960000610351562500e+01
5.320000076293945312e+01
0.000000000000000000e+00
0.000000000000000000e+00
0.000000000000000000e+00
0.000000000000000000e+00
9.960000610351562500e+01
1.042999954223632812e+02
0.000000000000000000e+00
0.000000000000000000e+00
0.000000000000000000e+00
0.000000000000000000e+00
9.960000610351562500e+01
8.540000152587890625e+01
0.000000000000000000e+00
0.000000000000000000e+00
0.000000000000000000e+00
0.000000000000000000e+00
9.960000610351562500e+01
6.020000076293945312e+01
0.000000000000000000e+00
0.000000000000000000e+00
0.000000000000000000e+00
0.000000000000000000e+00
0.000000000000000000e+00
0.000000000000000000e+00
0.000000000000000000e+00
0.000000000000000000e+00
0.000000000000000000e+00
0.000000000000000000e+00
0.000000000000000000e+00
0.000000000000000000e+00
0.000000000000000000e+00
0.000000000000000000e+00
0.000000000000000000e+00
0.000000000000000000e+00
0.000000000000000000e+00
0.000000000000000000e+00
0.000000000000000000e+00
0.000000000000000000e+00
0.000000000000000000e+00
0.000000000000000000e+00
0.000000000000000000e+00
0.000000000000000000e+00
0.000000000000000000e+00
0.000000000000000000e+00
0.000000000000000000e+00
0.000000000000000000e+00
0.000000000000000000e+00
0.000000000000000000e+00
0.000000000000000000e+00
0.000000000000000000e+00
0.000000000000000000e+00
0.000000000000000000e+00
8.850000000000000000e+01
2.939999961853027344e+01
0.000000000000000000e+00
0.000000000000000000e+00
0.000000000000000000e+00
0.000000000000000000e+00
8.850000000000000000e+01
9.309999847412109375e+01
0.000000000000000000e+00
0.000000000000000000e+00
0.000000000000000000e+00
0.000000000000000000e+00
8.850000000000000000e+01
8.050000000000000000e+01
0.000000000000000000e+00
0.000000000000000000e+00
0.000000000000000000e+00
0.000000000000000000e+00
8.850000000000000000e+01
5.320000076293945312e+01
0.000000000000000000e+00
0.000000000000000000e+00
0.000000000000000000e+00
0.000000000000000000e+00
8.850000000000000000e+01
7.279999542236328125e+01
0.000000000000000000e+00
0.000000000000000000e+00
0.000000000000000000e+00
0.000000000000000000e+00
8.850000000000000000e+01
7.279999542236328125e+01
0.000000000000000000e+00
0.000000000000000000e+00
0.000000000000000000e+00
0.000000000000000000e+00
8.850000000000000000e+01
6.859999847412109375e+01
0.000000000000000000e+00
0.000000000000000000e+00
0.000000000000000000e+00
0.000000000000000000e+00
8.850000000000000000e+01
8.050000000000000000e+01
0.000000000000000000e+00
0.000000000000000000e+00
0.000000000000000000e+00
0.000000000000000000e+00
8.850000000000000000e+01
5.250000000000000000e+01
0.000000000000000000e+00
0.000000000000000000e+00
0.000000000000000000e+00
0.000000000000000000e+00
0.000000000000000000e+00
0.000000000000000000e+00
1.092000045776367188e+02
9.519999694824218750e+01
0.000000000000000000e+00
0.000000000000000000e+00
0.000000000000000000e+00
0.000000000000000000e+00
9.690000152587890625e+01
1.007999954223632812e+02
0.000000000000000000e+00
0.000000000000000000e+00
0.000000000000000000e+00
0.000000000000000000e+00
0.000000000000000000e+00
0.000000000000000000e+00
0.000000000000000000e+00
0.000000000000000000e+00
0.000000000000000000e+00
0.000000000000000000e+00
0.000000000000000000e+00
0.000000000000000000e+00
0.000000000000000000e+00
0.000000000000000000e+00
0.000000000000000000e+00
0.000000000000000000e+00
0.000000000000000000e+00
0.000000000000000000e+00
0.000000000000000000e+00
0.000000000000000000e+00
0.000000000000000000e+00
0.000000000000000000e+00
0.000000000000000000e+00
0.000000000000000000e+00
0.000000000000000000e+00
0.000000000000000000e+00
0.000000000000000000e+00
0.000000000000000000e+00
0.000000000000000000e+00
0.000000000000000000e+00
0.000000000000000000e+00
8.850000000000000000e+01
1.469999980926513672e+01
0.000000000000000000e+00
0.000000000000000000e+00
0.000000000000000000e+00
0.000000000000000000e+00
8.850000000000000000e+01
6.650000000000000000e+01
0.000000000000000000e+00
0.000000000000000000e+00
0.000000000000000000e+00
0.000000000000000000e+00
8.850000000000000000e+01
9.729999542236328125e+01
0.000000000000000000e+00
0.000000000000000000e+00
0.000000000000000000e+00
0.000000000000000000e+00
8.850000000000000000e+01
5.670000076293945312e+01
0.000000000000000000e+00
0.000000000000000000e+00
0.000000000000000000e+00
0.000000000000000000e+00
8.850000000000000000e+01
7.069999694824218750e+01
0.000000000000000000e+00
0.000000000000000000e+00
0.000000000000000000e+00
0.000000000000000000e+00
8.850000000000000000e+01
6.790000152587890625e+01
0.000000000000000000e+00
0.000000000000000000e+00
0.000000000000000000e+00
0.000000000000000000e+00
8.850000000000000000e+01
5.389999771118164062e+01
0.000000000000000000e+00
0.000000000000000000e+00
0.000000000000000000e+00
0.000000000000000000e+00
8.850000000000000000e+01
9.240000152587890625e+01
0.000000000000000000e+00
0.000000000000000000e+00
0.000000000000000000e+00
0.000000000000000000e+00
8.850000000000000000e+01
6.859999847412109375e+01
0.000000000000000000e+00
0.000000000000000000e+00
0.000000000000000000e+00
0.000000000000000000e+00
0.000000000000000000e+00
8.850000000000000000e+01
3.639999771118164062e+01
0.000000000000000000e+00
0.000000000000000000e+00
0.000000000000000000e+00
0.000000000000000000e+00
0.000000000000000000e+00
0.000000000000000000e+00
0.000000000000000000e+00
0.000000000000000000e+00
0.000000000000000000e+00
0.000000000000000000e+00
0.000000000000000000e+00
0.000000000000000000e+00
0.000000000000000000e+00
0.000000000000000000e+00
0.000000000000000000e+00
0.000000000000000000e+00
0.000000000000000000e+00
0.000000000000000000e+00
0.000000000000000000e+00
0.000000000000000000e+00
0.000000000000000000e+00
0.000000000000000000e+00
0.000000000000000000e+00
0.000000000000000000e+00
0.000000000000000000e+00
0.000000000000000000e+00
0.000000000000000000e+00
0.000000000000000000e+00
0.000000000000000000e+00
0.000000000000000000e+00
0.000000000000000000e+00
0.000000000000000000e+00
8.850000000000000000e+01
3.989999771118164062e+01
0.000000000000000000e+00
0.000000000000000000e+00
0.000000000000000000e+00
0.000000000000000000e+00
0.000000000000000000e+00
0.000000000000000000e+00
0.000000000000000000e+00
0.000000000000000000e+00
0.000000000000000000e+00
8.850000000000000000e+01
8.679999542236328125e+01
0.000000000000000000e+00
0.000000000000000000e+00
0.000000000000000000e+00
0.000000000000000000e+00
8.850000000000000000e+01
7.490000152587890625e+01
0.000000000000000000e+00
0.000000000000000000e+00
0.000000000000000000e+00
0.000000000000000000e+00
8.850000000000000000e+01
4.550000000000000000e+01
0.000000000000000000e+00
0.000000000000000000e+00
0.000000000000000000e+00
0.000000000000000000e+00
8.850000000000000000e+01
7.769999694824218750e+01
0.000000000000000000e+00
0.000000000000000000e+00
0.000000000000000000e+00
0.000000000000000000e+00
8.850000000000000000e+01
8.119999694824218750e+01
0.000000000000000000e+00
0.000000000000000000e+00
0.000000000000000000e+00
0.000000000000000000e+00
8.850000000000000000e+01
4.339999771118164062e+01
0.000000000000000000e+00
0.000000000000000000e+00
0.000000000000000000e+00
0.000000000000000000e+00
8.850000000000000000e+01
6.719999694824218750e+01
0.000000000000000000e+00
0.000000000000000000e+00
0.000000000000000000e+00
0.000000000000000000e+00
8.850000000000000000e+01
7.350000000000000000e+01
0.000000000000000000e+00
0.000000000000000000e+00
0.000000000000000000e+00
0.000000000000000000e+00
8.850000000000000000e+01
8.540000152587890625e+01
0.000000000000000000e+00
0.000000000000000000e+00
0.000000000000000000e+00
0.000000000000000000e+00
0.000000000000000000e+00
0.000000000000000000e+00
0.000000000000000000e+00
0.000000000000000000e+00
0.000000000000000000e+00
0.000000000000000000e+00
0.000000000000000000e+00
0.000000000000000000e+00
0.000000000000000000e+00
0.000000000000000000e+00
0.000000000000000000e+00
0.000000000000000000e+00
0.000000000000000000e+00
0.000000000000000000e+00
0.000000000000000000e+00
0.000000000000000000e+00
0.000000000000000000e+00
0.000000000000000000e+00
0.000000000000000000e+00
0.000000000000000000e+00
0.000000000000000000e+00
0.000000000000000000e+00
0.000000000000000000e+00
0.000000000000000000e+00
0.000000000000000000e+00
0.000000000000000000e+00
0.000000000000000000e+00
0.000000000000000000e+00
0.000000000000000000e+00
0.000000000000000000e+00
0.000000000000000000e+00
0.000000000000000000e+00
0.000000000000000000e+00
0.000000000000000000e+00
0.000000000000000000e+00
0.000000000000000000e+00
0.000000000000000000e+00
0.000000000000000000e+00
8.850000000000000000e+01
1.400000000000000000e+01
0.000000000000000000e+00
0.000000000000000000e+00
0.000000000000000000e+00
0.000000000000000000e+00
8.850000000000000000e+01
6.509999847412109375e+01
0.000000000000000000e+00
0.000000000000000000e+00
0.000000000000000000e+00
0.000000000000000000e+00
8.850000000000000000e+01
8.050000000000000000e+01
0.000000000000000000e+00
0.000000000000000000e+00
0.000000000000000000e+00
0.000000000000000000e+00
1.095000076293945312e+02
1.035999984741210938e+02
0.000000000000000000e+00
0.000000000000000000e+00
0.000000000000000000e+00
0.000000000000000000e+00
1.095000076293945312e+02
6.159999847412109375e+01
0.000000000000000000e+00
0.000000000000000000e+00
0.000000000000000000e+00
0.000000000000000000e+00
1.095000076293945312e+02
9.100000000000000000e+01
0.000000000000000000e+00
0.000000000000000000e+00
0.000000000000000000e+00
0.000000000000000000e+00
1.095000076293945312e+02
8.400000000000000000e+01
0.000000000000000000e+00
0.000000000000000000e+00
0.000000000000000000e+00
0.000000000000000000e+00
1.095000076293945312e+02
8.959999847412109375e+01
0.000000000000000000e+00
0.000000000000000000e+00
0.000000000000000000e+00
0.000000000000000000e+00
9.960000610351562500e+01
5.950000000000000000e+01
0.000000000000000000e+00
0.000000000000000000e+00
0.000000000000000000e+00
0.000000000000000000e+00
8.850000000000000000e+01
6.229999923706054688e+01
0.000000000000000000e+00
0.000000000000000000e+00
0.000000000000000000e+00
0.000000000000000000e+00
0.000000000000000000e+00
0.000000000000000000e+00
0.000000000000000000e+00
0.000000000000000000e+00
0.000000000000000000e+00
0.000000000000000000e+00
0.000000000000000000e+00
0.000000000000000000e+00
0.000000000000000000e+00
0.000000000000000000e+00
0.000000000000000000e+00
0.000000000000000000e+00
0.000000000000000000e+00
0.000000000000000000e+00
0.000000000000000000e+00
0.000000000000000000e+00
0.000000000000000000e+00
0.000000000000000000e+00
0.000000000000000000e+00
0.000000000000000000e+00
0.000000000000000000e+00
0.000000000000000000e+00
0.000000000000000000e+00
0.000000000000000000e+00
0.000000000000000000e+00
0.000000000000000000e+00
0.000000000000000000e+00
0.000000000000000000e+00
0.000000000000000000e+00
0.000000000000000000e+00
0.000000000000000000e+00
0.000000000000000000e+00
0.000000000000000000e+00
0.000000000000000000e+00
0.000000000000000000e+00
0.000000000000000000e+00
8.850000000000000000e+01
2.239999961853027344e+01
0.000000000000000000e+00
0.000000000000000000e+00
0.000000000000000000e+00
0.000000000000000000e+00
8.850000000000000000e+01
9.100000000000000000e+01
0.000000000000000000e+00
0.000000000000000000e+00
0.000000000000000000e+00
0.000000000000000000e+00
8.850000000000000000e+01
6.650000000000000000e+01
0.000000000000000000e+00
0.000000000000000000e+00
0.000000000000000000e+00
0.000000000000000000e+00
8.850000000000000000e+01
5.809999847412109375e+01
0.000000000000000000e+00
0.000000000000000000e+00
0.000000000000000000e+00
0.000000000000000000e+00
8.850000000000000000e+01
6.089999771118164062e+01
0.000000000000000000e+00
0.000000000000000000e+00
0.000000000000000000e+00
0.000000000000000000e+00
8.850000000000000000e+01
6.859999847412109375e+01
0.000000000000000000e+00
0.000000000000000000e+00
0.000000000000000000e+00
0.000000000000000000e+00
8.850000000000000000e+01
4.829999923706054688e+01
0.000000000000000000e+00
0.000000000000000000e+00
0.000000000000000000e+00
0.000000000000000000e+00
8.850000000000000000e+01
9.169999694824218750e+01
0.000000000000000000e+00
0.000000000000000000e+00
0.000000000000000000e+00
0.000000000000000000e+00
8.850000000000000000e+01
5.600000000000000000e+01
0.000000000000000000e+00
0.000000000000000000e+00
0.000000000000000000e+00
0.000000000000000000e+00
8.850000000000000000e+01
5.389999771118164062e+01
0.000000000000000000e+00
0.000000000000000000e+00
0.000000000000000000e+00
0.000000000000000000e+00
8.850000000000000000e+01
6.440000152587890625e+01
0.000000000000000000e+00
0.000000000000000000e+00
0.000000000000000000e+00
0.000000000000000000e+00
8.850000000000000000e+01
7.629999542236328125e+01
0.000000000000000000e+00
0.000000000000000000e+00
0.000000000000000000e+00
0.000000000000000000e+00
8.850000000000000000e+01
4.129999923706054688e+01
0.000000000000000000e+00
0.000000000000000000e+00
0.000000000000000000e+00
0.000000000000000000e+00
8.850000000000000000e+01
8.959999847412109375e+01
0.000000000000000000e+00
0.000000000000000000e+00
0.000000000000000000e+00
0.000000000000000000e+00
8.850000000000000000e+01
5.529999923706054688e+01
0.000000000000000000e+00
0.000000000000000000e+00
0.000000000000000000e+00
0.000000000000000000e+00
8.850000000000000000e+01
4.829999923706054688e+01
0.000000000000000000e+00
0.000000000000000000e+00
0.000000000000000000e+00
0.000000000000000000e+00
8.850000000000000000e+01
7.140000152587890625e+01
0.000000000000000000e+00
0.000000000000000000e+00
0.000000000000000000e+00
0.000000000000000000e+00
8.850000000000000000e+01
6.719999694824218750e+01
0.000000000000000000e+00
0.000000000000000000e+00
0.000000000000000000e+00
0.000000000000000000e+00
8.850000000000000000e+01
4.759999847412109375e+01
0.000000000000000000e+00
0.000000000000000000e+00
0.000000000000000000e+00
0.000000000000000000e+00
8.850000000000000000e+01
9.169999694824218750e+01
0.000000000000000000e+00
0.000000000000000000e+00
0.000000000000000000e+00
0.000000000000000000e+00
8.850000000000000000e+01
4.339999771118164062e+01
0.000000000000000000e+00
0.000000000000000000e+00
0.000000000000000000e+00
0.000000000000000000e+00
8.850000000000000000e+01
6.089999771118164062e+01
0.000000000000000000e+00
0.000000000000000000e+00
0.000000000000000000e+00
0.000000000000000000e+00
8.850000000000000000e+01
7.140000152587890625e+01
0.000000000000000000e+00
0.000000000000000000e+00
0.000000000000000000e+00
0.000000000000000000e+00
8.850000000000000000e+01
6.579999542236328125e+01
0.000000000000000000e+00
0.000000000000000000e+00
0.000000000000000000e+00
0.000000000000000000e+00
8.850000000000000000e+01
3.850000000000000000e+01
0.000000000000000000e+00
0.000000000000000000e+00
0.000000000000000000e+00
0.000000000000000000e+00
8.850000000000000000e+01
7.700000000000000000e+01
0.000000000000000000e+00
0.000000000000000000e+00
0.000000000000000000e+00
0.000000000000000000e+00
8.850000000000000000e+01
6.089999771118164062e+01
0.000000000000000000e+00
0.000000000000000000e+00
0.000000000000000000e+00
0.000000000000000000e+00
8.850000000000000000e+01
6.440000152587890625e+01
0.000000000000000000e+00
0.000000000000000000e+00
0.000000000000000000e+00
0.000000000000000000e+00
8.850000000000000000e+01
6.089999771118164062e+01
0.000000000000000000e+00
0.000000000000000000e+00
2.100000000000000000e+01
2.029999923706054688e+01
7.200000000000000000e+01
5.320000076293945312e+01
0.000000000000000000e+00
0.000000000000000000e+00
2.100000000000000000e+01
1.960000038146972656e+01
5.850000381469726562e+01
3.500000000000000000e+01
0.000000000000000000e+00
0.000000000000000000e+00
2.100000000000000000e+01
1.259999942779541016e+01
5.160000228881835938e+01
3.779999923706054688e+01
0.000000000000000000e+00
0.000000000000000000e+00
2.100000000000000000e+01
1.400000000000000000e+01
4.590000152587890625e+01
2.029999923706054688e+01
0.000000000000000000e+00
0.000000000000000000e+00
2.100000000000000000e+01
1.400000000000000000e+01
4.350000000000000000e+01
3.220000076293945312e+01
0.000000000000000000e+00
0.000000000000000000e+00
8.400000572204589844e+00
7.000000000000000000e+00
1.830000114440917969e+01
9.099999427795410156e+00
3.000000119209289551e-01
6.999999880790710449e-01
1.500000000000000000e+00
9.100000381469726562e+00
4.199999809265136719e+00
1.350000095367431641e+01
7.699999809265136719e+00
9.000000357627868652e-01
6.900000095367431641e+00
6.500000000000000000e+00
5.800000190734863281e+00
1.170000076293945312e+01
9.099999427795410156e+00
6.000000238418579102e-01
1.140000057220458984e+01
3.500000000000000000e+00
6.300000190734863281e+00
8.899999618530273438e+00
7.300000190734863281e+00
3.400000095367431641e+00
1.470000076293945312e+01
1.259999942779541016e+01
6.300000190734863281e+00
6.400000095367431641e+00
8.000000000000000000e+00
5.000000000000000000e+00
1.480000019073486328e+01
1.119999980926513672e+01
6.300000190734863281e+00
7.800000190734863281e+00
5.600000381469726562e+00
5.099999904632568359e+00
1.680000114440917969e+01
8.399999618530273438e+00
6.300000190734863281e+00
2.799999952316284180e+00
7.200000286102294922e+00
5.599999904632568359e+00
6.000000000000000000e+00
4.300000190734863281e+00
1.020000076293945312e+01
2.399999856948852539e+00
2.700000047683715820e+00
2.099999904632568359e+00
2.400000095367431641e+00
5.900000095367431641e+00
6.999999880790710449e-01
3.900000095367431641e+00
6.999999880790710449e-01
0.000000000000000000e+00
0.000000000000000000e+00
0.000000000000000000e+00
0.000000000000000000e+00
0.000000000000000000e+00
0.000000000000000000e+00
0.000000000000000000e+00
0.000000000000000000e+00
0.000000000000000000e+00
0.000000000000000000e+00
0.000000000000000000e+00
0.000000000000000000e+00
0.000000000000000000e+00
0.000000000000000000e+00
0.000000000000000000e+00
0.000000000000000000e+00
0.000000000000000000e+00
0.000000000000000000e+00
0.000000000000000000e+00
0.000000000000000000e+00
0.000000000000000000e+00
0.000000000000000000e+00
0.000000000000000000e+00
0.000000000000000000e+00
0.000000000000000000e+00
0.000000000000000000e+00
0.000000000000000000e+00
0.000000000000000000e+00
0.000000000000000000e+00
0.000000000000000000e+00
0.000000000000000000e+00
0.000000000000000000e+00
0.000000000000000000e+00
0.000000000000000000e+00
0.000000000000000000e+00
0.000000000000000000e+00
0.000000000000000000e+00
0.000000000000000000e+00
0.000000000000000000e+00
0.000000000000000000e+00
0.000000000000000000e+00
0.000000000000000000e+00
0.000000000000000000e+00
0.000000000000000000e+00
0.000000000000000000e+00
1.710000038146972656e+01
0.000000000000000000e+00
0.000000000000000000e+00
0.000000000000000000e+00
1.800000071525573730e+00
6.000000238418579102e-01
2.340000152587890625e+01
7.000000000000000000e+00
0.000000000000000000e+00
0.000000000000000000e+00
2.100000143051147461e+00
2.000000000000000000e+00
2.460000038146972656e+01
9.099999427795410156e+00
0.000000000000000000e+00
0.000000000000000000e+00
2.100000143051147461e+00
1.299999952316284180e+00
2.560000228881835938e+01
1.330000019073486328e+01
0.000000000000000000e+00
0.000000000000000000e+00
2.700000047683715820e+00
1.299999952316284180e+00
2.610000038146972656e+01
2.519999885559082031e+01
0.000000000000000000e+00
0.000000000000000000e+00
3.000000000000000000e+00
1.299999952316284180e+00
2.640000152587890625e+01
2.239999961853027344e+01
0.000000000000000000e+00
0.000000000000000000e+00
3.000000000000000000e+00
3.400000095367431641e+00
2.710000228881835938e+01
1.679999923706054688e+01
0.000000000000000000e+00
0.000000000000000000e+00
3.000000000000000000e+00
2.699999809265136719e+00
2.770000267028808594e+01
1.259999942779541016e+01
0.000000000000000000e+00
0.000000000000000000e+00
2.400000095367431641e+00
6.999999880790710449e-01
3.000000000000000000e+00
1.580000019073486328e+01
6.299999713897705078e+00
0.000000000000000000e+00
0.000000000000000000e+00
0.000000000000000000e+00
0.000000000000000000e+00
0.000000000000000000e+00
0.000000000000000000e+00
0.000000000000000000e+00
0.000000000000000000e+00
0.000000000000000000e+00
0.000000000000000000e+00
0.000000000000000000e+00
0.000000000000000000e+00
0.000000000000000000e+00
0.000000000000000000e+00
0.000000000000000000e+00
0.000000000000000000e+00
0.000000000000000000e+00
0.000000000000000000e+00
0.000000000000000000e+00
0.000000000000000000e+00
0.000000000000000000e+00
0.000000000000000000e+00
0.000000000000000000e+00
0.000000000000000000e+00
0.000000000000000000e+00
0.000000000000000000e+00
0.000000000000000000e+00
0.000000000000000000e+00
0.000000000000000000e+00
0.000000000000000000e+00
0.000000000000000000e+00
0.000000000000000000e+00
0.000000000000000000e+00
0.000000000000000000e+00
0.000000000000000000e+00
1.980000114440917969e+01
6.999999880790710449e-01
0.000000000000000000e+00
0.000000000000000000e+00
0.000000000000000000e+00
0.000000000000000000e+00
1.800000000000000000e+01
4.900000095367431641e+00
0.000000000000000000e+00
0.000000000000000000e+00
1.200000047683715820e+00
6.000000238418579102e-01
2.170000076293945312e+01
1.259999942779541016e+01
0.000000000000000000e+00
0.000000000000000000e+00
6.000000238418579102e-01
1.200000047683715820e+00
2.380000114440917969e+01
1.819999885559082031e+01
0.000000000000000000e+00
0.000000000000000000e+00
1.200000047683715820e+00
0.000000000000000000e+00
2.610000038146972656e+01
1.610000038146972656e+01
0.000000000000000000e+00
0.000000000000000000e+00
1.200000047683715820e+00
6.999999880790710449e-01
2.610000038146972656e+01
1.119999980926513672e+01
0.000000000000000000e+00
0.000000000000000000e+00
1.500000000000000000e+00
1.700000047683715820e+00
1.023000030517578125e+02
5.320000076293945312e+01
0.000000000000000000e+00
0.000000000000000000e+00
1.500000000000000000e+00
1.700000047683715820e+00
9.660000610351562500e+01
7.559999847412109375e+01
0.000000000000000000e+00
0.000000000000000000e+00
1.500000000000000000e+00
3.000000119209289551e-01
9.669999694824218750e+01
8.540000152587890625e+01
0.000000000000000000e+00
0.000000000000000000e+00
1.500000000000000000e+00
3.000000119209289551e-01
8.430000305175781250e+01
3.989999771118164062e+01
0.000000000000000000e+00
0.000000000000000000e+00
0.000000000000000000e+00
1.200000047683715820e+00
1.399999976158142090e+00
0.000000000000000000e+00
0.000000000000000000e+00
0.000000000000000000e+00
0.000000000000000000e+00
0.000000000000000000e+00
0.000000000000000000e+00
0.000000000000000000e+00
0.000000000000000000e+00
0.000000000000000000e+00
0.000000000000000000e+00
0.000000000000000000e+00
0.000000000000000000e+00
0.000000000000000000e+00
0.000000000000000000e+00
0.000000000000000000e+00
0.000000000000000000e+00
0.000000000000000000e+00
0.000000000000000000e+00
0.000000000000000000e+00
0.000000000000000000e+00
0.000000000000000000e+00
0.000000000000000000e+00
0.000000000000000000e+00
0.000000000000000000e+00
0.000000000000000000e+00
0.000000000000000000e+00
0.000000000000000000e+00
0.000000000000000000e+00
0.000000000000000000e+00
0.000000000000000000e+00
0.000000000000000000e+00
0.000000000000000000e+00
0.000000000000000000e+00
7.890000152587890625e+01
1.400000000000000000e+01
0.000000000000000000e+00
0.000000000000000000e+00
0.000000000000000000e+00
0.000000000000000000e+00
7.890000152587890625e+01
6.509999847412109375e+01
0.000000000000000000e+00
0.000000000000000000e+00
0.000000000000000000e+00
0.000000000000000000e+00
7.890000152587890625e+01
6.790000152587890625e+01
0.000000000000000000e+00
0.000000000000000000e+00
0.000000000000000000e+00
0.000000000000000000e+00
7.890000152587890625e+01
5.670000076293945312e+01
0.000000000000000000e+00
0.000000000000000000e+00
0.000000000000000000e+00
0.000000000000000000e+00
7.890000152587890625e+01
4.129999923706054688e+01
0.000000000000000000e+00
0.000000000000000000e+00
0.000000000000000000e+00
0.000000000000000000e+00
7.890000152587890625e+01
6.440000152587890625e+01
0.000000000000000000e+00
0.000000000000000000e+00
0.000000000000000000e+00
0.000000000000000000e+00
7.890000152587890625e+01
5.739999771118164062e+01
0.000000000000000000e+00
0.000000000000000000e+00
0.000000000000000000e+00
0.000000000000000000e+00
7.890000152587890625e+01
5.109999847412109375e+01
0.000000000000000000e+00
0.000000000000000000e+00
0.000000000000000000e+00
0.000000000000000000e+00
7.890000152587890625e+01
3.920000076293945312e+01
0.000000000000000000e+00
0.000000000000000000e+00
0.000000000000000000e+00
0.000000000000000000e+00
6.990000152587890625e+01
5.670000076293945312e+01
0.000000000000000000e+00
0.000000000000000000e+00
0.000000000000000000e+00
0.000000000000000000e+00
0.000000000000000000e+00
6.990000152587890625e+01
5.459999847412109375e+01
0.000000000000000000e+00
0.000000000000000000e+00
0.000000000000000000e+00
0.000000000000000000e+00
0.000000000000000000e+00
0.000000000000000000e+00
0.000000000000000000e+00
0.000000000000000000e+00
0.000000000000000000e+00
0.000000000000000000e+00
0.000000000000000000e+00
0.000000000000000000e+00
0.000000000000000000e+00
0.000000000000000000e+00
0.000000000000000000e+00
0.000000000000000000e+00
0.000000000000000000e+00
0.000000000000000000e+00
0.000000000000000000e+00
0.000000000000000000e+00
0.000000000000000000e+00
0.000000000000000000e+00
0.000000000000000000e+00
0.000000000000000000e+00
0.000000000000000000e+00
0.000000000000000000e+00
0.000000000000000000e+00
0.000000000000000000e+00
0.000000000000000000e+00
0.000000000000000000e+00
0.000000000000000000e+00
0.000000000000000000e+00
0.000000000000000000e+00
6.990000152587890625e+01
2.099999904632568359e+00
0.000000000000000000e+00
0.000000000000000000e+00
0.000000000000000000e+00
0.000000000000000000e+00
6.990000152587890625e+01
4.829999923706054688e+01
0.000000000000000000e+00
0.000000000000000000e+00
0.000000000000000000e+00
0.000000000000000000e+00
6.990000152587890625e+01
5.879999923706054688e+01
0.000000000000000000e+00
0.000000000000000000e+00
0.000000000000000000e+00
0.000000000000000000e+00
6.990000152587890625e+01
6.859999847412109375e+01
0.000000000000000000e+00
0.000000000000000000e+00
0.000000000000000000e+00
0.000000000000000000e+00
6.990000152587890625e+01
2.869999885559082031e+01
0.000000000000000000e+00
0.000000000000000000e+00
0.000000000000000000e+00
0.000000000000000000e+00
6.990000152587890625e+01
3.709999847412109375e+01
0.000000000000000000e+00
0.000000000000000000e+00
0.000000000000000000e+00
0.000000000000000000e+00
6.990000152587890625e+01
5.389999771118164062e+01
0.000000000000000000e+00
0.000000000000000000e+00
0.000000000000000000e+00
0.000000000000000000e+00
6.990000152587890625e+01
6.229999923706054688e+01
0.000000000000000000e+00
0.000000000000000000e+00
0.000000000000000000e+00
0.000000000000000000e+00
6.990000152587890625e+01
3.010000038146972656e+01
0.000000000000000000e+00
0.000000000000000000e+00
0.000000000000000000e+00
0.000000000000000000e+00
6.990000152587890625e+01
4.129999923706054688e+01
0.000000000000000000e+00
0.000000000000000000e+00
0.000000000000000000e+00
0.000000000000000000e+00
0.000000000000000000e+00
0.000000000000000000e+00
0.000000000000000000e+00
0.000000000000000000e+00
0.000000000000000000e+00
0.000000000000000000e+00
0.000000000000000000e+00
0.000000000000000000e+00
0.000000000000000000e+00
0.000000000000000000e+00
0.000000000000000000e+00
0.000000000000000000e+00
0.000000000000000000e+00
0.000000000000000000e+00
0.000000000000000000e+00
0.000000000000000000e+00
0.000000000000000000e+00
0.000000000000000000e+00
0.000000000000000000e+00
0.000000000000000000e+00
0.000000000000000000e+00
0.000000000000000000e+00
0.000000000000000000e+00
0.000000000000000000e+00
0.000000000000000000e+00
0.000000000000000000e+00
0.000000000000000000e+00
0.000000000000000000e+00
0.000000000000000000e+00
0.000000000000000000e+00
0.000000000000000000e+00
0.000000000000000000e+00
0.000000000000000000e+00
0.000000000000000000e+00
6.990000152587890625e+01
5.599999904632568359e+00
3.750000000000000000e+01
2.519999885559082031e+01
0.000000000000000000e+00
0.000000000000000000e+00
6.990000152587890625e+01
7.840000152587890625e+01
2.340000152587890625e+01
3.220000076293945312e+01
3.000000119209289551e-01
0.000000000000000000e+00
6.990000152587890625e+01
4.620000076293945312e+01
1.380000019073486328e+01
1.610000038146972656e+01
3.000000119209289551e-01
0.000000000000000000e+00
6.990000152587890625e+01
4.129999923706054688e+01
8.700000762939453125e+00
0.000000000000000000e+00
3.000000119209289551e-01
0.000000000000000000e+00
7.020000457763671875e+01
1.819999885559082031e+01
7.500000476837158203e+00
6.299999713897705078e+00
3.000000119209289551e-01
1.600000023841857910e+00
6.660000610351562500e+01
5.389999771118164062e+01
7.200000286102294922e+00
2.799999952316284180e+00
3.000000119209289551e-01
9.000000357627868652e-01
6.510000610351562500e+01
3.920000076293945312e+01
6.300000190734863281e+00
4.900000095367431641e+00
3.000000119209289551e-01
9.000000357627868652e-01
6.650000762939453125e+01
5.600000000000000000e+01
5.400000095367431641e+00
1.399999976158142090e+00
1.200000047683715820e+00
3.000000119209289551e-01
6.570000457763671875e+01
3.079999923706054688e+01
5.100000381469726562e+00
2.399999856948852539e+00
1.200000047683715820e+00
2.399999856948852539e+00
6.430000305175781250e+01
5.879999923706054688e+01
5.100000381469726562e+00
5.200000286102294922e+00
1.200000047683715820e+00
3.000000119209289551e-01
6.360000228881835938e+01
2.939999961853027344e+01
4.800000190734863281e+00
4.500000000000000000e+00
2.900000095367431641e+00
1.000000000000000000e+00
6.330000305175781250e+01
3.570000076293945312e+01
4.800000190734863281e+00
4.500000000000000000e+00
1.500000000000000000e+00
1.000000000000000000e+00
6.400000000000000000e+01
3.079999923706054688e+01
4.500000000000000000e+00
1.700000047683715820e+00
1.500000000000000000e+00
2.399999856948852539e+00
6.330000305175781250e+01
7.140000152587890625e+01
4.500000000000000000e+00
2.099999904632568359e+00
1.800000071525573730e+00
0.000000000000000000e+00
6.360000228881835938e+01
3.500000000000000000e+01
4.200000286102294922e+00
3.500000000000000000e+00
2.100000143051147461e+00
6.999999880790710449e-01
6.360000228881835938e+01
3.359999847412109375e+01
4.200000286102294922e+00
1.399999976158142090e+00
2.100000143051147461e+00
6.999999880790710449e-01
6.330000305175781250e+01
2.100000000000000000e+01
4.200000286102294922e+00
6.299999713897705078e+00
2.100000143051147461e+00
3.500000000000000000e+00
6.210000228881835938e+01
6.859999847412109375e+01
3.900000095367431641e+00
2.799999952316284180e+00
2.400000095367431641e+00
0.000000000000000000e+00
6.210000228881835938e+01
3.150000000000000000e+01
3.900000095367431641e+00
4.900000095367431641e+00
2.400000095367431641e+00
2.099999904632568359e+00
6.150000381469726562e+01
3.639999771118164062e+01
3.900000095367431641e+00
2.799999952316284180e+00
2.400000095367431641e+00
6.999999880790710449e-01
6.150000381469726562e+01
2.660000038146972656e+01
3.900000095367431641e+00
3.500000000000000000e+00
2.400000095367431641e+00
3.500000000000000000e+00
6.060000228881835938e+01
4.970000076293945312e+01
3.600000143051147461e+00
3.500000000000000000e+00
2.700000047683715820e+00
6.999999880790710449e-01
6.060000228881835938e+01
3.850000000000000000e+01
3.300000190734863281e+00
2.399999856948852539e+00
3.400000095367431641e+00
6.999999880790710449e-01
6.060000228881835938e+01
3.989999771118164062e+01
3.300000190734863281e+00
1.399999976158142090e+00
3.000000000000000000e+00
1.399999976158142090e+00
6.030000305175781250e+01
2.379999923706054688e+01
3.300000190734863281e+00
2.099999904632568359e+00
3.000000000000000000e+00
3.500000000000000000e+00
6.000000381469726562e+01
5.529999923706054688e+01
3.300000190734863281e+00
2.099999904632568359e+00
3.000000000000000000e+00
6.999999880790710449e-01
6.000000381469726562e+01
3.079999923706054688e+01
3.300000190734863281e+00
4.900000095367431641e+00
3.000000000000000000e+00
2.799999952316284180e+00
5.850000381469726562e+01
4.550000000000000000e+01
2.400000095367431641e+00
0.000000000000000000e+00
3.600000143051147461e+00
1.000000000000000000e+00
5.850000381469726562e+01
2.100000000000000000e+01
2.400000095367431641e+00
2.099999904632568359e+00
3.600000143051147461e+00
4.500000000000000000e+00
5.760000228881835938e+01
5.039999771118164062e+01
2.400000095367431641e+00
2.099999904632568359e+00
3.600000143051147461e+00
2.399999856948852539e+00
5.760000228881835938e+01
2.660000038146972656e+01
2.100000143051147461e+00
2.399999856948852539e+00
3.600000143051147461e+00
3.099999904632568359e+00
5.830000305175781250e+01
2.939999961853027344e+01
2.100000143051147461e+00
1.399999976158142090e+00
3.900000095367431641e+00
1.000000000000000000e+00
5.760000228881835938e+01
3.639999771118164062e+01
2.100000143051147461e+00
6.999999880790710449e-01
3.900000095367431641e+00
2.399999856948852539e+00
5.760000228881835938e+01
5.109999847412109375e+01
2.100000143051147461e+00
6.999999880790710449e-01
3.900000095367431641e+00
2.799999952316284180e+00
5.580000305175781250e+01
3.079999923706054688e+01
2.100000143051147461e+00
2.799999952316284180e+00
3.900000095367431641e+00
2.799999952316284180e+00
5.580000305175781250e+01
3.150000000000000000e+01
2.100000143051147461e+00
1.399999976158142090e+00
3.900000095367431641e+00
2.799999952316284180e+00
5.520000076293945312e+01
2.100000000000000000e+01
2.100000143051147461e+00
1.399999976158142090e+00
3.900000095367431641e+00
2.099999904632568359e+00
5.520000076293945312e+01
5.670000076293945312e+01
1.800000071525573730e+00
1.399999976158142090e+00
4.200000286102294922e+00
4.199999809265136719e+00
5.460000228881835938e+01
3.289999771118164062e+01
1.800000071525573730e+00
2.099999904632568359e+00
4.200000286102294922e+00
2.799999952316284180e+00
5.460000228881835938e+01
3.429999923706054688e+01
1.800000071525573730e+00
0.000000000000000000e+00
4.200000286102294922e+00
6.999999880790710449e-01
5.460000228881835938e+01
2.029999923706054688e+01
1.800000071525573730e+00
6.999999880790710449e-01
4.200000286102294922e+00
1.399999976158142090e+00
5.460000228881835938e+01
4.129999923706054688e+01
1.500000000000000000e+00
1.700000047683715820e+00
1.299999952316284180e+00
2.400000095367431641e+00
7.340000152587890625e+01
4.900000000000000000e+01
9.000000357627868652e-01
1.000000000000000000e+00
6.999999880790710449e-01
1.500000000000000000e+00
6.999999880790710449e-01
5.190000152587890625e+01
3.779999923706054688e+01
0.000000000000000000e+00
0.000000000000000000e+00
0.000000000000000000e+00
0.000000000000000000e+00
0.000000000000000000e+00
0.000000000000000000e+00
0.000000000000000000e+00
0.000000000000000000e+00
0.000000000000000000e+00
0.000000000000000000e+00
0.000000000000000000e+00
0.000000000000000000e+00
0.000000000000000000e+00
0.000000000000000000e+00
0.000000000000000000e+00
0.000000000000000000e+00
0.000000000000000000e+00
0.000000000000000000e+00
0.000000000000000000e+00
0.000000000000000000e+00
0.000000000000000000e+00
0.000000000000000000e+00
0.000000000000000000e+00
0.000000000000000000e+00
0.000000000000000000e+00
0.000000000000000000e+00
0.000000000000000000e+00
0.000000000000000000e+00
0.000000000000000000e+00
0.000000000000000000e+00
0.000000000000000000e+00
0.000000000000000000e+00
0.000000000000000000e+00
5.340000152587890625e+01
4.199999809265136719e+00
0.000000000000000000e+00
0.000000000000000000e+00
0.000000000000000000e+00
0.000000000000000000e+00
4.980000305175781250e+01
2.939999961853027344e+01
0.000000000000000000e+00
0.000000000000000000e+00
0.000000000000000000e+00
0.000000000000000000e+00
4.980000305175781250e+01
3.639999771118164062e+01
0.000000000000000000e+00
0.000000000000000000e+00
0.000000000000000000e+00
0.000000000000000000e+00
4.980000305175781250e+01
3.920000076293945312e+01
0.000000000000000000e+00
0.000000000000000000e+00
0.000000000000000000e+00
0.000000000000000000e+00
4.800000000000000000e+01
2.589999961853027344e+01
0.000000000000000000e+00
0.000000000000000000e+00
0.000000000000000000e+00
0.000000000000000000e+00
4.800000000000000000e+01
3.010000038146972656e+01
0.000000000000000000e+00
0.000000000000000000e+00
0.000000000000000000e+00
0.000000000000000000e+00
4.830000305175781250e+01
2.800000000000000000e+01
0.000000000000000000e+00
0.000000000000000000e+00
0.000000000000000000e+00
0.000000000000000000e+00
4.830000305175781250e+01
2.800000000000000000e+01
0.000000000000000000e+00
0.000000000000000000e+00
0.000000000000000000e+00
0.000000000000000000e+00
4.800000000000000000e+01
2.729999923706054688e+01
0.000000000000000000e+00
0.000000000000000000e+00
0.000000000000000000e+00
0.000000000000000000e+00
4.800000000000000000e+01
3.220000076293945312e+01
0.000000000000000000e+00
0.000000000000000000e+00
0.000000000000000000e+00
0.000000000000000000e+00
0.000000000000000000e+00
0.000000000000000000e+00
0.000000000000000000e+00
0.000000000000000000e+00
0.000000000000000000e+00
0.000000000000000000e+00
0.000000000000000000e+00
0.000000000000000000e+00
0.000000000000000000e+00
0.000000000000000000e+00
0.000000000000000000e+00
0.000000000000000000e+00
0.000000000000000000e+00
0.000000000000000000e+00
0.000000000000000000e+00
0.000000000000000000e+00
0.000000000000000000e+00
0.000000000000000000e+00
0.000000000000000000e+00
0.000000000000000000e+00
0.000000000000000000e+00
0.000000000000000000e+00
0.000000000000000000e+00
0.000000000000000000e+00
0.000000000000000000e+00
0.000000000000000000e+00
0.000000000000000000e+00
0.000000000000000000e+00
0.000000000000000000e+00
0.000000000000000000e+00
0.000000000000000000e+00
0.000000000000000000e+00
0.000000000000000000e+00
0.000000000000000000e+00
0.000000000000000000e+00
0.000000000000000000e+00
0.000000000000000000e+00
0.000000000000000000e+00
0.000000000000000000e+00
0.000000000000000000e+00
0.000000000000000000e+00
0.000000000000000000e+00
0.000000000000000000e+00
0.000000000000000000e+00
0.000000000000000000e+00
0.000000000000000000e+00
0.000000000000000000e+00
0.000000000000000000e+00
0.000000000000000000e+00
0.000000000000000000e+00
0.000000000000000000e+00
0.000000000000000000e+00
0.000000000000000000e+00
0.000000000000000000e+00
4.800000000000000000e+01
0.000000000000000000e+00
0.000000000000000000e+00
0.000000000000000000e+00
0.000000000000000000e+00
0.000000000000000000e+00
4.800000000000000000e+01
9.800000190734863281e+00
0.000000000000000000e+00
0.000000000000000000e+00
0.000000000000000000e+00
0.000000000000000000e+00
4.800000000000000000e+01
3.500000000000000000e+01
0.000000000000000000e+00
0.000000000000000000e+00
0.000000000000000000e+00
0.000000000000000000e+00
4.800000000000000000e+01
3.709999847412109375e+01
0.000000000000000000e+00
0.000000000000000000e+00
0.000000000000000000e+00
0.000000000000000000e+00
4.800000000000000000e+01
3.779999923706054688e+01
0.000000000000000000e+00
0.000000000000000000e+00
0.000000000000000000e+00
0.000000000000000000e+00
4.800000000000000000e+01
2.660000038146972656e+01
0.000000000000000000e+00
0.000000000000000000e+00
0.000000000000000000e+00
0.000000000000000000e+00
0.000000000000000000e+00
0.000000000000000000e+00
0.000000000000000000e+00
4.800000000000000000e+01
2.169999885559082031e+01
0.000000000000000000e+00
0.000000000000000000e+00
0.000000000000000000e+00
0.000000000000000000e+00
0.000000000000000000e+00
0.000000000000000000e+00
0.000000000000000000e+00
0.000000000000000000e+00
0.000000000000000000e+00
0.000000000000000000e+00
0.000000000000000000e+00
0.000000000000000000e+00
0.000000000000000000e+00
0.000000000000000000e+00
0.000000000000000000e+00
0.000000000000000000e+00
0.000000000000000000e+00
0.000000000000000000e+00
0.000000000000000000e+00
0.000000000000000000e+00
0.000000000000000000e+00
0.000000000000000000e+00
0.000000000000000000e+00
0.000000000000000000e+00
0.000000000000000000e+00
0.000000000000000000e+00
0.000000000000000000e+00
0.000000000000000000e+00
0.000000000000000000e+00
0.000000000000000000e+00
0.000000000000000000e+00
0.000000000000000000e+00
0.000000000000000000e+00
0.000000000000000000e+00
0.000000000000000000e+00
4.800000000000000000e+01
4.199999809265136719e+00
0.000000000000000000e+00
0.000000000000000000e+00
0.000000000000000000e+00
0.000000000000000000e+00
4.800000000000000000e+01
3.079999923706054688e+01
0.000000000000000000e+00
0.000000000000000000e+00
0.000000000000000000e+00
0.000000000000000000e+00
4.800000000000000000e+01
2.800000000000000000e+01
0.000000000000000000e+00
0.000000000000000000e+00
0.000000000000000000e+00
0.000000000000000000e+00
1.095000076293945312e+02
8.259999847412109375e+01
0.000000000000000000e+00
0.000000000000000000e+00
0.000000000000000000e+00
0.000000000000000000e+00
1.095000076293945312e+02
7.419999694824218750e+01
0.000000000000000000e+00
0.000000000000000000e+00
0.000000000000000000e+00
0.000000000000000000e+00
1.095000076293945312e+02
8.400000000000000000e+01
0.000000000000000000e+00
0.000000000000000000e+00
0.000000000000000000e+00
0.000000000000000000e+00
1.095000076293945312e+02
5.529999923706054688e+01
0.000000000000000000e+00
0.000000000000000000e+00
0.000000000000000000e+00
0.000000000000000000e+00
1.095000076293945312e+02
7.559999847412109375e+01
0.000000000000000000e+00
0.000000000000000000e+00
0.000000000000000000e+00
0.000000000000000000e+00
9.960000610351562500e+01
6.790000152587890625e+01
0.000000000000000000e+00
0.000000000000000000e+00
0.000000000000000000e+00
0.000000000000000000e+00
9.960000610351562500e+01
7.840000152587890625e+01
0.000000000000000000e+00
0.000000000000000000e+00
0.000000000000000000e+00
0.000000000000000000e+00
0.000000000000000000e+00
9.960000610351562500e+01
4.479999923706054688e+01
0.000000000000000000e+00
0.000000000000000000e+00
0.000000000000000000e+00
0.000000000000000000e+00
0.000000000000000000e+00
0.000000000000000000e+00
0.000000000000000000e+00
0.000000000000000000e+00
0.000000000000000000e+00
0.000000000000000000e+00
0.000000000000000000e+00
0.000000000000000000e+00
0.000000000000000000e+00
0.000000000000000000e+00
0.000000000000000000e+00
0.000000000000000000e+00
0.000000000000000000e+00
0.000000000000000000e+00
0.000000000000000000e+00
0.000000000000000000e+00
0.000000000000000000e+00
0.000000000000000000e+00
0.000000000000000000e+00
0.000000000000000000e+00
0.000000000000000000e+00
0.000000000000000000e+00
0.000000000000000000e+00
0.000000000000000000e+00
0.000000000000000000e+00
0.000000000000000000e+00
0.000000000000000000e+00
0.000000000000000000e+00
0.000000000000000000e+00
0.000000000000000000e+00
0.000000000000000000e+00
9.960000610351562500e+01
2.029999923706054688e+01
0.000000000000000000e+00
0.000000000000000000e+00
0.000000000000000000e+00
0.000000000000000000e+00
9.960000610351562500e+01
8.959999847412109375e+01
0.000000000000000000e+00
0.000000000000000000e+00
0.000000000000000000e+00
0.000000000000000000e+00
9.960000610351562500e+01
8.609999847412109375e+01
0.000000000000000000e+00
0.000000000000000000e+00
0.000000000000000000e+00
0.000000000000000000e+00
9.960000610351562500e+01
5.389999771118164062e+01
0.000000000000000000e+00
0.000000000000000000e+00
0.000000000000000000e+00
0.000000000000000000e+00
9.960000610351562500e+01
4.479999923706054688e+01
0.000000000000000000e+00
0.000000000000000000e+00
0.000000000000000000e+00
0.000000000000000000e+00
9.960000610351562500e+01
8.400000000000000000e+01
0.000000000000000000e+00
0.000000000000000000e+00
0.000000000000000000e+00
0.000000000000000000e+00
9.960000610351562500e+01
7.000000000000000000e+01
0.000000000000000000e+00
0.000000000000000000e+00
0.000000000000000000e+00
0.000000000000000000e+00
9.960000610351562500e+01
6.089999771118164062e+01
0.000000000000000000e+00
0.000000000000000000e+00
0.000000000000000000e+00
0.000000000000000000e+00
8.850000000000000000e+01
3.220000076293945312e+01
0.000000000000000000e+00
0.000000000000000000e+00
0.000000000000000000e+00
0.000000000000000000e+00
0.000000000000000000e+00
8.850000000000000000e+01
7.140000152587890625e+01
0.000000000000000000e+00
0.000000000000000000e+00
0.000000000000000000e+00
0.000000000000000000e+00
0.000000000000000000e+00
0.000000000000000000e+00
0.000000000000000000e+00
0.000000000000000000e+00
0.000000000000000000e+00
0.000000000000000000e+00
0.000000000000000000e+00
0.000000000000000000e+00
0.000000000000000000e+00
0.000000000000000000e+00
0.000000000000000000e+00
0.000000000000000000e+00
0.000000000000000000e+00
0.000000000000000000e+00
0.000000000000000000e+00
0.000000000000000000e+00
0.000000000000000000e+00
0.000000000000000000e+00
0.000000000000000000e+00
0.000000000000000000e+00
0.000000000000000000e+00
0.000000000000000000e+00
0.000000000000000000e+00
0.000000000000000000e+00
0.000000000000000000e+00
0.000000000000000000e+00
0.000000000000000000e+00
0.000000000000000000e+00
0.000000000000000000e+00
0.000000000000000000e+00
0.000000000000000000e+00
8.850000000000000000e+01
8.399999618530273438e+00
0.000000000000000000e+00
0.000000000000000000e+00
0.000000000000000000e+00
0.000000000000000000e+00
8.850000000000000000e+01
8.119999694824218750e+01
0.000000000000000000e+00
0.000000000000000000e+00
0.000000000000000000e+00
0.000000000000000000e+00
8.850000000000000000e+01
5.950000000000000000e+01
0.000000000000000000e+00
0.000000000000000000e+00
0.000000000000000000e+00
0.000000000000000000e+00
8.850000000000000000e+01
6.579999542236328125e+01
0.000000000000000000e+00
0.000000000000000000e+00
0.000000000000000000e+00
0.000000000000000000e+00
8.850000000000000000e+01
3.010000038146972656e+01
0.000000000000000000e+00
0.000000000000000000e+00
0.000000000000000000e+00
0.000000000000000000e+00
8.850000000000000000e+01
6.790000152587890625e+01
0.000000000000000000e+00
0.000000000000000000e+00
0.000000000000000000e+00
0.000000000000000000e+00
8.850000000000000000e+01
4.409999847412109375e+01
0.000000000000000000e+00
0.000000000000000000e+00
0.000000000000000000e+00
0.000000000000000000e+00
8.850000000000000000e+01
7.979999542236328125e+01
0.000000000000000000e+00
0.000000000000000000e+00
0.000000000000000000e+00
0.000000000000000000e+00
8.850000000000000000e+01
3.359999847412109375e+01
0.000000000000000000e+00
0.000000000000000000e+00
0.000000000000000000e+00
0.000000000000000000e+00
8.850000000000000000e+01
7.069999694824218750e+01
0.000000000000000000e+00
0.000000000000000000e+00
0.000000000000000000e+00
0.000000000000000000e+00
8.850000000000000000e+01
4.129999923706054688e+01
0.000000000000000000e+00
0.000000000000000000e+00
0.000000000000000000e+00
0.000000000000000000e+00
8.850000000000000000e+01
6.929999542236328125e+01
0.000000000000000000e+00
0.000000000000000000e+00
0.000000000000000000e+00
0.000000000000000000e+00
8.850000000000000000e+01
3.500000000000000000e+01
0.000000000000000000e+00
0.000000000000000000e+00
0.000000000000000000e+00
0.000000000000000000e+00
1.095000076293945312e+02
1.021999969482421875e+02
0.000000000000000000e+00
0.000000000000000000e+00
0.000000000000000000e+00
0.000000000000000000e+00
1.095000076293945312e+02
6.089999771118164062e+01
0.000000000000000000e+00
0.000000000000000000e+00
0.000000000000000000e+00
0.000000000000000000e+00
9.690000152587890625e+01
7.000000000000000000e+01
0.000000000000000000e+00
0.000000000000000000e+00
0.000000000000000000e+00
0.000000000000000000e+00
9.690000152587890625e+01
3.570000076293945312e+01
0.000000000000000000e+00
0.000000000000000000e+00
0.000000000000000000e+00
0.000000000000000000e+00
9.690000152587890625e+01
8.050000000000000000e+01
0.000000000000000000e+00
0.000000000000000000e+00
0.000000000000000000e+00
0.000000000000000000e+00
9.690000152587890625e+01
4.689999771118164062e+01
0.000000000000000000e+00
0.000000000000000000e+00
0.000000000000000000e+00
0.000000000000000000e+00
9.690000152587890625e+01
8.050000000000000000e+01
0.000000000000000000e+00
0.000000000000000000e+00
0.000000000000000000e+00
0.000000000000000000e+00
0.000000000000000000e+00
0.000000000000000000e+00
0.000000000000000000e+00
0.000000000000000000e+00
0.000000000000000000e+00
0.000000000000000000e+00
0.000000000000000000e+00
0.000000000000000000e+00
0.000000000000000000e+00
0.000000000000000000e+00
0.000000000000000000e+00
0.000000000000000000e+00
0.000000000000000000e+00
0.000000000000000000e+00
0.000000000000000000e+00
0.000000000000000000e+00
0.000000000000000000e+00
0.000000000000000000e+00
0.000000000000000000e+00
0.000000000000000000e+00
0.000000000000000000e+00
0.000000000000000000e+00
0.000000000000000000e+00
0.000000000000000000e+00
0.000000000000000000e+00
0.000000000000000000e+00
0.000000000000000000e+00
0.000000000000000000e+00
0.000000000000000000e+00
0.000000000000000000e+00
0.000000000000000000e+00
0.000000000000000000e+00
0.000000000000000000e+00
0.000000000000000000e+00
0.000000000000000000e+00
0.000000000000000000e+00
0.000000000000000000e+00
0.000000000000000000e+00
0.000000000000000000e+00
0.000000000000000000e+00
0.000000000000000000e+00
0.000000000000000000e+00
0.000000000000000000e+00
0.000000000000000000e+00
0.000000000000000000e+00
0.000000000000000000e+00
0.000000000000000000e+00
0.000000000000000000e+00
0.000000000000000000e+00
0.000000000000000000e+00
0.000000000000000000e+00
0.000000000000000000e+00
0.000000000000000000e+00
0.000000000000000000e+00
0.000000000000000000e+00
0.000000000000000000e+00
0.000000000000000000e+00
0.000000000000000000e+00
0.000000000000000000e+00
0.000000000000000000e+00
0.000000000000000000e+00
0.000000000000000000e+00
0.000000000000000000e+00
0.000000000000000000e+00
0.000000000000000000e+00
0.000000000000000000e+00
0.000000000000000000e+00
0.000000000000000000e+00
0.000000000000000000e+00
0.000000000000000000e+00
0.000000000000000000e+00
0.000000000000000000e+00
0.000000000000000000e+00
0.000000000000000000e+00
0.000000000000000000e+00
0.000000000000000000e+00
0.000000000000000000e+00
0.000000000000000000e+00
0.000000000000000000e+00
0.000000000000000000e+00
0.000000000000000000e+00
0.000000000000000000e+00
0.000000000000000000e+00
0.000000000000000000e+00
0.000000000000000000e+00
0.000000000000000000e+00
0.000000000000000000e+00
0.000000000000000000e+00
0.000000000000000000e+00
0.000000000000000000e+00
0.000000000000000000e+00
0.000000000000000000e+00
0.000000000000000000e+00
0.000000000000000000e+00
0.000000000000000000e+00
0.000000000000000000e+00
0.000000000000000000e+00
0.000000000000000000e+00
0.000000000000000000e+00
0.000000000000000000e+00
0.000000000000000000e+00
0.000000000000000000e+00
0.000000000000000000e+00
0.000000000000000000e+00
0.000000000000000000e+00
0.000000000000000000e+00
0.000000000000000000e+00
0.000000000000000000e+00
0.000000000000000000e+00
0.000000000000000000e+00
0.000000000000000000e+00
0.000000000000000000e+00
0.000000000000000000e+00
0.000000000000000000e+00
0.000000000000000000e+00
0.000000000000000000e+00
0.000000000000000000e+00
0.000000000000000000e+00
0.000000000000000000e+00
0.000000000000000000e+00
0.000000000000000000e+00
0.000000000000000000e+00
0.000000000000000000e+00
0.000000000000000000e+00
0.000000000000000000e+00
0.000000000000000000e+00
0.000000000000000000e+00
0.000000000000000000e+00
0.000000000000000000e+00
0.000000000000000000e+00
0.000000000000000000e+00
0.000000000000000000e+00
0.000000000000000000e+00
0.000000000000000000e+00
0.000000000000000000e+00
0.000000000000000000e+00
0.000000000000000000e+00
0.000000000000000000e+00
0.000000000000000000e+00
0.000000000000000000e+00
0.000000000000000000e+00
0.000000000000000000e+00
0.000000000000000000e+00
0.000000000000000000e+00
0.000000000000000000e+00
0.000000000000000000e+00
0.000000000000000000e+00
0.000000000000000000e+00
0.000000000000000000e+00
0.000000000000000000e+00
0.000000000000000000e+00
0.000000000000000000e+00
0.000000000000000000e+00
0.000000000000000000e+00
0.000000000000000000e+00
0.000000000000000000e+00
0.000000000000000000e+00
0.000000000000000000e+00
0.000000000000000000e+00
0.000000000000000000e+00
0.000000000000000000e+00
0.000000000000000000e+00
0.000000000000000000e+00
0.000000000000000000e+00
0.000000000000000000e+00
0.000000000000000000e+00
0.000000000000000000e+00
0.000000000000000000e+00
0.000000000000000000e+00
0.000000000000000000e+00
0.000000000000000000e+00
0.000000000000000000e+00
0.000000000000000000e+00
0.000000000000000000e+00
0.000000000000000000e+00
0.000000000000000000e+00
0.000000000000000000e+00
0.000000000000000000e+00
0.000000000000000000e+00
0.000000000000000000e+00
0.000000000000000000e+00
0.000000000000000000e+00
0.000000000000000000e+00
0.000000000000000000e+00
0.000000000000000000e+00
0.000000000000000000e+00
0.000000000000000000e+00
0.000000000000000000e+00
0.000000000000000000e+00
0.000000000000000000e+00
0.000000000000000000e+00
0.000000000000000000e+00
0.000000000000000000e+00
0.000000000000000000e+00
0.000000000000000000e+00
0.000000000000000000e+00
0.000000000000000000e+00
0.000000000000000000e+00
0.000000000000000000e+00
0.000000000000000000e+00
0.000000000000000000e+00
0.000000000000000000e+00
0.000000000000000000e+00
0.000000000000000000e+00
0.000000000000000000e+00
0.000000000000000000e+00
0.000000000000000000e+00
0.000000000000000000e+00
