0.000000000000000000e+00
0.000000000000000000e+00
0.000000000000000000e+00
0.000000000000000000e+00
0.000000000000000000e+00
0.000000000000000000e+00
0.000000000000000000e+00
0.000000000000000000e+00
0.000000000000000000e+00
0.000000000000000000e+00
0.000000000000000000e+00
0.000000000000000000e+00
0.000000000000000000e+00
0.000000000000000000e+00
0.000000000000000000e+00
0.000000000000000000e+00
0.000000000000000000e+00
0.000000000000000000e+00
0.000000000000000000e+00
0.000000000000000000e+00
0.000000000000000000e+00
0.000000000000000000e+00
1.092000045776367188e+02
2.800000000000000000e+02
0.000000000000000000e+00
0.000000000000000000e+00
0.000000000000000000e+00
0.000000000000000000e+00
1.002000045776367188e+02
2.800000000000000000e+02
0.000000000000000000e+00
0.000000000000000000e+00
0.000000000000000000e+00
0.000000000000000000e+00
9.450000000000000000e+01
2.730000000000000000e+02
0.000000000000000000e+00
0.000000000000000000e+00
0.000000000000000000e+00
0.000000000000000000e+00
9.450000000000000000e+01
2.722999877929687500e+02
0.000000000000000000e+00
0.000000000000000000e+00
0.000000000000000000e+00
0.000000000000000000e+00
9.450000000000000000e+01
2.730000000000000000e+02
0.000000000000000000e+00
0.000000000000000000e+00
0.000000000000000000e+00
0.000000000000000000e+00
9.450000000000000000e+01
2.687999877929687500e+02
0.000000000000000000e+00
0.000000000000000000e+00
0.000000000000000000e+00
0.000000000000000000e+00
9.450000000000000000e+01
2.765000000000000000e+02
0.000000000000000000e+00
0.000000000000000000e+00
0.000000000000000000e+00
0.000000000000000000e+00
9.450000000000000000e+01
2.652999877929687500e+02
0.000000000000000000e+00
0.000000000000000000e+00
0.000000000000000000e+00
0.000000000000000000e+00
9.450000000000000000e+01
2.708999938964843750e+02
0.000000000000000000e+00
0.000000000000000000e+00
0.000000000000000000e+00
0.000000000000000000e+00
9.450000000000000000e+01
2.638999938964843750e+02
0.000000000000000000e+00
0.000000000000000000e+00
0.000000000000000000e+00
0.000000000000000000e+00
0.000000000000000000e+00
9.450000000000000000e+01
2.505999908447265625e+02
0.000000000000000000e+00
0.000000000000000000e+00
0.000000000000000000e+00
0.000000000000000000e+00
0.000000000000000000e+00
0.000000000000000000e+00
0.000000000000000000e+00
0.000000000000000000e+00
0.000000000000000000e+00
0.000000000000000000e+00
0.000000000000000000e+00
0.000000000000000000e+00
0.000000000000000000e+00
0.000000000000000000e+00
0.000000000000000000e+00
0.000000000000000000e+00
0.000000000000000000e+00
0.000000000000000000e+00
9.450000000000000000e+01
2.443000030517578125e+02
0.000000000000000000e+00
0.000000000000000000e+00
0.000000000000000000e+00
0.000000000000000000e+00
0.000000000000000000e+00
0.000000000000000000e+00
0.000000000000000000e+00
0.000000000000000000e+00
0.000000000000000000e+00
0.000000000000000000e+00
0.000000000000000000e+00
0.000000000000000000e+00
0.000000000000000000e+00
0.000000000000000000e+00
0.000000000000000000e+00
0.000000000000000000e+00
0.000000000000000000e+00
9.450000000000000000e+01
2.456999969482421875e+02
0.000000000000000000e+00
0.000000000000000000e+00
0.000000000000000000e+00
0.000000000000000000e+00
9.450000000000000000e+01
2.373000030517578125e+02
0.000000000000000000e+00
0.000000000000000000e+00
0.000000000000000000e+00
0.000000000000000000e+00
0.000000000000000000e+00
9.450000000000000000e+01
2.338000030517578125e+02
0.000000000000000000e+00
0.000000000000000000e+00
0.000000000000000000e+00
0.000000000000000000e+00
9.450000000000000000e+01
2.316999969482421875e+02
0.000000000000000000e+00
0.000000000000000000e+00
0.000000000000000000e+00
0.000000000000000000e+00
9.450000000000000000e+01
2.128000030517578125e+02
0.000000000000000000e+00
0.000000000000000000e+00
0.000000000000000000e+00
0.000000000000000000e+00
9.450000000000000000e+01
2.330999908447265625e+02
0.000000000000000000e+00
0.000000000000000000e+00
0.000000000000000000e+00
0.000000000000000000e+00
9.450000000000000000e+01
2.120999908447265625e+02
0.000000000000000000e+00
0.000000000000000000e+00
0.000000000000000000e+00
0.000000000000000000e+00
9.450000000000000000e+01
2.205000000000000000e+02
0.000000000000000000e+00
0.000000000000000000e+00
0.000000000000000000e+00
0.000000000000000000e+00
9.450000000000000000e+01
1.868999938964843750e+02
0.000000000000000000e+00
0.000000000000000000e+00
0.000000000000000000e+00
0.000000000000000000e+00
9.450000000000000000e+01
2.015999908447265625e+02
0.000000000000000000e+00
0.000000000000000000e+00
0.000000000000000000e+00
0.000000000000000000e+00
0.000000000000000000e+00
0.000000000000000000e+00
0.000000000000000000e+00
0.000000000000000000e+00
0.000000000000000000e+00
0.000000000000000000e+00
0.000000000000000000e+00
0.000000000000000000e+00
0.000000000000000000e+00
0.000000000000000000e+00
0.000000000000000000e+00
0.000000000000000000e+00
0.000000000000000000e+00
0.000000000000000000e+00
0.000000000000000000e+00
0.000000000000000000e+00
0.000000000000000000e+00
0.000000000000000000e+00
0.000000000000000000e+00
0.000000000000000000e+00
0.000000000000000000e+00
0.000000000000000000e+00
0.000000000000000000e+00
0.000000000000000000e+00
0.000000000000000000e+00
0.000000000000000000e+00
0.000000000000000000e+00
9.450000000000000000e+01
1.365000000000000000e+02
0.000000000000000000e+00
0.000000000000000000e+00
0.000000000000000000e+00
0.000000000000000000e+00
9.450000000000000000e+01
1.826999969482421875e+02
0.000000000000000000e+00
0.000000000000000000e+00
0.000000000000000000e+00
0.000000000000000000e+00
9.450000000000000000e+01
8.679999542236328125e+01
0.000000000000000000e+00
0.000000000000000000e+00
0.000000000000000000e+00
0.000000000000000000e+00
9.450000000000000000e+01
1.805999908447265625e+02
0.000000000000000000e+00
0.000000000000000000e+00
0.000000000000000000e+00
0.000000000000000000e+00
9.450000000000000000e+01
9.240000152587890625e+01
0.000000000000000000e+00
0.000000000000000000e+00
0.000000000000000000e+00
0.000000000000000000e+00
9.450000000000000000e+01
1.763999938964843750e+02
0.000000000000000000e+00
0.000000000000000000e+00
0.000000000000000000e+00
0.000000000000000000e+00
9.450000000000000000e+01
8.750000000000000000e+01
0.000000000000000000e+00
0.000000000000000000e+00
1.620000076293945312e+01
6.089999771118164062e+01
6.900000000000000000e+01
1.896999969482421875e+02
0.000000000000000000e+00
0.000000000000000000e+00
1.620000076293945312e+01
4.970000076293945312e+01
6.150000381469726562e+01
1.833999938964843750e+02
0.000000000000000000e+00
0.000000000000000000e+00
1.620000076293945312e+01
4.759999847412109375e+01
5.880000305175781250e+01
1.785000000000000000e+02
0.000000000000000000e+00
0.000000000000000000e+00
1.620000076293945312e+01
5.250000000000000000e+01
5.550000381469726562e+01
1.645000000000000000e+02
0.000000000000000000e+00
0.000000000000000000e+00
1.620000076293945312e+01
4.550000000000000000e+01
5.370000076293945312e+01
1.826999969482421875e+02
0.000000000000000000e+00
0.000000000000000000e+00
1.620000076293945312e+01
4.689999771118164062e+01
5.220000076293945312e+01
1.603000030517578125e+02
0.000000000000000000e+00
0.000000000000000000e+00
9.000000000000000000e+00
2.689999961853027344e+01
5.230000305175781250e+01
1.708000030517578125e+02
0.000000000000000000e+00
0.000000000000000000e+00
9.000000000000000000e+00
2.969999885559082031e+01
4.990000152587890625e+01
1.533000030517578125e+02
0.000000000000000000e+00
0.000000000000000000e+00
9.000000000000000000e+00
2.660000038146972656e+01
4.740000152587890625e+01
1.568000030517578125e+02
0.000000000000000000e+00
0.000000000000000000e+00
0.000000000000000000e+00
0.000000000000000000e+00
0.000000000000000000e+00
5.550000381469726562e+01
1.735999908447265625e+02
0.000000000000000000e+00
0.000000000000000000e+00
0.000000000000000000e+00
0.000000000000000000e+00
5.550000381469726562e+01
1.785000000000000000e+02
0.000000000000000000e+00
0.000000000000000000e+00
0.000000000000000000e+00
0.000000000000000000e+00
4.710000228881835938e+01
1.505000000000000000e+02
0.000000000000000000e+00
0.000000000000000000e+00
0.000000000000000000e+00
0.000000000000000000e+00
4.620000076293945312e+01
1.470000000000000000e+02
0.000000000000000000e+00
0.000000000000000000e+00
0.000000000000000000e+00
0.000000000000000000e+00
4.650000000000000000e+01
1.393000030517578125e+02
0.000000000000000000e+00
0.000000000000000000e+00
0.000000000000000000e+00
0.000000000000000000e+00
0.000000000000000000e+00
4.650000000000000000e+01
1.400000000000000000e+02
0.000000000000000000e+00
0.000000000000000000e+00
0.000000000000000000e+00
0.000000000000000000e+00
4.650000000000000000e+01
1.245999984741210938e+02
0.000000000000000000e+00
0.000000000000000000e+00
0.000000000000000000e+00
0.000000000000000000e+00
4.680000305175781250e+01
1.420999908447265625e+02
0.000000000000000000e+00
0.000000000000000000e+00
0.000000000000000000e+00
0.000000000000000000e+00
4.680000305175781250e+01
1.280999908447265625e+02
0.000000000000000000e+00
0.000000000000000000e+00
0.000000000000000000e+00
0.000000000000000000e+00
4.680000305175781250e+01
1.295000000000000000e+02
0.000000000000000000e+00
0.000000000000000000e+00
0.000000000000000000e+00
0.000000000000000000e+00
4.710000228881835938e+01
1.196999969482421875e+02
0.000000000000000000e+00
0.000000000000000000e+00
0.000000000000000000e+00
0.000000000000000000e+00
4.710000228881835938e+01
1.323000030517578125e+02
0.000000000000000000e+00
0.000000000000000000e+00
0.000000000000000000e+00
0.000000000000000000e+00
4.710000228881835938e+01
1.196999969482421875e+02
0.000000000000000000e+00
0.000000000000000000e+00
0.000000000000000000e+00
0.000000000000000000e+00
4.710000228881835938e+01
1.217999954223632812e+02
0.000000000000000000e+00
0.000000000000000000e+00
0.000000000000000000e+00
0.000000000000000000e+00
4.710000228881835938e+01
1.196999969482421875e+02
0.000000000000000000e+00
0.000000000000000000e+00
0.000000000000000000e+00
0.000000000000000000e+00
4.710000228881835938e+01
1.217999954223632812e+02
0.000000000000000000e+00
0.000000000000000000e+00
0.000000000000000000e+00
0.000000000000000000e+00
4.710000228881835938e+01
1.161999969482421875e+02
0.000000000000000000e+00
0.000000000000000000e+00
0.000000000000000000e+00
0.000000000000000000e+00
4.680000305175781250e+01
1.239000015258789062e+02
0.000000000000000000e+00
0.000000000000000000e+00
0.000000000000000000e+00
0.000000000000000000e+00
4.710000228881835938e+01
1.120000000000000000e+02
0.000000000000000000e+00
0.000000000000000000e+00
0.000000000000000000e+00
0.000000000000000000e+00
4.710000228881835938e+01
1.252999954223632812e+02
0.000000000000000000e+00
0.000000000000000000e+00
0.000000000000000000e+00
0.000000000000000000e+00
4.710000228881835938e+01
1.155000000000000000e+02
0.000000000000000000e+00
0.000000000000000000e+00
0.000000000000000000e+00
0.000000000000000000e+00
4.710000228881835938e+01
1.217999954223632812e+02
0.000000000000000000e+00
0.000000000000000000e+00
0.000000000000000000e+00
0.000000000000000000e+00
4.710000228881835938e+01
1.155000000000000000e+02
0.000000000000000000e+00
0.000000000000000000e+00
0.000000000000000000e+00
0.000000000000000000e+00
4.710000228881835938e+01
1.190000000000000000e+02
0.000000000000000000e+00
0.000000000000000000e+00
0.000000000000000000e+00
0.000000000000000000e+00
4.710000228881835938e+01
1.126999969482421875e+02
0.000000000000000000e+00
0.000000000000000000e+00
0.000000000000000000e+00
0.000000000000000000e+00
4.710000228881835938e+01
1.169000015258789062e+02
0.000000000000000000e+00
0.000000000000000000e+00
0.000000000000000000e+00
0.000000000000000000e+00
4.680000305175781250e+01
1.042999954223632812e+02
0.000000000000000000e+00
0.000000000000000000e+00
0.000000000000000000e+00
0.000000000000000000e+00
0.000000000000000000e+00
4.620000076293945312e+01
1.099000015258789062e+02
0.000000000000000000e+00
0.000000000000000000e+00
0.000000000000000000e+00
0.000000000000000000e+00
0.000000000000000000e+00
0.000000000000000000e+00
0.000000000000000000e+00
0.000000000000000000e+00
0.000000000000000000e+00
0.000000000000000000e+00
0.000000000000000000e+00
4.620000076293945312e+01
9.450000000000000000e+01
0.000000000000000000e+00
0.000000000000000000e+00
0.000000000000000000e+00
0.000000000000000000e+00
0.000000000000000000e+00
0.000000000000000000e+00
0.000000000000000000e+00
0.000000000000000000e+00
0.000000000000000000e+00
0.000000000000000000e+00
0.000000000000000000e+00
0.000000000000000000e+00
0.000000000000000000e+00
0.000000000000000000e+00
0.000000000000000000e+00
0.000000000000000000e+00
0.000000000000000000e+00
0.000000000000000000e+00
1.122000045776367188e+02
2.687999877929687500e+02
0.000000000000000000e+00
0.000000000000000000e+00
0.000000000000000000e+00
0.000000000000000000e+00
1.122000045776367188e+02
2.708999938964843750e+02
0.000000000000000000e+00
0.000000000000000000e+00
0.000000000000000000e+00
0.000000000000000000e+00
1.122000045776367188e+02
2.681000061035156250e+02
0.000000000000000000e+00
0.000000000000000000e+00
0.000000000000000000e+00
0.000000000000000000e+00
1.035000076293945312e+02
2.415000000000000000e+02
0.000000000000000000e+00
0.000000000000000000e+00
0.000000000000000000e+00
0.000000000000000000e+00
0.000000000000000000e+00
1.035000076293945312e+02
2.617999877929687500e+02
0.000000000000000000e+00
0.000000000000000000e+00
0.000000000000000000e+00
0.000000000000000000e+00
1.035000076293945312e+02
2.281999969482421875e+02
0.000000000000000000e+00
0.000000000000000000e+00
0.000000000000000000e+00
0.000000000000000000e+00
1.035000076293945312e+02
2.568999938964843750e+02
0.000000000000000000e+00
0.000000000000000000e+00
0.000000000000000000e+00
0.000000000000000000e+00
1.035000076293945312e+02
2.198000030517578125e+02
0.000000000000000000e+00
0.000000000000000000e+00
0.000000000000000000e+00
0.000000000000000000e+00
1.035000076293945312e+02
2.491999969482421875e+02
0.000000000000000000e+00
0.000000000000000000e+00
0.000000000000000000e+00
0.000000000000000000e+00
1.035000076293945312e+02
2.163000030517578125e+02
0.000000000000000000e+00
0.000000000000000000e+00
0.000000000000000000e+00
0.000000000000000000e+00
1.035000076293945312e+02
2.456999969482421875e+02
0.000000000000000000e+00
0.000000000000000000e+00
0.000000000000000000e+00
0.000000000000000000e+00
9.450000000000000000e+01
1.785000000000000000e+02
0.000000000000000000e+00
0.000000000000000000e+00
0.000000000000000000e+00
0.000000000000000000e+00
0.000000000000000000e+00
0.000000000000000000e+00
0.000000000000000000e+00
0.000000000000000000e+00
0.000000000000000000e+00
0.000000000000000000e+00
0.000000000000000000e+00
0.000000000000000000e+00
0.000000000000000000e+00
0.000000000000000000e+00
0.000000000000000000e+00
0.000000000000000000e+00
0.000000000000000000e+00
0.000000000000000000e+00
0.000000000000000000e+00
0.000000000000000000e+00
0.000000000000000000e+00
0.000000000000000000e+00
0.000000000000000000e+00
0.000000000000000000e+00
0.000000000000000000e+00
0.000000000000000000e+00
0.000000000000000000e+00
0.000000000000000000e+00
0.000000000000000000e+00
9.450000000000000000e+01
2.338000030517578125e+02
0.000000000000000000e+00
0.000000000000000000e+00
0.000000000000000000e+00
0.000000000000000000e+00
9.450000000000000000e+01
1.728999938964843750e+02
0.000000000000000000e+00
0.000000000000000000e+00
0.000000000000000000e+00
0.000000000000000000e+00
9.450000000000000000e+01
2.253999938964843750e+02
0.000000000000000000e+00
0.000000000000000000e+00
0.000000000000000000e+00
0.000000000000000000e+00
9.450000000000000000e+01
1.623999938964843750e+02
0.000000000000000000e+00
0.000000000000000000e+00
0.000000000000000000e+00
0.000000000000000000e+00
9.450000000000000000e+01
2.198000030517578125e+02
0.000000000000000000e+00
0.000000000000000000e+00
0.000000000000000000e+00
0.000000000000000000e+00
9.450000000000000000e+01
1.490999908447265625e+02
0.000000000000000000e+00
0.000000000000000000e+00
0.000000000000000000e+00
0.000000000000000000e+00
9.450000000000000000e+01
2.078999938964843750e+02
0.000000000000000000e+00
0.000000000000000000e+00
0.000000000000000000e+00
0.000000000000000000e+00
9.450000000000000000e+01
1.385999908447265625e+02
0.000000000000000000e+00
0.000000000000000000e+00
0.000000000000000000e+00
0.000000000000000000e+00
0.000000000000000000e+00
9.450000000000000000e+01
2.050999908447265625e+02
0.000000000000000000e+00
0.000000000000000000e+00
0.000000000000000000e+00
0.000000000000000000e+00
9.450000000000000000e+01
1.315999908447265625e+02
0.000000000000000000e+00
0.000000000000000000e+00
0.000000000000000000e+00
0.000000000000000000e+00
0.000000000000000000e+00
0.000000000000000000e+00
0.000000000000000000e+00
0.000000000000000000e+00
0.000000000000000000e+00
0.000000000000000000e+00
0.000000000000000000e+00
0.000000000000000000e+00
0.000000000000000000e+00
0.000000000000000000e+00
0.000000000000000000e+00
0.000000000000000000e+00
0.000000000000000000e+00
0.000000000000000000e+00
0.000000000000000000e+00
0.000000000000000000e+00
0.000000000000000000e+00
0.000000000000000000e+00
0.000000000000000000e+00
0.000000000000000000e+00
0.000000000000000000e+00
0.000000000000000000e+00
0.000000000000000000e+00
0.000000000000000000e+00
0.000000000000000000e+00
0.000000000000000000e+00
0.000000000000000000e+00
0.000000000000000000e+00
0.000000000000000000e+00
0.000000000000000000e+00
0.000000000000000000e+00
0.000000000000000000e+00
0.000000000000000000e+00
9.450000000000000000e+01
1.833999938964843750e+02
0.000000000000000000e+00
0.000000000000000000e+00
0.000000000000000000e+00
0.000000000000000000e+00
9.450000000000000000e+01
1.371999969482421875e+02
0.000000000000000000e+00
0.000000000000000000e+00
0.000000000000000000e+00
0.000000000000000000e+00
9.450000000000000000e+01
1.778000030517578125e+02
0.000000000000000000e+00
0.000000000000000000e+00
0.000000000000000000e+00
0.000000000000000000e+00
9.450000000000000000e+01
1.358000030517578125e+02
0.000000000000000000e+00
0.000000000000000000e+00
0.000000000000000000e+00
0.000000000000000000e+00
9.450000000000000000e+01
1.820000000000000000e+02
0.000000000000000000e+00
0.000000000000000000e+00
0.000000000000000000e+00
0.000000000000000000e+00
9.450000000000000000e+01
1.274000015258789062e+02
0.000000000000000000e+00
0.000000000000000000e+00
0.000000000000000000e+00
0.000000000000000000e+00
9.450000000000000000e+01
1.833999938964843750e+02
0.000000000000000000e+00
0.000000000000000000e+00
0.000000000000000000e+00
0.000000000000000000e+00
9.450000000000000000e+01
1.295000000000000000e+02
0.000000000000000000e+00
0.000000000000000000e+00
0.000000000000000000e+00
0.000000000000000000e+00
9.450000000000000000e+01
1.785000000000000000e+02
0.000000000000000000e+00
0.000000000000000000e+00
0.000000000000000000e+00
0.000000000000000000e+00
1.107000045776367188e+02
1.700999908447265625e+02
0.000000000000000000e+00
0.000000000000000000e+00
0.000000000000000000e+00
0.000000000000000000e+00
1.035000076293945312e+02
1.813000030517578125e+02
0.000000000000000000e+00
0.000000000000000000e+00
0.000000000000000000e+00
0.000000000000000000e+00
0.000000000000000000e+00
0.000000000000000000e+00
0.000000000000000000e+00
0.000000000000000000e+00
0.000000000000000000e+00
0.000000000000000000e+00
0.000000000000000000e+00
0.000000000000000000e+00
0.000000000000000000e+00
0.000000000000000000e+00
0.000000000000000000e+00
0.000000000000000000e+00
0.000000000000000000e+00
0.000000000000000000e+00
0.000000000000000000e+00
0.000000000000000000e+00
0.000000000000000000e+00
0.000000000000000000e+00
0.000000000000000000e+00
0.000000000000000000e+00
0.000000000000000000e+00
0.000000000000000000e+00
0.000000000000000000e+00
0.000000000000000000e+00
0.000000000000000000e+00
0.000000000000000000e+00
0.000000000000000000e+00
0.000000000000000000e+00
0.000000000000000000e+00
0.000000000000000000e+00
9.450000000000000000e+01
1.099000015258789062e+02
0.000000000000000000e+00
0.000000000000000000e+00
0.000000000000000000e+00
0.000000000000000000e+00
9.450000000000000000e+01
1.763999938964843750e+02
0.000000000000000000e+00
0.000000000000000000e+00
0.000000000000000000e+00
0.000000000000000000e+00
9.450000000000000000e+01
1.161999969482421875e+02
0.000000000000000000e+00
0.000000000000000000e+00
0.000000000000000000e+00
0.000000000000000000e+00
9.450000000000000000e+01
1.645000000000000000e+02
0.000000000000000000e+00
0.000000000000000000e+00
0.000000000000000000e+00
0.000000000000000000e+00
9.450000000000000000e+01
1.120000000000000000e+02
0.000000000000000000e+00
0.000000000000000000e+00
0.000000000000000000e+00
0.000000000000000000e+00
9.450000000000000000e+01
1.658999938964843750e+02
0.000000000000000000e+00
0.000000000000000000e+00
0.000000000000000000e+00
0.000000000000000000e+00
9.450000000000000000e+01
1.021999969482421875e+02
0.000000000000000000e+00
0.000000000000000000e+00
0.000000000000000000e+00
0.000000000000000000e+00
9.450000000000000000e+01
1.581999969482421875e+02
0.000000000000000000e+00
0.000000000000000000e+00
0.000000000000000000e+00
0.000000000000000000e+00
9.450000000000000000e+01
1.112999954223632812e+02
0.000000000000000000e+00
0.000000000000000000e+00
0.000000000000000000e+00
0.000000000000000000e+00
9.450000000000000000e+01
1.483999938964843750e+02
0.000000000000000000e+00
0.000000000000000000e+00
0.000000000000000000e+00
0.000000000000000000e+00
0.000000000000000000e+00
9.450000000000000000e+01
1.126999969482421875e+02
0.000000000000000000e+00
0.000000000000000000e+00
0.000000000000000000e+00
0.000000000000000000e+00
0.000000000000000000e+00
0.000000000000000000e+00
0.000000000000000000e+00
0.000000000000000000e+00
0.000000000000000000e+00
0.000000000000000000e+00
0.000000000000000000e+00
0.000000000000000000e+00
0.000000000000000000e+00
0.000000000000000000e+00
0.000000000000000000e+00
0.000000000000000000e+00
0.000000000000000000e+00
0.000000000000000000e+00
0.000000000000000000e+00
0.000000000000000000e+00
0.000000000000000000e+00
0.000000000000000000e+00
0.000000000000000000e+00
0.000000000000000000e+00
0.000000000000000000e+00
0.000000000000000000e+00
0.000000000000000000e+00
0.000000000000000000e+00
0.000000000000000000e+00
0.000000000000000000e+00
0.000000000000000000e+00
0.000000000000000000e+00
0.000000000000000000e+00
0.000000000000000000e+00
9.450000000000000000e+01
1.455999908447265625e+02
0.000000000000000000e+00
0.000000000000000000e+00
0.000000000000000000e+00
0.000000000000000000e+00
9.450000000000000000e+01
1.105999984741210938e+02
0.000000000000000000e+00
0.000000000000000000e+00
0.000000000000000000e+00
0.000000000000000000e+00
9.450000000000000000e+01
1.490999908447265625e+02
0.000000000000000000e+00
0.000000000000000000e+00
0.000000000000000000e+00
0.000000000000000000e+00
9.450000000000000000e+01
1.155000000000000000e+02
0.000000000000000000e+00
0.000000000000000000e+00
0.000000000000000000e+00
0.000000000000000000e+00
9.450000000000000000e+01
1.420999908447265625e+02
0.000000000000000000e+00
0.000000000000000000e+00
0.000000000000000000e+00
0.000000000000000000e+00
9.450000000000000000e+01
1.169000015258789062e+02
0.000000000000000000e+00
0.000000000000000000e+00
0.000000000000000000e+00
0.000000000000000000e+00
9.450000000000000000e+01
1.483999938964843750e+02
0.000000000000000000e+00
0.000000000000000000e+00
0.000000000000000000e+00
0.000000000000000000e+00
9.450000000000000000e+01
1.099000015258789062e+02
0.000000000000000000e+00
0.000000000000000000e+00
0.000000000000000000e+00
0.000000000000000000e+00
9.450000000000000000e+01
1.490999908447265625e+02
0.000000000000000000e+00
0.000000000000000000e+00
0.000000000000000000e+00
0.000000000000000000e+00
9.450000000000000000e+01
1.120000000000000000e+02
0.000000000000000000e+00
0.000000000000000000e+00
0.000000000000000000e+00
0.000000000000000000e+00
9.450000000000000000e+01
1.448999938964843750e+02
0.000000000000000000e+00
0.000000000000000000e+00
0.000000000000000000e+00
0.000000000000000000e+00
9.450000000000000000e+01
1.120000000000000000e+02
0.000000000000000000e+00
0.000000000000000000e+00
0.000000000000000000e+00
0.000000000000000000e+00
9.450000000000000000e+01
1.490999908447265625e+02
0.000000000000000000e+00
0.000000000000000000e+00
0.000000000000000000e+00
0.000000000000000000e+00
9.450000000000000000e+01
1.056999969482421875e+02
0.000000000000000000e+00
0.000000000000000000e+00
0.000000000000000000e+00
0.000000000000000000e+00
9.450000000000000000e+01
1.533000030517578125e+02
0.000000000000000000e+00
0.000000000000000000e+00
0.000000000000000000e+00
0.000000000000000000e+00
9.450000000000000000e+01
1.085000000000000000e+02
0.000000000000000000e+00
0.000000000000000000e+00
0.000000000000000000e+00
0.000000000000000000e+00
9.450000000000000000e+01
1.441999969482421875e+02
0.000000000000000000e+00
0.000000000000000000e+00
0.000000000000000000e+00
0.000000000000000000e+00
9.450000000000000000e+01
1.147999954223632812e+02
0.000000000000000000e+00
0.000000000000000000e+00
0.000000000000000000e+00
0.000000000000000000e+00
9.450000000000000000e+01
1.441999969482421875e+02
0.000000000000000000e+00
1.620000076293945312e+01
2.660000038146972656e+01
0.000000000000000000e+00
9.450000000000000000e+01
1.042999954223632812e+02
0.000000000000000000e+00
1.620000076293945312e+01
7.699999809265136719e+00
0.000000000000000000e+00
9.450000000000000000e+01
1.533000030517578125e+02
0.000000000000000000e+00
1.620000076293945312e+01
1.819999885559082031e+01
0.000000000000000000e+00
9.450000000000000000e+01
1.000999984741210938e+02
0.000000000000000000e+00
1.620000076293945312e+01
1.679999923706054688e+01
0.000000000000000000e+00
9.450000000000000000e+01
1.441999969482421875e+02
0.000000000000000000e+00
1.620000076293945312e+01
1.819999885559082031e+01
0.000000000000000000e+00
9.450000000000000000e+01
1.091999969482421875e+02
0.000000000000000000e+00
1.620000076293945312e+01
1.050000000000000000e+01
0.000000000000000000e+00
9.450000000000000000e+01
1.428000030517578125e+02
0.000000000000000000e+00
1.620000076293945312e+01
2.239999961853027344e+01
0.000000000000000000e+00
9.450000000000000000e+01
1.021999969482421875e+02
0.000000000000000000e+00
1.620000076293945312e+01
1.259999942779541016e+01
0.000000000000000000e+00
9.450000000000000000e+01
1.476999969482421875e+02
0.000000000000000000e+00
9.000000000000000000e+00
1.010000038146972656e+01
1.500000000000000000e+00
8.330000305175781250e+01
9.450000000000000000e+01
0.000000000000000000e+00
9.000000000000000000e+00
5.900000095367431641e+00
1.500000000000000000e+00
7.269999694824218750e+01
1.064000015258789062e+02
0.000000000000000000e+00
9.000000000000000000e+00
1.430000019073486328e+01
0.000000000000000000e+00
7.200000000000000000e+01
8.050000000000000000e+01
0.000000000000000000e+00
0.000000000000000000e+00
7.200000286102294922e+00
7.000000000000000000e+00
6.480000305175781250e+01
1.112999954223632812e+02
0.000000000000000000e+00
0.000000000000000000e+00
0.000000000000000000e+00
3.000000119209289551e-01
7.050000000000000000e+01
7.490000152587890625e+01
0.000000000000000000e+00
0.000000000000000000e+00
0.000000000000000000e+00
3.000000119209289551e-01
6.459999847412109375e+01
9.800000000000000000e+01
0.000000000000000000e+00
0.000000000000000000e+00
0.000000000000000000e+00
3.000000119209289551e-01
6.459999847412109375e+01
7.629999542236328125e+01
0.000000000000000000e+00
0.000000000000000000e+00
0.000000000000000000e+00
3.000000119209289551e-01
6.390000152587890625e+01
9.450000000000000000e+01
0.000000000000000000e+00
0.000000000000000000e+00
0.000000000000000000e+00
3.000000119209289551e-01
0.000000000000000000e+00
6.390000152587890625e+01
7.559999847412109375e+01
0.000000000000000000e+00
0.000000000000000000e+00
3.000000119209289551e-01
0.000000000000000000e+00
6.390000152587890625e+01
9.800000000000000000e+01
0.000000000000000000e+00
0.000000000000000000e+00
3.000000119209289551e-01
6.999999880790710449e-01
6.390000152587890625e+01
6.929999542236328125e+01
0.000000000000000000e+00
0.000000000000000000e+00
3.000000119209289551e-01
0.000000000000000000e+00
6.390000152587890625e+01
1.056999969482421875e+02
0.000000000000000000e+00
0.000000000000000000e+00
3.000000119209289551e-01
0.000000000000000000e+00
6.390000152587890625e+01
7.909999847412109375e+01
0.000000000000000000e+00
0.000000000000000000e+00
3.000000119209289551e-01
6.999999880790710449e-01
6.390000152587890625e+01
8.469999694824218750e+01
0.000000000000000000e+00
0.000000000000000000e+00
0.000000000000000000e+00
3.000000119209289551e-01
6.459999847412109375e+01
7.769999694824218750e+01
0.000000000000000000e+00
0.000000000000000000e+00
0.000000000000000000e+00
0.000000000000000000e+00
0.000000000000000000e+00
6.420000457763671875e+01
1.029000015258789062e+02
0.000000000000000000e+00
0.000000000000000000e+00
0.000000000000000000e+00
0.000000000000000000e+00
0.000000000000000000e+00
0.000000000000000000e+00
0.000000000000000000e+00
0.000000000000000000e+00
0.000000000000000000e+00
0.000000000000000000e+00
0.000000000000000000e+00
0.000000000000000000e+00
0.000000000000000000e+00
0.000000000000000000e+00
0.000000000000000000e+00
0.000000000000000000e+00
0.000000000000000000e+00
0.000000000000000000e+00
0.000000000000000000e+00
0.000000000000000000e+00
0.000000000000000000e+00
0.000000000000000000e+00
0.000000000000000000e+00
0.000000000000000000e+00
0.000000000000000000e+00
0.000000000000000000e+00
0.000000000000000000e+00
0.000000000000000000e+00
0.000000000000000000e+00
0.000000000000000000e+00
0.000000000000000000e+00
0.000000000000000000e+00
0.000000000000000000e+00
0.000000000000000000e+00
0.000000000000000000e+00
6.390000152587890625e+01
4.829999923706054688e+01
0.000000000000000000e+00
0.000000000000000000e+00
0.000000000000000000e+00
0.000000000000000000e+00
6.390000152587890625e+01
1.007999954223632812e+02
0.000000000000000000e+00
0.000000000000000000e+00
0.000000000000000000e+00
0.000000000000000000e+00
6.390000152587890625e+01
7.979999542236328125e+01
0.000000000000000000e+00
0.000000000000000000e+00
0.000000000000000000e+00
0.000000000000000000e+00
6.390000152587890625e+01
8.890000152587890625e+01
0.000000000000000000e+00
0.000000000000000000e+00
0.000000000000000000e+00
0.000000000000000000e+00
6.390000152587890625e+01
6.929999542236328125e+01
0.000000000000000000e+00
0.000000000000000000e+00
0.000000000000000000e+00
0.000000000000000000e+00
6.390000152587890625e+01
1.070999984741210938e+02
0.000000000000000000e+00
0.000000000000000000e+00
0.000000000000000000e+00
0.000000000000000000e+00
6.390000152587890625e+01
6.089999771118164062e+01
0.000000000000000000e+00
0.000000000000000000e+00
0.000000000000000000e+00
0.000000000000000000e+00
6.390000152587890625e+01
1.029000015258789062e+02
0.000000000000000000e+00
0.000000000000000000e+00
0.000000000000000000e+00
0.000000000000000000e+00
6.390000152587890625e+01
7.279999542236328125e+01
0.000000000000000000e+00
0.000000000000000000e+00
0.000000000000000000e+00
0.000000000000000000e+00
6.390000152587890625e+01
8.959999847412109375e+01
0.000000000000000000e+00
0.000000000000000000e+00
0.000000000000000000e+00
0.000000000000000000e+00
0.000000000000000000e+00
0.000000000000000000e+00
0.000000000000000000e+00
0.000000000000000000e+00
0.000000000000000000e+00
0.000000000000000000e+00
0.000000000000000000e+00
0.000000000000000000e+00
0.000000000000000000e+00
0.000000000000000000e+00
0.000000000000000000e+00
0.000000000000000000e+00
0.000000000000000000e+00
0.000000000000000000e+00
0.000000000000000000e+00
0.000000000000000000e+00
0.000000000000000000e+00
0.000000000000000000e+00
0.000000000000000000e+00
0.000000000000000000e+00
0.000000000000000000e+00
0.000000000000000000e+00
0.000000000000000000e+00
0.000000000000000000e+00
0.000000000000000000e+00
0.000000000000000000e+00
0.000000000000000000e+00
0.000000000000000000e+00
0.000000000000000000e+00
0.000000000000000000e+00
0.000000000000000000e+00
0.000000000000000000e+00
0.000000000000000000e+00
0.000000000000000000e+00
0.000000000000000000e+00
0.000000000000000000e+00
0.000000000000000000e+00
0.000000000000000000e+00
0.000000000000000000e+00
1.092000045776367188e+02
1.385999908447265625e+02
0.000000000000000000e+00
0.000000000000000000e+00
0.000000000000000000e+00
0.000000000000000000e+00
0.000000000000000000e+00
1.002000045776367188e+02
1.308999938964843750e+02
0.000000000000000000e+00
0.000000000000000000e+00
0.000000000000000000e+00
0.000000000000000000e+00
0.000000000000000000e+00
1.002000045776367188e+02
1.161999969482421875e+02
0.000000000000000000e+00
0.000000000000000000e+00
0.000000000000000000e+00
0.000000000000000000e+00
9.450000000000000000e+01
1.336999969482421875e+02
0.000000000000000000e+00
0.000000000000000000e+00
0.000000000000000000e+00
0.000000000000000000e+00
9.450000000000000000e+01
1.112999954223632812e+02
0.000000000000000000e+00
0.000000000000000000e+00
0.000000000000000000e+00
0.000000000000000000e+00
9.450000000000000000e+01
1.260000000000000000e+02
0.000000000000000000e+00
0.000000000000000000e+00
0.000000000000000000e+00
0.000000000000000000e+00
9.450000000000000000e+01
1.204000015258789062e+02
0.000000000000000000e+00
0.000000000000000000e+00
0.000000000000000000e+00
0.000000000000000000e+00
9.450000000000000000e+01
1.239000015258789062e+02
0.000000000000000000e+00
0.000000000000000000e+00
0.000000000000000000e+00
0.000000000000000000e+00
0.000000000000000000e+00
0.000000000000000000e+00
9.450000000000000000e+01
1.120000000000000000e+02
0.000000000000000000e+00
0.000000000000000000e+00
0.000000000000000000e+00
0.000000000000000000e+00
0.000000000000000000e+00
0.000000000000000000e+00
0.000000000000000000e+00
0.000000000000000000e+00
0.000000000000000000e+00
0.000000000000000000e+00
0.000000000000000000e+00
0.000000000000000000e+00
0.000000000000000000e+00
0.000000000000000000e+00
0.000000000000000000e+00
0.000000000000000000e+00
0.000000000000000000e+00
0.000000000000000000e+00
0.000000000000000000e+00
0.000000000000000000e+00
0.000000000000000000e+00
0.000000000000000000e+00
0.000000000000000000e+00
0.000000000000000000e+00
0.000000000000000000e+00
0.000000000000000000e+00
0.000000000000000000e+00
0.000000000000000000e+00
0.000000000000000000e+00
0.000000000000000000e+00
0.000000000000000000e+00
0.000000000000000000e+00
0.000000000000000000e+00
0.000000000000000000e+00
0.000000000000000000e+00
0.000000000000000000e+00
0.000000000000000000e+00
0.000000000000000000e+00
0.000000000000000000e+00
9.450000000000000000e+01
1.050000000000000000e+02
0.000000000000000000e+00
0.000000000000000000e+00
0.000000000000000000e+00
0.000000000000000000e+00
9.450000000000000000e+01
1.330000000000000000e+02
0.000000000000000000e+00
0.000000000000000000e+00
0.000000000000000000e+00
0.000000000000000000e+00
9.450000000000000000e+01
1.085000000000000000e+02
0.000000000000000000e+00
0.000000000000000000e+00
0.000000000000000000e+00
0.000000000000000000e+00
9.450000000000000000e+01
1.308999938964843750e+02
0.000000000000000000e+00
0.000000000000000000e+00
0.000000000000000000e+00
0.000000000000000000e+00
9.450000000000000000e+01
1.120000000000000000e+02
0.000000000000000000e+00
0.000000000000000000e+00
0.000000000000000000e+00
0.000000000000000000e+00
9.450000000000000000e+01
1.323000030517578125e+02
0.000000000000000000e+00
0.000000000000000000e+00
0.000000000000000000e+00
0.000000000000000000e+00
9.450000000000000000e+01
1.070999984741210938e+02
0.000000000000000000e+00
0.000000000000000000e+00
0.000000000000000000e+00
0.000000000000000000e+00
9.450000000000000000e+01
1.350999908447265625e+02
0.000000000000000000e+00
0.000000000000000000e+00
0.000000000000000000e+00
0.000000000000000000e+00
9.450000000000000000e+01
1.042999954223632812e+02
0.000000000000000000e+00
0.000000000000000000e+00
0.000000000000000000e+00
0.000000000000000000e+00
0.000000000000000000e+00
9.450000000000000000e+01
1.288000030517578125e+02
0.000000000000000000e+00
0.000000000000000000e+00
0.000000000000000000e+00
0.000000000000000000e+00
0.000000000000000000e+00
0.000000000000000000e+00
0.000000000000000000e+00
0.000000000000000000e+00
0.000000000000000000e+00
0.000000000000000000e+00
0.000000000000000000e+00
0.000000000000000000e+00
0.000000000000000000e+00
0.000000000000000000e+00
0.000000000000000000e+00
0.000000000000000000e+00
0.000000000000000000e+00
0.000000000000000000e+00
0.000000000000000000e+00
0.000000000000000000e+00
0.000000000000000000e+00
0.000000000000000000e+00
0.000000000000000000e+00
0.000000000000000000e+00
0.000000000000000000e+00
0.000000000000000000e+00
0.000000000000000000e+00
0.000000000000000000e+00
0.000000000000000000e+00
0.000000000000000000e+00
0.000000000000000000e+00
0.000000000000000000e+00
0.000000000000000000e+00
0.000000000000000000e+00
0.000000000000000000e+00
0.000000000000000000e+00
0.000000000000000000e+00
0.000000000000000000e+00
0.000000000000000000e+00
0.000000000000000000e+00
0.000000000000000000e+00
0.000000000000000000e+00
0.000000000000000000e+00
0.000000000000000000e+00
0.000000000000000000e+00
9.450000000000000000e+01
6.229999923706054688e+01
0.000000000000000000e+00
0.000000000000000000e+00
0.000000000000000000e+00
0.000000000000000000e+00
9.450000000000000000e+01
1.658999938964843750e+02
0.000000000000000000e+00
0.000000000000000000e+00
0.000000000000000000e+00
0.000000000000000000e+00
9.450000000000000000e+01
8.259999847412109375e+01
0.000000000000000000e+00
0.000000000000000000e+00
0.000000000000000000e+00
0.000000000000000000e+00
9.450000000000000000e+01
1.553999938964843750e+02
0.000000000000000000e+00
0.000000000000000000e+00
0.000000000000000000e+00
0.000000000000000000e+00
9.450000000000000000e+01
7.490000152587890625e+01
1.440000057220458984e+01
3.010000038146972656e+01
3.000000119209289551e-01
2.000000000000000000e+00
9.310000610351562500e+01
1.518999938964843750e+02
8.700000762939453125e+00
3.500000000000000000e+00
3.000000119209289551e-01
1.500000000000000000e+00
8.070000457763671875e+01
5.600000000000000000e+01
4.800000190734863281e+00
6.599999904632568359e+00
1.299999952316284180e+00
1.900000095367431641e+00
7.460000610351562500e+01
1.056999969482421875e+02
4.200000286102294922e+00
6.999999880790710449e-01
9.000000357627868652e-01
9.000000357627868652e-01
7.490000152587890625e+01
8.119999694824218750e+01
4.200000286102294922e+00
4.199999809265136719e+00
3.000000119209289551e-01
6.999999880790710449e-01
2.940000152587890625e+01
2.100000000000000000e+01
3.000000000000000000e+00
2.799999952316284180e+00
3.000000119209289551e-01
0.000000000000000000e+00
0.000000000000000000e+00
0.000000000000000000e+00
0.000000000000000000e+00
0.000000000000000000e+00
0.000000000000000000e+00
0.000000000000000000e+00
0.000000000000000000e+00
0.000000000000000000e+00
0.000000000000000000e+00
0.000000000000000000e+00
0.000000000000000000e+00
0.000000000000000000e+00
0.000000000000000000e+00
0.000000000000000000e+00
0.000000000000000000e+00
0.000000000000000000e+00
0.000000000000000000e+00
0.000000000000000000e+00
0.000000000000000000e+00
0.000000000000000000e+00
0.000000000000000000e+00
0.000000000000000000e+00
0.000000000000000000e+00
0.000000000000000000e+00
0.000000000000000000e+00
0.000000000000000000e+00
3.030000114440917969e+01
2.029999923706054688e+01
0.000000000000000000e+00
0.000000000000000000e+00
0.000000000000000000e+00
0.000000000000000000e+00
2.850000190734863281e+01
3.850000000000000000e+01
0.000000000000000000e+00
0.000000000000000000e+00
0.000000000000000000e+00
0.000000000000000000e+00
2.850000190734863281e+01
3.570000076293945312e+01
0.000000000000000000e+00
0.000000000000000000e+00
0.000000000000000000e+00
3.000000119209289551e-01
2.880000114440917969e+01
3.079999923706054688e+01
0.000000000000000000e+00
0.000000000000000000e+00
6.000000238418579102e-01
9.000000357627868652e-01
3.030000114440917969e+01
2.869999885559082031e+01
0.000000000000000000e+00
0.000000000000000000e+00
6.000000238418579102e-01
2.299999952316284180e+00
3.230000305175781250e+01
2.869999885559082031e+01
0.000000000000000000e+00
0.000000000000000000e+00
6.000000238418579102e-01
9.000000357627868652e-01
3.350000381469726562e+01
3.639999771118164062e+01
0.000000000000000000e+00
0.000000000000000000e+00
6.000000238418579102e-01
2.200000047683715820e+00
3.410000228881835938e+01
3.639999771118164062e+01
0.000000000000000000e+00
0.000000000000000000e+00
6.000000238418579102e-01
2.800000190734863281e+00
3.220000076293945312e+01
3.220000076293945312e+01
0.000000000000000000e+00
0.000000000000000000e+00
6.000000238418579102e-01
3.400000095367431641e+00
3.470000076293945312e+01
3.150000000000000000e+01
0.000000000000000000e+00
0.000000000000000000e+00
6.000000238418579102e-01
3.400000095367431641e+00
3.170000076293945312e+01
3.220000076293945312e+01
0.000000000000000000e+00
0.000000000000000000e+00
6.000000238418579102e-01
4.400000095367431641e+00
2.690000152587890625e+01
2.660000038146972656e+01
0.000000000000000000e+00
0.000000000000000000e+00
0.000000000000000000e+00
3.600000143051147461e+00
2.030000114440917969e+01
1.889999961853027344e+01
0.000000000000000000e+00
0.000000000000000000e+00
3.000000119209289551e-01
1.399999976158142090e+00
6.900000095367431641e+00
9.000000000000000000e+00
6.000000000000000000e+00
5.599999904632568359e+00
3.000000119209289551e-01
0.000000000000000000e+00
0.000000000000000000e+00
0.000000000000000000e+00
0.000000000000000000e+00
1.560000038146972656e+01
1.539999961853027344e+01
0.000000000000000000e+00
3.000000119209289551e-01
0.000000000000000000e+00
0.000000000000000000e+00
1.620000076293945312e+01
1.469999980926513672e+01
0.000000000000000000e+00
6.000000238418579102e-01
1.200000047683715820e+00
4.099999904632568359e+00
1.800000000000000000e+01
1.750000000000000000e+01
3.000000119209289551e-01
9.000000357627868652e-01
3.700000047683715820e+00
6.699999809265136719e+00
1.770000076293945312e+01
1.750000000000000000e+01
6.000000238418579102e-01
4.099999904632568359e+00
3.400000095367431641e+00
1.130000019073486328e+01
7.699999809265136719e+00
1.200000000000000000e+01
1.400000000000000000e+01
3.900000095367431641e+00
4.799999713897705078e+00
1.300000000000000000e+01
8.399999618530273438e+00
1.200000000000000000e+01
1.189999961853027344e+01
3.900000095367431641e+00
4.500000000000000000e+00
1.290000057220458984e+01
1.610000038146972656e+01
1.140000057220458984e+01
1.050000000000000000e+01
4.500000000000000000e+00
5.200000286102294922e+00
1.450000000000000000e+01
1.819999885559082031e+01
1.080000019073486328e+01
1.469999980926513672e+01
4.500000000000000000e+00
3.799999952316284180e+00
1.470000076293945312e+01
9.800000190734863281e+00
1.080000019073486328e+01
1.189999961853027344e+01
4.800000190734863281e+00
6.599999904632568359e+00
1.470000076293945312e+01
1.400000000000000000e+01
1.080000019073486328e+01
1.259999942779541016e+01
4.800000190734863281e+00
6.599999904632568359e+00
1.540000057220458984e+01
1.610000038146972656e+01
1.110000038146972656e+01
1.189999961853027344e+01
5.100000381469726562e+00
4.500000000000000000e+00
1.540000057220458984e+01
1.469999980926513672e+01
1.110000038146972656e+01
1.189999961853027344e+01
5.100000381469726562e+00
5.599999904632568359e+00
1.470000076293945312e+01
1.469999980926513672e+01
1.140000057220458984e+01
9.099999427795410156e+00
5.100000381469726562e+00
4.900000095367431641e+00
1.470000076293945312e+01
1.750000000000000000e+01
1.110000038146972656e+01
1.539999961853027344e+01
5.400000095367431641e+00
6.299999713897705078e+00
1.470000076293945312e+01
1.050000000000000000e+01
1.110000038146972656e+01
8.399999618530273438e+00
4.800000190734863281e+00
9.099999427795410156e+00
7.200000286102294922e+00
7.000000000000000000e+00
1.770000076293945312e+01
1.960000038146972656e+01
4.800000190734863281e+00
4.199999809265136719e+00
7.500000476837158203e+00
6.299999713897705078e+00
1.590000057220458984e+01
2.310000038146972656e+01
4.800000190734863281e+00
3.500000000000000000e+00
3.900000095367431641e+00
7.000000000000000000e+00
7.660000610351562500e+01
8.119999694824218750e+01
4.500000000000000000e+00
4.199999809265136719e+00
3.900000095367431641e+00
9.899999618530273438e+00
5.610000228881835938e+01
6.159999847412109375e+01
4.200000286102294922e+00
4.900000095367431641e+00
4.200000286102294922e+00
2.299999952316284180e+00
5.190000152587890625e+01
5.459999847412109375e+01
2.700000047683715820e+00
2.699999809265136719e+00
6.500000476837158203e+00
5.500000000000000000e+00
4.980000305175781250e+01
5.809999847412109375e+01
2.400000095367431641e+00
2.799999952316284180e+00
6.000000000000000000e+00
9.000000000000000000e+00
4.830000305175781250e+01
5.109999847412109375e+01
2.400000095367431641e+00
0.000000000000000000e+00
6.000000000000000000e+00
8.000000000000000000e+00
4.750000381469726562e+01
5.459999847412109375e+01
2.400000095367431641e+00
2.099999904632568359e+00
6.000000000000000000e+00
3.099999904632568359e+00
4.680000305175781250e+01
5.250000000000000000e+01
2.400000095367431641e+00
4.900000095367431641e+00
6.000000000000000000e+00
7.300000190734863281e+00
4.620000076293945312e+01
4.900000000000000000e+01
2.400000095367431641e+00
6.999999880790710449e-01
6.000000000000000000e+00
7.300000190734863281e+00
4.470000076293945312e+01
4.689999771118164062e+01
2.100000143051147461e+00
1.700000047683715820e+00
5.400000095367431641e+00
8.599999427795410156e+00
4.230000305175781250e+01
4.550000000000000000e+01
1.800000071525573730e+00
2.699999809265136719e+00
6.099999904632568359e+00
6.299999713897705078e+00
2.250000000000000000e+01
2.729999923706054688e+01
1.200000047683715820e+00
6.999999880790710449e-01
3.000000000000000000e+00
3.500000000000000000e+00
1.050000000000000000e+01
9.800000190734863281e+00
3.000000119209289551e-01
6.999999880790710449e-01
1.200000047683715820e+00
0.000000000000000000e+00
0.000000000000000000e+00
0.000000000000000000e+00
0.000000000000000000e+00
0.000000000000000000e+00
0.000000000000000000e+00
0.000000000000000000e+00
0.000000000000000000e+00
0.000000000000000000e+00
0.000000000000000000e+00
0.000000000000000000e+00
0.000000000000000000e+00
0.000000000000000000e+00
0.000000000000000000e+00
0.000000000000000000e+00
0.000000000000000000e+00
0.000000000000000000e+00
0.000000000000000000e+00
0.000000000000000000e+00
0.000000000000000000e+00
0.000000000000000000e+00
0.000000000000000000e+00
0.000000000000000000e+00
0.000000000000000000e+00
0.000000000000000000e+00
0.000000000000000000e+00
0.000000000000000000e+00
0.000000000000000000e+00
0.000000000000000000e+00
0.000000000000000000e+00
0.000000000000000000e+00
1.500000095367431641e+01
4.199999809265136719e+00
3.000000119209289551e-01
2.200000047683715820e+00
3.000000000000000000e+00
9.000000357627868652e-01
1.960000228881835938e+01
1.889999961853027344e+01
0.000000000000000000e+00
1.800000071525573730e+00
6.699999809265136719e+00
5.699999809265136719e+00
1.930000114440917969e+01
2.310000038146972656e+01
6.000000238418579102e-01
2.400000095367431641e+00
5.600000381469726562e+00
6.100000381469726562e+00
2.100000190734863281e+01
1.889999961853027344e+01
6.000000238418579102e-01
2.099999904632568359e+00
7.500000476837158203e+00
5.599999904632568359e+00
2.160000038146972656e+01
2.169999885559082031e+01
6.000000238418579102e-01
6.999999880790710449e-01
7.800000190734863281e+00
4.900000095367431641e+00
2.190000152587890625e+01
2.379999923706054688e+01
6.000000238418579102e-01
0.000000000000000000e+00
8.100000381469726562e+00
8.399999618530273438e+00
2.250000000000000000e+01
2.100000000000000000e+01
6.000000238418579102e-01
0.000000000000000000e+00
8.100000381469726562e+00
8.399999618530273438e+00
2.310000038146972656e+01
2.239999961853027344e+01
6.000000238418579102e-01
1.399999976158142090e+00
4.800000190734863281e+00
8.899999618530273438e+00
7.400000095367431641e+00
4.199999809265136719e+00
6.000000238418579102e-01
1.200000047683715820e+00
1.060000038146972656e+01
9.800000190734863281e+00
6.900000095367431641e+00
6.299999713897705078e+00
3.000000119209289551e-01
6.999999880790710449e-01
4.800000190734863281e+00
4.900000095367431641e+00
3.300000190734863281e+00
3.500000000000000000e+00
0.000000000000000000e+00
0.000000000000000000e+00
0.000000000000000000e+00
0.000000000000000000e+00
0.000000000000000000e+00
0.000000000000000000e+00
0.000000000000000000e+00
0.000000000000000000e+00
0.000000000000000000e+00
0.000000000000000000e+00
0.000000000000000000e+00
0.000000000000000000e+00
0.000000000000000000e+00
0.000000000000000000e+00
0.000000000000000000e+00
0.000000000000000000e+00
0.000000000000000000e+00
0.000000000000000000e+00
0.000000000000000000e+00
0.000000000000000000e+00
0.000000000000000000e+00
0.000000000000000000e+00
0.000000000000000000e+00
0.000000000000000000e+00
0.000000000000000000e+00
0.000000000000000000e+00
0.000000000000000000e+00
0.000000000000000000e+00
0.000000000000000000e+00
0.000000000000000000e+00
0.000000000000000000e+00
0.000000000000000000e+00
0.000000000000000000e+00
0.000000000000000000e+00
0.000000000000000000e+00
1.440000057220458984e+01
2.099999904632568359e+00
6.000000238418579102e-01
1.800000071525573730e+00
0.000000000000000000e+00
0.000000000000000000e+00
1.770000076293945312e+01
1.819999885559082031e+01
6.000000238418579102e-01
3.100000143051147461e+00
9.000000357627868652e-01
2.700000047683715820e+00
6.999999880790710449e-01
1.530000019073486328e+01
1.750000000000000000e+01
3.300000190734863281e+00
2.699999809265136719e+00
5.199999809265136719e+00
3.500000000000000000e+00
1.740000152587890625e+01
1.330000019073486328e+01
2.400000095367431641e+00
6.400000095367431641e+00
6.200000286102294922e+00
9.800000190734863281e+00
1.740000152587890625e+01
1.610000038146972656e+01
3.000000000000000000e+00
2.900000095367431641e+00
9.300000190734863281e+00
4.199999809265136719e+00
1.830000114440917969e+01
2.029999923706054688e+01
2.700000047683715820e+00
3.599999904632568359e+00
6.800000190734863281e+00
3.500000000000000000e+00
1.920000076293945312e+01
1.539999961853027344e+01
2.700000047683715820e+00
2.900000095367431641e+00
6.400000095367431641e+00
6.299999713897705078e+00
1.890000152587890625e+01
2.100000000000000000e+01
2.700000047683715820e+00
4.199999809265136719e+00
7.200000286102294922e+00
9.800000190734863281e+00
9.600000381469726562e+00
7.300000190734863281e+00
9.040000152587890625e+01
9.029999542236328125e+01
5.400000095367431641e+00
8.000000000000000000e+00
3.900000095367431641e+00
9.899999618530273438e+00
3.299999952316284180e+00
2.099999904632568359e+00
2.700000047683715820e+00
1.610000038146972656e+01
1.259999942779541016e+01
1.500000000000000000e+00
2.799999952316284180e+00
0.000000000000000000e+00
0.000000000000000000e+00
0.000000000000000000e+00
0.000000000000000000e+00
0.000000000000000000e+00
0.000000000000000000e+00
0.000000000000000000e+00
0.000000000000000000e+00
0.000000000000000000e+00
0.000000000000000000e+00
0.000000000000000000e+00
0.000000000000000000e+00
0.000000000000000000e+00
0.000000000000000000e+00
0.000000000000000000e+00
0.000000000000000000e+00
0.000000000000000000e+00
0.000000000000000000e+00
0.000000000000000000e+00
0.000000000000000000e+00
0.000000000000000000e+00
0.000000000000000000e+00
0.000000000000000000e+00
0.000000000000000000e+00
0.000000000000000000e+00
0.000000000000000000e+00
0.000000000000000000e+00
0.000000000000000000e+00
0.000000000000000000e+00
0.000000000000000000e+00
0.000000000000000000e+00
1.800000000000000000e+01
5.599999904632568359e+00
0.000000000000000000e+00
0.000000000000000000e+00
0.000000000000000000e+00
0.000000000000000000e+00
1.800000000000000000e+01
1.819999885559082031e+01
0.000000000000000000e+00
0.000000000000000000e+00
0.000000000000000000e+00
0.000000000000000000e+00
1.830000114440917969e+01
2.029999923706054688e+01
0.000000000000000000e+00
3.000000119209289551e-01
9.000000357627868652e-01
3.000000119209289551e-01
2.100000000000000000e+01
2.310000038146972656e+01
3.000000119209289551e-01
6.000000238418579102e-01
2.400000095367431641e+00
2.200000047683715820e+00
2.430000114440917969e+01
1.960000038146972656e+01
3.000000119209289551e-01
1.299999952316284180e+00
2.700000047683715820e+00
4.900000095367431641e+00
2.340000152587890625e+01
2.519999885559082031e+01
3.000000119209289551e-01
6.000000238418579102e-01
4.400000095367431641e+00
4.900000095367431641e+00
2.630000114440917969e+01
2.100000000000000000e+01
3.000000119209289551e-01
2.000000000000000000e+00
3.000000000000000000e+00
4.500000000000000000e+00
2.480000114440917969e+01
2.939999961853027344e+01
3.000000119209289551e-01
6.000000238418579102e-01
3.700000047683715820e+00
7.699999809265136719e+00
1.850000000000000000e+01
1.539999961853027344e+01
6.000000238418579102e-01
1.900000095367431641e+00
6.999999880790710449e-01
6.300000190734863281e+00
3.800000190734863281e+00
1.689999961853027344e+01
1.119999980926513672e+01
2.100000143051147461e+00
1.399999976158142090e+00
2.100000143051147461e+00
6.999999880790710449e-01
4.500000000000000000e+00
2.099999904632568359e+00
9.000000357627868652e-01
0.000000000000000000e+00
0.000000000000000000e+00
0.000000000000000000e+00
0.000000000000000000e+00
0.000000000000000000e+00
0.000000000000000000e+00
0.000000000000000000e+00
0.000000000000000000e+00
0.000000000000000000e+00
0.000000000000000000e+00
0.000000000000000000e+00
0.000000000000000000e+00
0.000000000000000000e+00
0.000000000000000000e+00
0.000000000000000000e+00
0.000000000000000000e+00
0.000000000000000000e+00
0.000000000000000000e+00
0.000000000000000000e+00
0.000000000000000000e+00
0.000000000000000000e+00
0.000000000000000000e+00
0.000000000000000000e+00
0.000000000000000000e+00
0.000000000000000000e+00
0.000000000000000000e+00
0.000000000000000000e+00
0.000000000000000000e+00
0.000000000000000000e+00
0.000000000000000000e+00
1.680000114440917969e+01
4.900000095367431641e+00
0.000000000000000000e+00
0.000000000000000000e+00
3.000000000000000000e+00
0.000000000000000000e+00
1.920000076293945312e+01
2.310000038146972656e+01
0.000000000000000000e+00
0.000000000000000000e+00
3.000000000000000000e+00
3.500000000000000000e+00
2.010000038146972656e+01
1.819999885559082031e+01
0.000000000000000000e+00
0.000000000000000000e+00
3.000000000000000000e+00
3.500000000000000000e+00
2.130000114440917969e+01
2.519999885559082031e+01
0.000000000000000000e+00
0.000000000000000000e+00
3.000000000000000000e+00
2.799999952316284180e+00
2.220000076293945312e+01
1.819999885559082031e+01
0.000000000000000000e+00
3.000000119209289551e-01
3.000000000000000000e+00
2.099999904632568359e+00
2.370000076293945312e+01
2.450000000000000000e+01
0.000000000000000000e+00
3.000000119209289551e-01
4.000000000000000000e+00
3.099999904632568359e+00
2.520000076293945312e+01
2.450000000000000000e+01
0.000000000000000000e+00
3.000000119209289551e-01
4.300000190734863281e+00
2.399999856948852539e+00
2.580000114440917969e+01
3.220000076293945312e+01
0.000000000000000000e+00
0.000000000000000000e+00
3.900000095367431641e+00
3.799999952316284180e+00
2.610000038146972656e+01
1.750000000000000000e+01
0.000000000000000000e+00
0.000000000000000000e+00
3.900000095367431641e+00
3.099999904632568359e+00
2.690000152587890625e+01
2.029999923706054688e+01
0.000000000000000000e+00
0.000000000000000000e+00
0.000000000000000000e+00
0.000000000000000000e+00
0.000000000000000000e+00
0.000000000000000000e+00
0.000000000000000000e+00
0.000000000000000000e+00
0.000000000000000000e+00
0.000000000000000000e+00
0.000000000000000000e+00
0.000000000000000000e+00
0.000000000000000000e+00
0.000000000000000000e+00
0.000000000000000000e+00
0.000000000000000000e+00
0.000000000000000000e+00
0.000000000000000000e+00
0.000000000000000000e+00
0.000000000000000000e+00
0.000000000000000000e+00
0.000000000000000000e+00
0.000000000000000000e+00
0.000000000000000000e+00
0.000000000000000000e+00
0.000000000000000000e+00
0.000000000000000000e+00
0.000000000000000000e+00
0.000000000000000000e+00
0.000000000000000000e+00
0.000000000000000000e+00
0.000000000000000000e+00
0.000000000000000000e+00
0.000000000000000000e+00
0.000000000000000000e+00
0.000000000000000000e+00
0.000000000000000000e+00
0.000000000000000000e+00
0.000000000000000000e+00
0.000000000000000000e+00
2.970000076293945312e+01
6.299999713897705078e+00
0.000000000000000000e+00
0.000000000000000000e+00
0.000000000000000000e+00
0.000000000000000000e+00
2.970000076293945312e+01
4.059999847412109375e+01
0.000000000000000000e+00
0.000000000000000000e+00
0.000000000000000000e+00
0.000000000000000000e+00
3.000000190734863281e+01
3.639999771118164062e+01
0.000000000000000000e+00
0.000000000000000000e+00
8.070000457763671875e+01
7.909999847412109375e+01
2.460000038146972656e+01
1.469999980926513672e+01
0.000000000000000000e+00
3.000000119209289551e-01
8.010000610351562500e+01
1.126999969482421875e+02
2.040000152587890625e+01
2.169999885559082031e+01
0.000000000000000000e+00
6.000000238418579102e-01
7.770000457763671875e+01
5.670000076293945312e+01
1.890000152587890625e+01
2.379999923706054688e+01
0.000000000000000000e+00
9.000000357627868652e-01
7.330000305175781250e+01
8.959999847412109375e+01
1.800000000000000000e+01
1.750000000000000000e+01
0.000000000000000000e+00
1.500000000000000000e+00
6.600000000000000000e+01
6.159999847412109375e+01
1.560000038146972656e+01
1.819999885559082031e+01
0.000000000000000000e+00
2.400000095367431641e+00
6.000000381469726562e+01
4.689999771118164062e+01
1.470000076293945312e+01
1.469999980926513672e+01
3.000000119209289551e-01
2.700000047683715820e+00
4.890000152587890625e+01
6.719999694824218750e+01
1.350000095367431641e+01
7.699999809265136719e+00
6.000000238418579102e-01
3.300000190734863281e+00
4.130000305175781250e+01
3.920000076293945312e+01
1.260000038146972656e+01
1.469999980926513672e+01
9.000000357627868652e-01
5.300000190734863281e+00
2.579999923706054688e+01
1.960000038146972656e+01
1.260000038146972656e+01
6.299999713897705078e+00
9.000000357627868652e-01
4.599999904632568359e+00
1.870000076293945312e+01
1.259999942779541016e+01
1.260000038146972656e+01
1.469999980926513672e+01
9.000000357627868652e-01
6.000000000000000000e+00
1.560000038146972656e+01
1.539999961853027344e+01
1.290000057220458984e+01
7.699999809265136719e+00
9.000000357627868652e-01
3.900000095367431641e+00
1.640000152587890625e+01
1.330000019073486328e+01
1.290000057220458984e+01
1.259999942779541016e+01
9.000000357627868652e-01
4.900000095367431641e+00
1.670000076293945312e+01
1.679999923706054688e+01
1.320000076293945312e+01
1.259999942779541016e+01
1.200000047683715820e+00
4.200000286102294922e+00
1.280000019073486328e+01
7.000000000000000000e+00
1.320000076293945312e+01
9.800000190734863281e+00
1.200000047683715820e+00
4.900000095367431641e+00
1.639999961853027344e+01
1.259999942779541016e+01
1.350000095367431641e+01
1.189999961853027344e+01
1.200000047683715820e+00
4.900000095367431641e+00
1.310000038146972656e+01
1.259999942779541016e+01
1.410000038146972656e+01
1.819999885559082031e+01
1.200000047683715820e+00
6.300000190734863281e+00
1.100000000000000000e+01
8.399999618530273438e+00
1.440000057220458984e+01
1.189999961853027344e+01
1.200000047683715820e+00
5.199999809265136719e+00
1.430000114440917969e+01
5.599999904632568359e+00
1.470000076293945312e+01
1.119999980926513672e+01
1.200000047683715820e+00
5.800000190734863281e+00
1.080000019073486328e+01
1.259999942779541016e+01
1.740000152587890625e+01
1.819999885559082031e+01
1.200000047683715820e+00
5.800000190734863281e+00
9.600000381469726562e+00
4.199999809265136719e+00
1.890000152587890625e+01
1.889999961853027344e+01
1.200000047683715820e+00
6.500000476837158203e+00
9.300000190734863281e+00
7.000000000000000000e+00
1.920000076293945312e+01
1.400000000000000000e+01
1.200000047683715820e+00
5.100000381469726562e+00
1.010000038146972656e+01
4.500000000000000000e+00
1.950000000000000000e+01
2.100000000000000000e+01
1.200000047683715820e+00
5.800000190734863281e+00
8.699999809265136719e+00
6.299999713897705078e+00
1.980000114440917969e+01
1.889999961853027344e+01
1.200000047683715820e+00
5.800000190734863281e+00
6.800000190734863281e+00
3.599999904632568359e+00
2.150000000000000000e+01
2.100000000000000000e+01
1.200000047683715820e+00
7.900000572204589844e+00
8.300000190734863281e+00
6.599999904632568359e+00
2.020000076293945312e+01
2.239999961853027344e+01
1.200000047683715820e+00
6.500000476837158203e+00
5.900000095367431641e+00
4.500000000000000000e+00
1.950000000000000000e+01
1.469999980926513672e+01
1.200000047683715820e+00
6.099999904632568359e+00
4.900000095367431641e+00
2.800000190734863281e+00
1.570000076293945312e+01
7.699999809265136719e+00
2.700000047683715820e+00
4.900000095367431641e+00
8.100000381469726562e+00
5.500000000000000000e+00
1.850000000000000000e+01
1.819999885559082031e+01
3.600000143051147461e+00
5.599999904632568359e+00
7.800000190734863281e+00
8.699999809265136719e+00
1.600000000000000000e+01
1.259999942779541016e+01
3.300000190734863281e+00
2.399999856948852539e+00
8.500000000000000000e+00
7.300000190734863281e+00
1.530000019073486328e+01
1.259999942779541016e+01
3.300000190734863281e+00
3.400000095367431641e+00
8.100000381469726562e+00
8.399999618530273438e+00
1.530000019073486328e+01
1.330000019073486328e+01
3.300000190734863281e+00
4.099999904632568359e+00
9.800000190734863281e+00
7.699999809265136719e+00
1.500000095367431641e+01
1.750000000000000000e+01
3.300000190734863281e+00
3.400000095367431641e+00
9.400000572204589844e+00
9.099999427795410156e+00
1.500000095367431641e+01
1.189999961853027344e+01
3.300000190734863281e+00
2.699999809265136719e+00
8.700000762939453125e+00
7.699999809265136719e+00
1.530000019073486328e+01
1.610000038146972656e+01
3.300000190734863281e+00
3.400000095367431641e+00
1.039999961853027344e+01
7.000000000000000000e+00
1.590000057220458984e+01
1.119999980926513672e+01
3.300000190734863281e+00
2.000000000000000000e+00
1.000000000000000000e+01
8.399999618530273438e+00
1.620000076293945312e+01
1.679999923706054688e+01
3.300000190734863281e+00
3.400000095367431641e+00
1.000000000000000000e+01
1.330000019073486328e+01
1.560000038146972656e+01
1.330000019073486328e+01
3.300000190734863281e+00
3.400000095367431641e+00
1.000000000000000000e+01
9.099999427795410156e+00
1.560000038146972656e+01
1.610000038146972656e+01
3.300000190734863281e+00
3.400000095367431641e+00
2.700000047683715820e+00
4.800000190734863281e+00
1.439999961853027344e+01
1.189999961853027344e+01
5.100000381469726562e+00
4.799999713897705078e+00
4.500000000000000000e+00
6.100000381469726562e+00
2.399999856948852539e+00
7.800000190734863281e+00
8.399999618530273438e+00
6.000000238418579102e-01
1.399999976158142090e+00
2.100000143051147461e+00
2.099999904632568359e+00
3.900000095367431641e+00
2.799999952316284180e+00
3.000000119209289551e-01
0.000000000000000000e+00
0.000000000000000000e+00
0.000000000000000000e+00
0.000000000000000000e+00
0.000000000000000000e+00
0.000000000000000000e+00
0.000000000000000000e+00
0.000000000000000000e+00
0.000000000000000000e+00
0.000000000000000000e+00
0.000000000000000000e+00
0.000000000000000000e+00
0.000000000000000000e+00
0.000000000000000000e+00
0.000000000000000000e+00
0.000000000000000000e+00
0.000000000000000000e+00
0.000000000000000000e+00
0.000000000000000000e+00
0.000000000000000000e+00
0.000000000000000000e+00
0.000000000000000000e+00
0.000000000000000000e+00
0.000000000000000000e+00
0.000000000000000000e+00
0.000000000000000000e+00
0.000000000000000000e+00
0.000000000000000000e+00
1.107000045776367188e+02
8.329999542236328125e+01
0.000000000000000000e+00
0.000000000000000000e+00
0.000000000000000000e+00
0.000000000000000000e+00
1.107000045776367188e+02
1.638000030517578125e+02
0.000000000000000000e+00
0.000000000000000000e+00
0.000000000000000000e+00
0.000000000000000000e+00
1.107000045776367188e+02
8.609999847412109375e+01
0.000000000000000000e+00
0.000000000000000000e+00
0.000000000000000000e+00
0.000000000000000000e+00
1.107000045776367188e+02
1.274000015258789062e+02
0.000000000000000000e+00
0.000000000000000000e+00
0.000000000000000000e+00
0.000000000000000000e+00
1.107000045776367188e+02
1.204000015258789062e+02
0.000000000000000000e+00
0.000000000000000000e+00
0.000000000000000000e+00
0.000000000000000000e+00
1.107000045776367188e+02
1.225000000000000000e+02
0.000000000000000000e+00
0.000000000000000000e+00
0.000000000000000000e+00
0.000000000000000000e+00
1.107000045776367188e+02
8.469999694824218750e+01
0.000000000000000000e+00
0.000000000000000000e+00
0.000000000000000000e+00
0.000000000000000000e+00
1.035000076293945312e+02
1.385999908447265625e+02
0.000000000000000000e+00
0.000000000000000000e+00
0.000000000000000000e+00
0.000000000000000000e+00
9.450000000000000000e+01
7.419999694824218750e+01
0.000000000000000000e+00
0.000000000000000000e+00
0.000000000000000000e+00
0.000000000000000000e+00
9.450000000000000000e+01
7.769999694824218750e+01
0.000000000000000000e+00
0.000000000000000000e+00
0.000000000000000000e+00
0.000000000000000000e+00
0.000000000000000000e+00
0.000000000000000000e+00
0.000000000000000000e+00
0.000000000000000000e+00
0.000000000000000000e+00
0.000000000000000000e+00
0.000000000000000000e+00
0.000000000000000000e+00
0.000000000000000000e+00
0.000000000000000000e+00
0.000000000000000000e+00
0.000000000000000000e+00
0.000000000000000000e+00
0.000000000000000000e+00
0.000000000000000000e+00
0.000000000000000000e+00
0.000000000000000000e+00
0.000000000000000000e+00
0.000000000000000000e+00
0.000000000000000000e+00
0.000000000000000000e+00
0.000000000000000000e+00
0.000000000000000000e+00
0.000000000000000000e+00
0.000000000000000000e+00
0.000000000000000000e+00
0.000000000000000000e+00
0.000000000000000000e+00
0.000000000000000000e+00
0.000000000000000000e+00
0.000000000000000000e+00
0.000000000000000000e+00
0.000000000000000000e+00
0.000000000000000000e+00
9.450000000000000000e+01
8.329999542236328125e+01
0.000000000000000000e+00
0.000000000000000000e+00
0.000000000000000000e+00
0.000000000000000000e+00
9.450000000000000000e+01
1.140999984741210938e+02
0.000000000000000000e+00
0.000000000000000000e+00
0.000000000000000000e+00
0.000000000000000000e+00
9.450000000000000000e+01
6.300000000000000000e+01
0.000000000000000000e+00
0.000000000000000000e+00
0.000000000000000000e+00
0.000000000000000000e+00
9.450000000000000000e+01
1.274000015258789062e+02
0.000000000000000000e+00
0.000000000000000000e+00
0.000000000000000000e+00
0.000000000000000000e+00
9.450000000000000000e+01
6.300000000000000000e+01
0.000000000000000000e+00
0.000000000000000000e+00
0.000000000000000000e+00
0.000000000000000000e+00
9.450000000000000000e+01
9.800000000000000000e+01
0.000000000000000000e+00
0.000000000000000000e+00
0.000000000000000000e+00
0.000000000000000000e+00
9.450000000000000000e+01
1.021999969482421875e+02
0.000000000000000000e+00
0.000000000000000000e+00
0.000000000000000000e+00
0.000000000000000000e+00
9.450000000000000000e+01
1.000999984741210938e+02
0.000000000000000000e+00
0.000000000000000000e+00
0.000000000000000000e+00
0.000000000000000000e+00
9.450000000000000000e+01
4.900000000000000000e+01
0.000000000000000000e+00
0.000000000000000000e+00
0.000000000000000000e+00
0.000000000000000000e+00
9.450000000000000000e+01
1.371999969482421875e+02
0.000000000000000000e+00
0.000000000000000000e+00
0.000000000000000000e+00
0.000000000000000000e+00
0.000000000000000000e+00
9.450000000000000000e+01
7.419999694824218750e+01
0.000000000000000000e+00
0.000000000000000000e+00
0.000000000000000000e+00
0.000000000000000000e+00
0.000000000000000000e+00
0.000000000000000000e+00
0.000000000000000000e+00
0.000000000000000000e+00
0.000000000000000000e+00
0.000000000000000000e+00
0.000000000000000000e+00
0.000000000000000000e+00
0.000000000000000000e+00
0.000000000000000000e+00
0.000000000000000000e+00
0.000000000000000000e+00
0.000000000000000000e+00
0.000000000000000000e+00
0.000000000000000000e+00
0.000000000000000000e+00
0.000000000000000000e+00
0.000000000000000000e+00
0.000000000000000000e+00
0.000000000000000000e+00
0.000000000000000000e+00
0.000000000000000000e+00
0.000000000000000000e+00
0.000000000000000000e+00
0.000000000000000000e+00
0.000000000000000000e+00
0.000000000000000000e+00
0.000000000000000000e+00
0.000000000000000000e+00
0.000000000000000000e+00
0.000000000000000000e+00
0.000000000000000000e+00
0.000000000000000000e+00
9.450000000000000000e+01
3.709999847412109375e+01
0.000000000000000000e+00
0.000000000000000000e+00
0.000000000000000000e+00
0.000000000000000000e+00
9.450000000000000000e+01
1.365000000000000000e+02
0.000000000000000000e+00
0.000000000000000000e+00
0.000000000000000000e+00
0.000000000000000000e+00
9.450000000000000000e+01
7.209999847412109375e+01
0.000000000000000000e+00
0.000000000000000000e+00
0.000000000000000000e+00
0.000000000000000000e+00
9.450000000000000000e+01
8.540000152587890625e+01
0.000000000000000000e+00
0.000000000000000000e+00
0.000000000000000000e+00
0.000000000000000000e+00
9.450000000000000000e+01
1.035999984741210938e+02
0.000000000000000000e+00
0.000000000000000000e+00
0.000000000000000000e+00
0.000000000000000000e+00
9.450000000000000000e+01
8.609999847412109375e+01
1.470000076293945312e+01
2.589999961853027344e+01
0.000000000000000000e+00
3.000000119209289551e-01
9.420000457763671875e+01
6.370000076293945312e+01
1.080000019073486328e+01
9.800000190734863281e+00
0.000000000000000000e+00
9.000000357627868652e-01
8.790000152587890625e+01
1.105999984741210938e+02
7.500000476837158203e+00
8.699999809265136719e+00
0.000000000000000000e+00
1.800000071525573730e+00
7.310000610351562500e+01
4.900000000000000000e+01
6.600000381469726562e+00
9.000000000000000000e+00
0.000000000000000000e+00
9.000000357627868652e-01
2.099999904632568359e+00
6.930000305175781250e+01
4.409999847412109375e+01
0.000000000000000000e+00
0.000000000000000000e+00
0.000000000000000000e+00
0.000000000000000000e+00
0.000000000000000000e+00
0.000000000000000000e+00
0.000000000000000000e+00
0.000000000000000000e+00
0.000000000000000000e+00
0.000000000000000000e+00
0.000000000000000000e+00
0.000000000000000000e+00
0.000000000000000000e+00
0.000000000000000000e+00
0.000000000000000000e+00
0.000000000000000000e+00
0.000000000000000000e+00
0.000000000000000000e+00
0.000000000000000000e+00
0.000000000000000000e+00
0.000000000000000000e+00
0.000000000000000000e+00
0.000000000000000000e+00
0.000000000000000000e+00
0.000000000000000000e+00
0.000000000000000000e+00
0.000000000000000000e+00
0.000000000000000000e+00
0.000000000000000000e+00
0.000000000000000000e+00
0.000000000000000000e+00
0.000000000000000000e+00
0.000000000000000000e+00
0.000000000000000000e+00
0.000000000000000000e+00
0.000000000000000000e+00
0.000000000000000000e+00
6.900000000000000000e+01
3.989999771118164062e+01
0.000000000000000000e+00
0.000000000000000000e+00
0.000000000000000000e+00
0.000000000000000000e+00
6.900000000000000000e+01
7.629999542236328125e+01
0.000000000000000000e+00
0.000000000000000000e+00
0.000000000000000000e+00
0.000000000000000000e+00
6.900000000000000000e+01
5.739999771118164062e+01
0.000000000000000000e+00
0.000000000000000000e+00
0.000000000000000000e+00
0.000000000000000000e+00
6.900000000000000000e+01
7.000000000000000000e+01
0.000000000000000000e+00
0.000000000000000000e+00
0.000000000000000000e+00
0.000000000000000000e+00
6.900000000000000000e+01
6.020000076293945312e+01
0.000000000000000000e+00
0.000000000000000000e+00
0.000000000000000000e+00
0.000000000000000000e+00
6.900000000000000000e+01
5.670000076293945312e+01
0.000000000000000000e+00
0.000000000000000000e+00
0.000000000000000000e+00
0.000000000000000000e+00
6.900000000000000000e+01
6.159999847412109375e+01
0.000000000000000000e+00
0.000000000000000000e+00
0.000000000000000000e+00
0.000000000000000000e+00
6.900000000000000000e+01
7.209999847412109375e+01
0.000000000000000000e+00
0.000000000000000000e+00
0.000000000000000000e+00
0.000000000000000000e+00
6.900000000000000000e+01
4.829999923706054688e+01
0.000000000000000000e+00
0.000000000000000000e+00
0.000000000000000000e+00
0.000000000000000000e+00
0.000000000000000000e+00
6.900000000000000000e+01
7.419999694824218750e+01
0.000000000000000000e+00
0.000000000000000000e+00
0.000000000000000000e+00
0.000000000000000000e+00
0.000000000000000000e+00
0.000000000000000000e+00
0.000000000000000000e+00
0.000000000000000000e+00
0.000000000000000000e+00
0.000000000000000000e+00
0.000000000000000000e+00
0.000000000000000000e+00
0.000000000000000000e+00
0.000000000000000000e+00
0.000000000000000000e+00
0.000000000000000000e+00
0.000000000000000000e+00
0.000000000000000000e+00
0.000000000000000000e+00
0.000000000000000000e+00
0.000000000000000000e+00
0.000000000000000000e+00
0.000000000000000000e+00
0.000000000000000000e+00
0.000000000000000000e+00
0.000000000000000000e+00
0.000000000000000000e+00
0.000000000000000000e+00
0.000000000000000000e+00
0.000000000000000000e+00
0.000000000000000000e+00
0.000000000000000000e+00
0.000000000000000000e+00
0.000000000000000000e+00
0.000000000000000000e+00
6.900000000000000000e+01
2.100000000000000000e+01
0.000000000000000000e+00
0.000000000000000000e+00
0.000000000000000000e+00
0.000000000000000000e+00
6.900000000000000000e+01
7.279999542236328125e+01
0.000000000000000000e+00
0.000000000000000000e+00
0.000000000000000000e+00
0.000000000000000000e+00
6.900000000000000000e+01
7.629999542236328125e+01
0.000000000000000000e+00
0.000000000000000000e+00
0.000000000000000000e+00
0.000000000000000000e+00
6.900000000000000000e+01
5.459999847412109375e+01
0.000000000000000000e+00
0.000000000000000000e+00
0.000000000000000000e+00
0.000000000000000000e+00
6.900000000000000000e+01
6.370000076293945312e+01
0.000000000000000000e+00
0.000000000000000000e+00
0.000000000000000000e+00
0.000000000000000000e+00
6.900000000000000000e+01
6.719999694824218750e+01
0.000000000000000000e+00
0.000000000000000000e+00
0.000000000000000000e+00
0.000000000000000000e+00
6.900000000000000000e+01
3.359999847412109375e+01
0.000000000000000000e+00
0.000000000000000000e+00
0.000000000000000000e+00
0.000000000000000000e+00
6.900000000000000000e+01
9.029999542236328125e+01
0.000000000000000000e+00
0.000000000000000000e+00
0.000000000000000000e+00
0.000000000000000000e+00
6.900000000000000000e+01
6.650000000000000000e+01
0.000000000000000000e+00
0.000000000000000000e+00
0.000000000000000000e+00
0.000000000000000000e+00
6.900000000000000000e+01
4.550000000000000000e+01
0.000000000000000000e+00
0.000000000000000000e+00
0.000000000000000000e+00
0.000000000000000000e+00
6.900000000000000000e+01
6.089999771118164062e+01
0.000000000000000000e+00
0.000000000000000000e+00
0.000000000000000000e+00
0.000000000000000000e+00
6.900000000000000000e+01
7.840000152587890625e+01
0.000000000000000000e+00
0.000000000000000000e+00
0.000000000000000000e+00
0.000000000000000000e+00
6.900000000000000000e+01
4.059999847412109375e+01
0.000000000000000000e+00
0.000000000000000000e+00
0.000000000000000000e+00
0.000000000000000000e+00
6.900000000000000000e+01
8.119999694824218750e+01
0.000000000000000000e+00
0.000000000000000000e+00
0.000000000000000000e+00
0.000000000000000000e+00
6.900000000000000000e+01
6.229999923706054688e+01
0.000000000000000000e+00
0.000000000000000000e+00
0.000000000000000000e+00
0.000000000000000000e+00
6.900000000000000000e+01
4.479999923706054688e+01
0.000000000000000000e+00
0.000000000000000000e+00
0.000000000000000000e+00
0.000000000000000000e+00
1.107000045776367188e+02
1.245999984741210938e+02
0.000000000000000000e+00
0.000000000000000000e+00
0.000000000000000000e+00
0.000000000000000000e+00
1.107000045776367188e+02
1.091999969482421875e+02
0.000000000000000000e+00
0.000000000000000000e+00
0.000000000000000000e+00
0.000000000000000000e+00
1.107000045776367188e+02
7.979999542236328125e+01
0.000000000000000000e+00
0.000000000000000000e+00
0.000000000000000000e+00
0.000000000000000000e+00
1.107000045776367188e+02
1.155000000000000000e+02
0.000000000000000000e+00
0.000000000000000000e+00
0.000000000000000000e+00
0.000000000000000000e+00
1.107000045776367188e+02
1.155000000000000000e+02
0.000000000000000000e+00
0.000000000000000000e+00
0.000000000000000000e+00
0.000000000000000000e+00
1.107000045776367188e+02
7.140000152587890625e+01
0.000000000000000000e+00
0.000000000000000000e+00
0.000000000000000000e+00
0.000000000000000000e+00
1.107000045776367188e+02
1.231999969482421875e+02
0.000000000000000000e+00
0.000000000000000000e+00
0.000000000000000000e+00
0.000000000000000000e+00
1.107000045776367188e+02
1.091999969482421875e+02
0.000000000000000000e+00
0.000000000000000000e+00
0.000000000000000000e+00
0.000000000000000000e+00
1.107000045776367188e+02
7.559999847412109375e+01
0.000000000000000000e+00
0.000000000000000000e+00
0.000000000000000000e+00
0.000000000000000000e+00
0.000000000000000000e+00
1.035000076293945312e+02
1.056999969482421875e+02
0.000000000000000000e+00
0.000000000000000000e+00
0.000000000000000000e+00
0.000000000000000000e+00
1.035000076293945312e+02
1.056999969482421875e+02
0.000000000000000000e+00
0.000000000000000000e+00
0.000000000000000000e+00
0.000000000000000000e+00
1.035000076293945312e+02
6.440000152587890625e+01
0.000000000000000000e+00
0.000000000000000000e+00
0.000000000000000000e+00
0.000000000000000000e+00
1.035000076293945312e+02
1.105999984741210938e+02
0.000000000000000000e+00
0.000000000000000000e+00
0.000000000000000000e+00
0.000000000000000000e+00
1.035000076293945312e+02
1.035999984741210938e+02
0.000000000000000000e+00
0.000000000000000000e+00
0.000000000000000000e+00
0.000000000000000000e+00
1.035000076293945312e+02
6.859999847412109375e+01
0.000000000000000000e+00
0.000000000000000000e+00
0.000000000000000000e+00
0.000000000000000000e+00
0.000000000000000000e+00
1.035000076293945312e+02
1.000999984741210938e+02
0.000000000000000000e+00
0.000000000000000000e+00
0.000000000000000000e+00
0.000000000000000000e+00
1.035000076293945312e+02
1.077999954223632812e+02
0.000000000000000000e+00
0.000000000000000000e+00
0.000000000000000000e+00
0.000000000000000000e+00
1.035000076293945312e+02
6.440000152587890625e+01
0.000000000000000000e+00
0.000000000000000000e+00
0.000000000000000000e+00
0.000000000000000000e+00
0.000000000000000000e+00
1.035000076293945312e+02
1.070999984741210938e+02
0.000000000000000000e+00
0.000000000000000000e+00
0.000000000000000000e+00
0.000000000000000000e+00
1.035000076293945312e+02
1.000999984741210938e+02
0.000000000000000000e+00
0.000000000000000000e+00
0.000000000000000000e+00
0.000000000000000000e+00
1.035000076293945312e+02
6.229999923706054688e+01
0.000000000000000000e+00
0.000000000000000000e+00
0.000000000000000000e+00
0.000000000000000000e+00
1.035000076293945312e+02
1.085000000000000000e+02
0.000000000000000000e+00
0.000000000000000000e+00
0.000000000000000000e+00
0.000000000000000000e+00
1.035000076293945312e+02
1.070999984741210938e+02
0.000000000000000000e+00
0.000000000000000000e+00
0.000000000000000000e+00
0.000000000000000000e+00
1.035000076293945312e+02
5.950000000000000000e+01
0.000000000000000000e+00
0.000000000000000000e+00
0.000000000000000000e+00
0.000000000000000000e+00
1.035000076293945312e+02
1.021999969482421875e+02
0.000000000000000000e+00
0.000000000000000000e+00
0.000000000000000000e+00
0.000000000000000000e+00
1.035000076293945312e+02
1.035999984741210938e+02
0.000000000000000000e+00
0.000000000000000000e+00
0.000000000000000000e+00
0.000000000000000000e+00
1.035000076293945312e+02
6.790000152587890625e+01
0.000000000000000000e+00
0.000000000000000000e+00
0.000000000000000000e+00
0.000000000000000000e+00
0.000000000000000000e+00
0.000000000000000000e+00
0.000000000000000000e+00
0.000000000000000000e+00
0.000000000000000000e+00
0.000000000000000000e+00
0.000000000000000000e+00
0.000000000000000000e+00
0.000000000000000000e+00
0.000000000000000000e+00
0.000000000000000000e+00
0.000000000000000000e+00
0.000000000000000000e+00
0.000000000000000000e+00
0.000000000000000000e+00
0.000000000000000000e+00
0.000000000000000000e+00
0.000000000000000000e+00
0.000000000000000000e+00
0.000000000000000000e+00
0.000000000000000000e+00
0.000000000000000000e+00
0.000000000000000000e+00
0.000000000000000000e+00
0.000000000000000000e+00
0.000000000000000000e+00
0.000000000000000000e+00
0.000000000000000000e+00
0.000000000000000000e+00
0.000000000000000000e+00
9.450000000000000000e+01
4.970000076293945312e+01
0.000000000000000000e+00
0.000000000000000000e+00
0.000000000000000000e+00
0.000000000000000000e+00
9.450000000000000000e+01
1.155000000000000000e+02
0.000000000000000000e+00
0.000000000000000000e+00
0.000000000000000000e+00
0.000000000000000000e+00
9.450000000000000000e+01
6.579999542236328125e+01
0.000000000000000000e+00
0.000000000000000000e+00
0.000000000000000000e+00
0.000000000000000000e+00
9.450000000000000000e+01
7.209999847412109375e+01
0.000000000000000000e+00
0.000000000000000000e+00
0.000000000000000000e+00
0.000000000000000000e+00
9.450000000000000000e+01
1.120000000000000000e+02
0.000000000000000000e+00
0.000000000000000000e+00
0.000000000000000000e+00
0.000000000000000000e+00
9.450000000000000000e+01
5.389999771118164062e+01
0.000000000000000000e+00
0.000000000000000000e+00
0.000000000000000000e+00
0.000000000000000000e+00
9.450000000000000000e+01
6.579999542236328125e+01
0.000000000000000000e+00
0.000000000000000000e+00
0.000000000000000000e+00
0.000000000000000000e+00
9.450000000000000000e+01
1.260000000000000000e+02
0.000000000000000000e+00
0.000000000000000000e+00
0.000000000000000000e+00
0.000000000000000000e+00
9.450000000000000000e+01
4.479999923706054688e+01
0.000000000000000000e+00
0.000000000000000000e+00
0.000000000000000000e+00
0.000000000000000000e+00
0.000000000000000000e+00
0.000000000000000000e+00
1.122000045776367188e+02
9.800000000000000000e+01
0.000000000000000000e+00
0.000000000000000000e+00
0.000000000000000000e+00
0.000000000000000000e+00
1.029000015258789062e+02
1.252999954223632812e+02
0.000000000000000000e+00
0.000000000000000000e+00
0.000000000000000000e+00
0.000000000000000000e+00
0.000000000000000000e+00
0.000000000000000000e+00
0.000000000000000000e+00
0.000000000000000000e+00
0.000000000000000000e+00
0.000000000000000000e+00
0.000000000000000000e+00
0.000000000000000000e+00
0.000000000000000000e+00
0.000000000000000000e+00
0.000000000000000000e+00
0.000000000000000000e+00
0.000000000000000000e+00
0.000000000000000000e+00
0.000000000000000000e+00
0.000000000000000000e+00
0.000000000000000000e+00
0.000000000000000000e+00
0.000000000000000000e+00
0.000000000000000000e+00
0.000000000000000000e+00
0.000000000000000000e+00
0.000000000000000000e+00
0.000000000000000000e+00
0.000000000000000000e+00
0.000000000000000000e+00
0.000000000000000000e+00
9.450000000000000000e+01
3.150000000000000000e+01
0.000000000000000000e+00
0.000000000000000000e+00
0.000000000000000000e+00
0.000000000000000000e+00
9.450000000000000000e+01
7.069999694824218750e+01
0.000000000000000000e+00
0.000000000000000000e+00
0.000000000000000000e+00
0.000000000000000000e+00
9.450000000000000000e+01
1.231999969482421875e+02
0.000000000000000000e+00
0.000000000000000000e+00
0.000000000000000000e+00
0.000000000000000000e+00
9.450000000000000000e+01
5.670000076293945312e+01
0.000000000000000000e+00
0.000000000000000000e+00
0.000000000000000000e+00
0.000000000000000000e+00
9.450000000000000000e+01
7.140000152587890625e+01
0.000000000000000000e+00
0.000000000000000000e+00
0.000000000000000000e+00
0.000000000000000000e+00
9.450000000000000000e+01
1.050000000000000000e+02
0.000000000000000000e+00
0.000000000000000000e+00
0.000000000000000000e+00
0.000000000000000000e+00
9.450000000000000000e+01
5.109999847412109375e+01
0.000000000000000000e+00
0.000000000000000000e+00
0.000000000000000000e+00
0.000000000000000000e+00
9.450000000000000000e+01
8.540000152587890625e+01
0.000000000000000000e+00
0.000000000000000000e+00
0.000000000000000000e+00
0.000000000000000000e+00
9.450000000000000000e+01
1.091999969482421875e+02
0.000000000000000000e+00
0.000000000000000000e+00
0.000000000000000000e+00
0.000000000000000000e+00
0.000000000000000000e+00
9.450000000000000000e+01
4.409999847412109375e+01
0.000000000000000000e+00
0.000000000000000000e+00
0.000000000000000000e+00
0.000000000000000000e+00
0.000000000000000000e+00
0.000000000000000000e+00
0.000000000000000000e+00
0.000000000000000000e+00
0.000000000000000000e+00
0.000000000000000000e+00
0.000000000000000000e+00
0.000000000000000000e+00
0.000000000000000000e+00
0.000000000000000000e+00
0.000000000000000000e+00
0.000000000000000000e+00
0.000000000000000000e+00
0.000000000000000000e+00
0.000000000000000000e+00
0.000000000000000000e+00
0.000000000000000000e+00
0.000000000000000000e+00
0.000000000000000000e+00
0.000000000000000000e+00
0.000000000000000000e+00
0.000000000000000000e+00
0.000000000000000000e+00
0.000000000000000000e+00
0.000000000000000000e+00
0.000000000000000000e+00
0.000000000000000000e+00
0.000000000000000000e+00
9.450000000000000000e+01
3.989999771118164062e+01
0.000000000000000000e+00
0.000000000000000000e+00
0.000000000000000000e+00
0.000000000000000000e+00
0.000000000000000000e+00
0.000000000000000000e+00
0.000000000000000000e+00
0.000000000000000000e+00
0.000000000000000000e+00
9.450000000000000000e+01
1.120000000000000000e+02
0.000000000000000000e+00
0.000000000000000000e+00
0.000000000000000000e+00
0.000000000000000000e+00
9.450000000000000000e+01
8.119999694824218750e+01
0.000000000000000000e+00
0.000000000000000000e+00
0.000000000000000000e+00
0.000000000000000000e+00
9.450000000000000000e+01
5.670000076293945312e+01
0.000000000000000000e+00
0.000000000000000000e+00
0.000000000000000000e+00
0.000000000000000000e+00
9.450000000000000000e+01
9.659999847412109375e+01
0.000000000000000000e+00
0.000000000000000000e+00
0.000000000000000000e+00
0.000000000000000000e+00
9.450000000000000000e+01
8.890000152587890625e+01
0.000000000000000000e+00
0.000000000000000000e+00
0.000000000000000000e+00
0.000000000000000000e+00
9.450000000000000000e+01
5.320000076293945312e+01
0.000000000000000000e+00
0.000000000000000000e+00
0.000000000000000000e+00
0.000000000000000000e+00
9.450000000000000000e+01
1.021999969482421875e+02
0.000000000000000000e+00
0.000000000000000000e+00
0.000000000000000000e+00
0.000000000000000000e+00
9.450000000000000000e+01
7.559999847412109375e+01
0.000000000000000000e+00
0.000000000000000000e+00
0.000000000000000000e+00
0.000000000000000000e+00
9.450000000000000000e+01
6.790000152587890625e+01
0.000000000000000000e+00
0.000000000000000000e+00
0.000000000000000000e+00
0.000000000000000000e+00
0.000000000000000000e+00
0.000000000000000000e+00
0.000000000000000000e+00
0.000000000000000000e+00
0.000000000000000000e+00
0.000000000000000000e+00
0.000000000000000000e+00
0.000000000000000000e+00
0.000000000000000000e+00
0.000000000000000000e+00
0.000000000000000000e+00
0.000000000000000000e+00
0.000000000000000000e+00
0.000000000000000000e+00
0.000000000000000000e+00
0.000000000000000000e+00
0.000000000000000000e+00
0.000000000000000000e+00
0.000000000000000000e+00
0.000000000000000000e+00
0.000000000000000000e+00
0.000000000000000000e+00
0.000000000000000000e+00
0.000000000000000000e+00
0.000000000000000000e+00
0.000000000000000000e+00
0.000000000000000000e+00
0.000000000000000000e+00
0.000000000000000000e+00
0.000000000000000000e+00
0.000000000000000000e+00
0.000000000000000000e+00
0.000000000000000000e+00
0.000000000000000000e+00
0.000000000000000000e+00
0.000000000000000000e+00
0.000000000000000000e+00
0.000000000000000000e+00
9.450000000000000000e+01
2.729999923706054688e+01
0.000000000000000000e+00
0.000000000000000000e+00
0.000000000000000000e+00
0.000000000000000000e+00
9.450000000000000000e+01
1.029000015258789062e+02
0.000000000000000000e+00
0.000000000000000000e+00
0.000000000000000000e+00
0.000000000000000000e+00
9.450000000000000000e+01
8.329999542236328125e+01
0.000000000000000000e+00
0.000000000000000000e+00
0.000000000000000000e+00
0.000000000000000000e+00
1.107000045776367188e+02
8.400000000000000000e+01
0.000000000000000000e+00
0.000000000000000000e+00
0.000000000000000000e+00
0.000000000000000000e+00
1.107000045776367188e+02
1.042999954223632812e+02
0.000000000000000000e+00
0.000000000000000000e+00
0.000000000000000000e+00
0.000000000000000000e+00
1.107000045776367188e+02
1.015000000000000000e+02
0.000000000000000000e+00
0.000000000000000000e+00
0.000000000000000000e+00
0.000000000000000000e+00
1.107000045776367188e+02
6.719999694824218750e+01
0.000000000000000000e+00
0.000000000000000000e+00
0.000000000000000000e+00
0.000000000000000000e+00
1.107000045776367188e+02
1.217999954223632812e+02
0.000000000000000000e+00
0.000000000000000000e+00
0.000000000000000000e+00
0.000000000000000000e+00
1.035000076293945312e+02
7.629999542236328125e+01
0.000000000000000000e+00
0.000000000000000000e+00
0.000000000000000000e+00
0.000000000000000000e+00
9.450000000000000000e+01
6.579999542236328125e+01
0.000000000000000000e+00
0.000000000000000000e+00
0.000000000000000000e+00
0.000000000000000000e+00
0.000000000000000000e+00
0.000000000000000000e+00
0.000000000000000000e+00
0.000000000000000000e+00
0.000000000000000000e+00
0.000000000000000000e+00
0.000000000000000000e+00
0.000000000000000000e+00
0.000000000000000000e+00
0.000000000000000000e+00
0.000000000000000000e+00
0.000000000000000000e+00
0.000000000000000000e+00
0.000000000000000000e+00
0.000000000000000000e+00
0.000000000000000000e+00
0.000000000000000000e+00
0.000000000000000000e+00
0.000000000000000000e+00
0.000000000000000000e+00
0.000000000000000000e+00
0.000000000000000000e+00
0.000000000000000000e+00
0.000000000000000000e+00
0.000000000000000000e+00
0.000000000000000000e+00
0.000000000000000000e+00
0.000000000000000000e+00
0.000000000000000000e+00
0.000000000000000000e+00
0.000000000000000000e+00
0.000000000000000000e+00
0.000000000000000000e+00
0.000000000000000000e+00
0.000000000000000000e+00
0.000000000000000000e+00
9.450000000000000000e+01
1.119999980926513672e+01
0.000000000000000000e+00
0.000000000000000000e+00
0.000000000000000000e+00
0.000000000000000000e+00
9.450000000000000000e+01
1.252999954223632812e+02
0.000000000000000000e+00
0.000000000000000000e+00
0.000000000000000000e+00
0.000000000000000000e+00
9.450000000000000000e+01
7.840000152587890625e+01
0.000000000000000000e+00
0.000000000000000000e+00
0.000000000000000000e+00
0.000000000000000000e+00
9.450000000000000000e+01
3.989999771118164062e+01
0.000000000000000000e+00
0.000000000000000000e+00
0.000000000000000000e+00
0.000000000000000000e+00
9.450000000000000000e+01
1.169000015258789062e+02
0.000000000000000000e+00
0.000000000000000000e+00
0.000000000000000000e+00
0.000000000000000000e+00
9.450000000000000000e+01
7.069999694824218750e+01
0.000000000000000000e+00
0.000000000000000000e+00
0.000000000000000000e+00
0.000000000000000000e+00
9.450000000000000000e+01
3.639999771118164062e+01
0.000000000000000000e+00
0.000000000000000000e+00
0.000000000000000000e+00
0.000000000000000000e+00
9.450000000000000000e+01
1.371999969482421875e+02
0.000000000000000000e+00
0.000000000000000000e+00
0.000000000000000000e+00
0.000000000000000000e+00
9.450000000000000000e+01
5.809999847412109375e+01
0.000000000000000000e+00
0.000000000000000000e+00
0.000000000000000000e+00
0.000000000000000000e+00
9.450000000000000000e+01
3.639999771118164062e+01
0.000000000000000000e+00
0.000000000000000000e+00
0.000000000000000000e+00
0.000000000000000000e+00
9.450000000000000000e+01
1.239000015258789062e+02
0.000000000000000000e+00
0.000000000000000000e+00
0.000000000000000000e+00
0.000000000000000000e+00
9.450000000000000000e+01
8.329999542236328125e+01
0.000000000000000000e+00
0.000000000000000000e+00
0.000000000000000000e+00
0.000000000000000000e+00
9.450000000000000000e+01
2.729999923706054688e+01
0.000000000000000000e+00
0.000000000000000000e+00
0.000000000000000000e+00
0.000000000000000000e+00
9.450000000000000000e+01
1.252999954223632812e+02
0.000000000000000000e+00
0.000000000000000000e+00
0.000000000000000000e+00
0.000000000000000000e+00
9.450000000000000000e+01
7.140000152587890625e+01
0.000000000000000000e+00
0.000000000000000000e+00
0.000000000000000000e+00
0.000000000000000000e+00
9.450000000000000000e+01
3.779999923706054688e+01
0.000000000000000000e+00
0.000000000000000000e+00
0.000000000000000000e+00
0.000000000000000000e+00
9.450000000000000000e+01
1.169000015258789062e+02
0.000000000000000000e+00
0.000000000000000000e+00
0.000000000000000000e+00
0.000000000000000000e+00
9.450000000000000000e+01
7.140000152587890625e+01
0.000000000000000000e+00
0.000000000000000000e+00
0.000000000000000000e+00
0.000000000000000000e+00
9.450000000000000000e+01
3.639999771118164062e+01
0.000000000000000000e+00
0.000000000000000000e+00
0.000000000000000000e+00
0.000000000000000000e+00
9.450000000000000000e+01
1.365000000000000000e+02
0.000000000000000000e+00
0.000000000000000000e+00
0.000000000000000000e+00
0.000000000000000000e+00
9.450000000000000000e+01
5.109999847412109375e+01
0.000000000000000000e+00
0.000000000000000000e+00
0.000000000000000000e+00
0.000000000000000000e+00
9.450000000000000000e+01
3.709999847412109375e+01
0.000000000000000000e+00
0.000000000000000000e+00
0.000000000000000000e+00
0.000000000000000000e+00
9.450000000000000000e+01
1.266999969482421875e+02
0.000000000000000000e+00
0.000000000000000000e+00
0.000000000000000000e+00
0.000000000000000000e+00
9.450000000000000000e+01
7.419999694824218750e+01
0.000000000000000000e+00
0.000000000000000000e+00
0.000000000000000000e+00
0.000000000000000000e+00
9.450000000000000000e+01
2.869999885559082031e+01
0.000000000000000000e+00
0.000000000000000000e+00
0.000000000000000000e+00
0.000000000000000000e+00
9.450000000000000000e+01
1.217999954223632812e+02
0.000000000000000000e+00
0.000000000000000000e+00
0.000000000000000000e+00
0.000000000000000000e+00
9.450000000000000000e+01
6.650000000000000000e+01
0.000000000000000000e+00
0.000000000000000000e+00
0.000000000000000000e+00
0.000000000000000000e+00
9.450000000000000000e+01
4.689999771118164062e+01
0.000000000000000000e+00
0.000000000000000000e+00
0.000000000000000000e+00
0.000000000000000000e+00
9.450000000000000000e+01
1.147999954223632812e+02
0.000000000000000000e+00
0.000000000000000000e+00
1.620000076293945312e+01
1.889999961853027344e+01
7.890000152587890625e+01
4.550000000000000000e+01
0.000000000000000000e+00
0.000000000000000000e+00
1.620000076293945312e+01
1.330000019073486328e+01
7.020000457763671875e+01
3.989999771118164062e+01
0.000000000000000000e+00
0.000000000000000000e+00
1.620000076293945312e+01
7.000000000000000000e+00
6.690000152587890625e+01
6.089999771118164062e+01
0.000000000000000000e+00
0.000000000000000000e+00
1.620000076293945312e+01
1.400000000000000000e+01
6.150000381469726562e+01
4.759999847412109375e+01
0.000000000000000000e+00
0.000000000000000000e+00
1.620000076293945312e+01
1.400000000000000000e+01
5.700000381469726562e+01
3.779999923706054688e+01
0.000000000000000000e+00
0.000000000000000000e+00
5.700000286102294922e+00
3.500000000000000000e+00
2.610000038146972656e+01
1.679999923706054688e+01
0.000000000000000000e+00
0.000000000000000000e+00
0.000000000000000000e+00
6.900000095367431641e+00
7.300000190734863281e+00
1.210000038146972656e+01
7.000000000000000000e+00
2.400000095367431641e+00
7.100000381469726562e+00
4.800000190734863281e+00
5.800000190734863281e+00
1.130000019073486328e+01
8.599999427795410156e+00
5.700000286102294922e+00
5.600000381469726562e+00
9.400000572204589844e+00
4.500000000000000000e+00
1.380000019073486328e+01
1.189999961853027344e+01
6.000000000000000000e+00
7.300000190734863281e+00
1.110000038146972656e+01
8.699999809265136719e+00
1.380000019073486328e+01
8.399999618530273438e+00
6.000000000000000000e+00
9.399999618530273438e+00
1.220000076293945312e+01
7.000000000000000000e+00
1.500000095367431641e+01
1.119999980926513672e+01
6.000000000000000000e+00
5.900000095367431641e+00
8.000000000000000000e+00
2.399999856948852539e+00
6.300000190734863281e+00
6.000000000000000000e+00
6.000000238418579102e-01
6.999999880790710449e-01
2.010000038146972656e+01
9.800000190734863281e+00
5.700000286102294922e+00
4.900000095367431641e+00
3.000000119209289551e-01
0.000000000000000000e+00
1.950000000000000000e+01
1.259999942779541016e+01
5.100000381469726562e+00
2.799999952316284180e+00
0.000000000000000000e+00
0.000000000000000000e+00
0.000000000000000000e+00
0.000000000000000000e+00
0.000000000000000000e+00
0.000000000000000000e+00
0.000000000000000000e+00
0.000000000000000000e+00
0.000000000000000000e+00
0.000000000000000000e+00
0.000000000000000000e+00
0.000000000000000000e+00
0.000000000000000000e+00
0.000000000000000000e+00
0.000000000000000000e+00
0.000000000000000000e+00
0.000000000000000000e+00
0.000000000000000000e+00
0.000000000000000000e+00
0.000000000000000000e+00
0.000000000000000000e+00
0.000000000000000000e+00
0.000000000000000000e+00
0.000000000000000000e+00
0.000000000000000000e+00
0.000000000000000000e+00
0.000000000000000000e+00
0.000000000000000000e+00
0.000000000000000000e+00
0.000000000000000000e+00
0.000000000000000000e+00
0.000000000000000000e+00
0.000000000000000000e+00
0.000000000000000000e+00
0.000000000000000000e+00
0.000000000000000000e+00
0.000000000000000000e+00
0.000000000000000000e+00
0.000000000000000000e+00
0.000000000000000000e+00
0.000000000000000000e+00
0.000000000000000000e+00
0.000000000000000000e+00
0.000000000000000000e+00
0.000000000000000000e+00
2.400000000000000000e+01
0.000000000000000000e+00
0.000000000000000000e+00
0.000000000000000000e+00
0.000000000000000000e+00
0.000000000000000000e+00
2.550000190734863281e+01
9.099999427795410156e+00
0.000000000000000000e+00
0.000000000000000000e+00
3.000000119209289551e-01
0.000000000000000000e+00
2.610000038146972656e+01
2.169999885559082031e+01
0.000000000000000000e+00
0.000000000000000000e+00
3.000000119209289551e-01
0.000000000000000000e+00
2.610000038146972656e+01
2.169999885559082031e+01
0.000000000000000000e+00
0.000000000000000000e+00
6.000000238418579102e-01
6.999999880790710449e-01
2.700000190734863281e+01
1.330000019073486328e+01
0.000000000000000000e+00
0.000000000000000000e+00
6.000000238418579102e-01
6.999999880790710449e-01
2.760000038146972656e+01
1.960000038146972656e+01
0.000000000000000000e+00
0.000000000000000000e+00
6.000000238418579102e-01
0.000000000000000000e+00
2.790000152587890625e+01
2.310000038146972656e+01
0.000000000000000000e+00
0.000000000000000000e+00
6.000000238418579102e-01
6.999999880790710449e-01
2.880000114440917969e+01
1.679999923706054688e+01
0.000000000000000000e+00
0.000000000000000000e+00
3.000000119209289551e-01
0.000000000000000000e+00
0.000000000000000000e+00
2.760000038146972656e+01
2.100000000000000000e+01
0.000000000000000000e+00
0.000000000000000000e+00
0.000000000000000000e+00
0.000000000000000000e+00
0.000000000000000000e+00
0.000000000000000000e+00
0.000000000000000000e+00
0.000000000000000000e+00
0.000000000000000000e+00
0.000000000000000000e+00
0.000000000000000000e+00
0.000000000000000000e+00
0.000000000000000000e+00
0.000000000000000000e+00
0.000000000000000000e+00
0.000000000000000000e+00
0.000000000000000000e+00
0.000000000000000000e+00
0.000000000000000000e+00
0.000000000000000000e+00
0.000000000000000000e+00
0.000000000000000000e+00
0.000000000000000000e+00
0.000000000000000000e+00
0.000000000000000000e+00
0.000000000000000000e+00
0.000000000000000000e+00
0.000000000000000000e+00
0.000000000000000000e+00
0.000000000000000000e+00
0.000000000000000000e+00
0.000000000000000000e+00
0.000000000000000000e+00
0.000000000000000000e+00
0.000000000000000000e+00
2.790000152587890625e+01
0.000000000000000000e+00
0.000000000000000000e+00
0.000000000000000000e+00
0.000000000000000000e+00
0.000000000000000000e+00
2.730000114440917969e+01
1.750000000000000000e+01
0.000000000000000000e+00
0.000000000000000000e+00
0.000000000000000000e+00
3.000000119209289551e-01
2.830000114440917969e+01
2.450000000000000000e+01
0.000000000000000000e+00
0.000000000000000000e+00
0.000000000000000000e+00
3.000000119209289551e-01
2.760000038146972656e+01
1.539999961853027344e+01
0.000000000000000000e+00
0.000000000000000000e+00
3.000000119209289551e-01
0.000000000000000000e+00
2.790000152587890625e+01
1.610000038146972656e+01
0.000000000000000000e+00
0.000000000000000000e+00
6.000000238418579102e-01
0.000000000000000000e+00
2.790000152587890625e+01
2.450000000000000000e+01
0.000000000000000000e+00
0.000000000000000000e+00
6.000000238418579102e-01
6.999999880790710449e-01
1.092000045776367188e+02
4.970000076293945312e+01
0.000000000000000000e+00
0.000000000000000000e+00
6.000000238418579102e-01
6.999999880790710449e-01
1.077000045776367188e+02
9.590000152587890625e+01
0.000000000000000000e+00
0.000000000000000000e+00
6.000000238418579102e-01
0.000000000000000000e+00
1.074000015258789062e+02
1.035999984741210938e+02
0.000000000000000000e+00
0.000000000000000000e+00
6.000000238418579102e-01
0.000000000000000000e+00
1.005000076293945312e+02
5.179999923706054688e+01
0.000000000000000000e+00
0.000000000000000000e+00
0.000000000000000000e+00
6.000000238418579102e-01
6.999999880790710449e-01
7.800000190734863281e+00
7.699999809265136719e+00
0.000000000000000000e+00
0.000000000000000000e+00
0.000000000000000000e+00
0.000000000000000000e+00
0.000000000000000000e+00
0.000000000000000000e+00
0.000000000000000000e+00
0.000000000000000000e+00
0.000000000000000000e+00
0.000000000000000000e+00
0.000000000000000000e+00
0.000000000000000000e+00
0.000000000000000000e+00
0.000000000000000000e+00
0.000000000000000000e+00
0.000000000000000000e+00
0.000000000000000000e+00
0.000000000000000000e+00
0.000000000000000000e+00
0.000000000000000000e+00
0.000000000000000000e+00
0.000000000000000000e+00
0.000000000000000000e+00
0.000000000000000000e+00
0.000000000000000000e+00
0.000000000000000000e+00
0.000000000000000000e+00
0.000000000000000000e+00
0.000000000000000000e+00
0.000000000000000000e+00
0.000000000000000000e+00
2.040000152587890625e+01
2.099999904632568359e+00
0.000000000000000000e+00
0.000000000000000000e+00
0.000000000000000000e+00
0.000000000000000000e+00
2.160000038146972656e+01
9.800000190734863281e+00
0.000000000000000000e+00
0.000000000000000000e+00
0.000000000000000000e+00
4.500000000000000000e+00
1.150000000000000000e+01
4.900000095367431641e+00
9.000000357627868652e-01
7.200000286102294922e+00
1.399999976158142090e+00
9.600000381469726562e+00
4.799999713897705078e+00
6.300000190734863281e+00
6.500000000000000000e+00
1.440000057220458984e+01
5.599999904632568359e+00
9.900000572204589844e+00
1.040000057220458984e+01
5.500000000000000000e+00
7.000000000000000000e+00
1.640000152587890625e+01
9.800000190734863281e+00
1.020000076293945312e+01
1.150000000000000000e+01
5.100000381469726562e+00
5.199999809265136719e+00
1.420000076293945312e+01
6.299999713897705078e+00
1.080000019073486328e+01
4.199999809265136719e+00
5.400000095367431641e+00
6.199999809265136719e+00
1.200000000000000000e+01
1.259999942779541016e+01
1.080000019073486328e+01
5.599999904632568359e+00
5.700000286102294922e+00
5.900000095367431641e+00
1.520000076293945312e+01
7.699999809265136719e+00
1.110000038146972656e+01
6.299999713897705078e+00
6.000000000000000000e+00
5.900000095367431641e+00
1.050000000000000000e+01
8.399999618530273438e+00
1.140000057220458984e+01
5.599999904632568359e+00
3.300000190734863281e+00
5.199999809265136719e+00
1.260000038146972656e+01
4.900000095367431641e+00
1.110000038146972656e+01
9.800000190734863281e+00
3.000000000000000000e+00
1.399999976158142090e+00
5.400000095367431641e+00
4.199999809265136719e+00
3.300000190734863281e+00
1.399999976158142090e+00
9.000000357627868652e-01
1.399999976158142090e+00
2.400000095367431641e+00
1.399999976158142090e+00
1.800000071525573730e+00
0.000000000000000000e+00
0.000000000000000000e+00
0.000000000000000000e+00
0.000000000000000000e+00
0.000000000000000000e+00
0.000000000000000000e+00
0.000000000000000000e+00
0.000000000000000000e+00
0.000000000000000000e+00
0.000000000000000000e+00
0.000000000000000000e+00
0.000000000000000000e+00
0.000000000000000000e+00
0.000000000000000000e+00
0.000000000000000000e+00
0.000000000000000000e+00
0.000000000000000000e+00
0.000000000000000000e+00
0.000000000000000000e+00
0.000000000000000000e+00
0.000000000000000000e+00
0.000000000000000000e+00
0.000000000000000000e+00
0.000000000000000000e+00
1.140000057220458984e+01
0.000000000000000000e+00
0.000000000000000000e+00
1.200000047683715820e+00
6.900000095367431641e+00
6.999999880790710449e-01
1.230000019073486328e+01
8.399999618530273438e+00
9.000000357627868652e-01
4.800000190734863281e+00
7.400000095367431641e+00
4.099999904632568359e+00
1.410000038146972656e+01
9.099999427795410156e+00
9.000000357627868652e-01
6.200000286102294922e+00
7.400000095367431641e+00
5.200000286102294922e+00
1.440000057220458984e+01
9.099999427795410156e+00
6.000000238418579102e-01
6.099999904632568359e+00
1.030000019073486328e+01
6.400000095367431641e+00
1.570000076293945312e+01
7.000000000000000000e+00
3.000000119209289551e-01
6.000000000000000000e+00
8.300000190734863281e+00
3.599999904632568359e+00
1.690000152587890625e+01
9.800000190734863281e+00
3.000000119209289551e-01
6.000000000000000000e+00
1.039999961853027344e+01
5.099999904632568359e+00
1.690000152587890625e+01
1.119999980926513672e+01
3.000000119209289551e-01
6.600000381469726562e+00
9.199999809265136719e+00
5.300000190734863281e+00
1.920000076293945312e+01
1.119999980926513672e+01
3.000000119209289551e-01
6.300000190734863281e+00
3.000000000000000000e+00
5.400000095367431641e+00
1.100000000000000000e+01
8.699999809265136719e+00
4.200000286102294922e+00
9.699999809265136719e+00
2.799999952316284180e+00
6.300000190734863281e+00
8.899999618530273438e+00
5.399999618530273438e+00
1.700000047683715820e+00
1.200000047683715820e+00
6.999999880790710449e-01
1.800000071525573730e+00
0.000000000000000000e+00
0.000000000000000000e+00
0.000000000000000000e+00
0.000000000000000000e+00
0.000000000000000000e+00
0.000000000000000000e+00
0.000000000000000000e+00
0.000000000000000000e+00
0.000000000000000000e+00
0.000000000000000000e+00
0.000000000000000000e+00
0.000000000000000000e+00
0.000000000000000000e+00
0.000000000000000000e+00
0.000000000000000000e+00
0.000000000000000000e+00
0.000000000000000000e+00
0.000000000000000000e+00
0.000000000000000000e+00
0.000000000000000000e+00
0.000000000000000000e+00
0.000000000000000000e+00
0.000000000000000000e+00
0.000000000000000000e+00
0.000000000000000000e+00
0.000000000000000000e+00
0.000000000000000000e+00
0.000000000000000000e+00
0.000000000000000000e+00
0.000000000000000000e+00
0.000000000000000000e+00
0.000000000000000000e+00
0.000000000000000000e+00
0.000000000000000000e+00
2.400000000000000000e+01
0.000000000000000000e+00
8.820000457763671875e+01
2.100000000000000000e+01
0.000000000000000000e+00
0.000000000000000000e+00
2.400000000000000000e+01
1.819999885559082031e+01
6.540000152587890625e+01
6.719999694824218750e+01
0.000000000000000000e+00
0.000000000000000000e+00
2.400000000000000000e+01
2.239999961853027344e+01
5.190000152587890625e+01
6.790000152587890625e+01
0.000000000000000000e+00
0.000000000000000000e+00
2.400000000000000000e+01
1.539999961853027344e+01
4.500000000000000000e+01
2.310000038146972656e+01
0.000000000000000000e+00
0.000000000000000000e+00
2.400000000000000000e+01
7.000000000000000000e+00
4.110000228881835938e+01
2.379999923706054688e+01
0.000000000000000000e+00
0.000000000000000000e+00
2.400000000000000000e+01
1.119999980926513672e+01
3.540000152587890625e+01
2.939999961853027344e+01
0.000000000000000000e+00
0.000000000000000000e+00
2.400000000000000000e+01
2.029999923706054688e+01
3.300000000000000000e+01
2.310000038146972656e+01
0.000000000000000000e+00
0.000000000000000000e+00
2.400000000000000000e+01
1.539999961853027344e+01
2.970000076293945312e+01
2.519999885559082031e+01
0.000000000000000000e+00
0.000000000000000000e+00
2.400000000000000000e+01
1.050000000000000000e+01
2.790000152587890625e+01
2.239999961853027344e+01
0.000000000000000000e+00
0.000000000000000000e+00
2.400000000000000000e+01
1.400000000000000000e+01
2.550000190734863281e+01
1.819999885559082031e+01
0.000000000000000000e+00
0.000000000000000000e+00
2.400000000000000000e+01
1.960000038146972656e+01
2.370000076293945312e+01
2.450000000000000000e+01
0.000000000000000000e+00
0.000000000000000000e+00
2.430000114440917969e+01
1.119999980926513672e+01
2.280000114440917969e+01
1.259999942779541016e+01
0.000000000000000000e+00
0.000000000000000000e+00
2.430000114440917969e+01
9.800000190734863281e+00
2.220000076293945312e+01
1.259999942779541016e+01
0.000000000000000000e+00
0.000000000000000000e+00
2.430000114440917969e+01
1.469999980926513672e+01
2.160000038146972656e+01
1.889999961853027344e+01
0.000000000000000000e+00
0.000000000000000000e+00
2.430000114440917969e+01
2.169999885559082031e+01
2.010000038146972656e+01
2.239999961853027344e+01
0.000000000000000000e+00
0.000000000000000000e+00
2.430000114440917969e+01
1.750000000000000000e+01
1.860000038146972656e+01
4.900000095367431641e+00
0.000000000000000000e+00
0.000000000000000000e+00
2.520000076293945312e+01
9.800000190734863281e+00
1.830000114440917969e+01
1.330000019073486328e+01
0.000000000000000000e+00
0.000000000000000000e+00
2.520000076293945312e+01
1.330000019073486328e+01
1.770000076293945312e+01
1.400000000000000000e+01
0.000000000000000000e+00
0.000000000000000000e+00
2.520000076293945312e+01
2.239999961853027344e+01
1.650000000000000000e+01
1.330000019073486328e+01
0.000000000000000000e+00
3.000000119209289551e-01
2.550000190734863281e+01
1.610000038146972656e+01
1.530000019073486328e+01
1.400000000000000000e+01
0.000000000000000000e+00
3.000000119209289551e-01
2.680000114440917969e+01
1.050000000000000000e+01
1.500000095367431641e+01
7.699999809265136719e+00
0.000000000000000000e+00
3.000000119209289551e-01
2.640000152587890625e+01
1.679999923706054688e+01
1.500000095367431641e+01
1.189999961853027344e+01
0.000000000000000000e+00
3.000000119209289551e-01
2.640000152587890625e+01
2.169999885559082031e+01
1.440000057220458984e+01
9.800000190734863281e+00
0.000000000000000000e+00
3.000000119209289551e-01
2.640000152587890625e+01
1.679999923706054688e+01
1.440000057220458984e+01
1.259999942779541016e+01
0.000000000000000000e+00
3.000000119209289551e-01
2.640000152587890625e+01
9.800000190734863281e+00
1.380000019073486328e+01
7.699999809265136719e+00
0.000000000000000000e+00
6.000000238418579102e-01
2.740000152587890625e+01
1.889999961853027344e+01
1.290000057220458984e+01
1.189999961853027344e+01
0.000000000000000000e+00
6.000000238418579102e-01
2.760000038146972656e+01
2.029999923706054688e+01
1.230000019073486328e+01
1.050000000000000000e+01
0.000000000000000000e+00
6.000000238418579102e-01
2.820000076293945312e+01
2.029999923706054688e+01
1.230000019073486328e+01
4.900000095367431641e+00
0.000000000000000000e+00
6.000000238418579102e-01
2.890000152587890625e+01
1.750000000000000000e+01
1.230000019073486328e+01
5.599999904632568359e+00
0.000000000000000000e+00
6.000000238418579102e-01
2.820000076293945312e+01
1.469999980926513672e+01
1.200000000000000000e+01
9.099999427795410156e+00
0.000000000000000000e+00
9.000000357627868652e-01
2.890000152587890625e+01
2.379999923706054688e+01
1.200000000000000000e+01
1.330000019073486328e+01
0.000000000000000000e+00
9.000000357627868652e-01
2.820000076293945312e+01
1.889999961853027344e+01
1.080000019073486328e+01
1.119999980926513672e+01
0.000000000000000000e+00
1.800000071525573730e+00
2.890000152587890625e+01
1.330000019073486328e+01
1.050000000000000000e+01
9.800000190734863281e+00
0.000000000000000000e+00
1.800000071525573730e+00
2.990000152587890625e+01
1.889999961853027344e+01
9.900000572204589844e+00
7.000000000000000000e+00
0.000000000000000000e+00
1.800000071525573730e+00
2.760000038146972656e+01
1.469999980926513672e+01
9.900000572204589844e+00
6.299999713897705078e+00
0.000000000000000000e+00
1.800000071525573730e+00
3.030000114440917969e+01
1.679999923706054688e+01
9.900000572204589844e+00
6.299999713897705078e+00
0.000000000000000000e+00
1.800000071525573730e+00
2.890000152587890625e+01
1.679999923706054688e+01
9.000000000000000000e+00
5.599999904632568359e+00
3.000000119209289551e-01
2.100000143051147461e+00
2.960000038146972656e+01
1.819999885559082031e+01
8.700000762939453125e+00
9.800000190734863281e+00
3.000000119209289551e-01
2.400000095367431641e+00
2.890000152587890625e+01
2.100000000000000000e+01
8.700000762939453125e+00
7.000000000000000000e+00
3.000000119209289551e-01
3.100000143051147461e+00
3.010000038146972656e+01
1.819999885559082031e+01
8.700000762939453125e+00
4.199999809265136719e+00
3.000000119209289551e-01
2.400000095367431641e+00
2.870000076293945312e+01
1.469999980926513672e+01
8.400000572204589844e+00
3.500000000000000000e+00
3.000000119209289551e-01
2.700000047683715820e+00
2.770000267028808594e+01
1.469999980926513672e+01
7.200000286102294922e+00
7.699999809265136719e+00
3.000000119209289551e-01
3.600000143051147461e+00
5.030000305175781250e+01
2.939999961853027344e+01
5.100000381469726562e+00
2.099999904632568359e+00
3.000000119209289551e-01
4.200000286102294922e+00
2.099999904632568359e+00
2.310000038146972656e+01
1.889999961853027344e+01
0.000000000000000000e+00
0.000000000000000000e+00
0.000000000000000000e+00
0.000000000000000000e+00
0.000000000000000000e+00
0.000000000000000000e+00
0.000000000000000000e+00
0.000000000000000000e+00
0.000000000000000000e+00
0.000000000000000000e+00
0.000000000000000000e+00
0.000000000000000000e+00
0.000000000000000000e+00
0.000000000000000000e+00
0.000000000000000000e+00
0.000000000000000000e+00
0.000000000000000000e+00
0.000000000000000000e+00
0.000000000000000000e+00
0.000000000000000000e+00
0.000000000000000000e+00
0.000000000000000000e+00
0.000000000000000000e+00
0.000000000000000000e+00
0.000000000000000000e+00
0.000000000000000000e+00
0.000000000000000000e+00
0.000000000000000000e+00
0.000000000000000000e+00
0.000000000000000000e+00
0.000000000000000000e+00
0.000000000000000000e+00
0.000000000000000000e+00
2.760000038146972656e+01
1.399999976158142090e+00
0.000000000000000000e+00
0.000000000000000000e+00
0.000000000000000000e+00
0.000000000000000000e+00
2.580000114440917969e+01
9.800000190734863281e+00
0.000000000000000000e+00
0.000000000000000000e+00
0.000000000000000000e+00
0.000000000000000000e+00
2.580000114440917969e+01
2.239999961853027344e+01
0.000000000000000000e+00
0.000000000000000000e+00
0.000000000000000000e+00
0.000000000000000000e+00
2.610000038146972656e+01
2.100000000000000000e+01
0.000000000000000000e+00
0.000000000000000000e+00
0.000000000000000000e+00
0.000000000000000000e+00
2.700000190734863281e+01
2.100000000000000000e+01
0.000000000000000000e+00
0.000000000000000000e+00
3.000000119209289551e-01
0.000000000000000000e+00
2.820000076293945312e+01
1.469999980926513672e+01
0.000000000000000000e+00
0.000000000000000000e+00
3.000000119209289551e-01
1.800000071525573730e+00
2.500000190734863281e+01
1.119999980926513672e+01
0.000000000000000000e+00
3.000000119209289551e-01
1.200000047683715820e+00
2.700000047683715820e+00
2.370000076293945312e+01
2.029999923706054688e+01
0.000000000000000000e+00
3.000000119209289551e-01
1.500000000000000000e+00
2.700000047683715820e+00
2.200000000000000000e+01
8.399999618530273438e+00
0.000000000000000000e+00
0.000000000000000000e+00
0.000000000000000000e+00
6.300000190734863281e+00
7.700000286102294922e+00
8.500000000000000000e+00
4.900000095367431641e+00
0.000000000000000000e+00
0.000000000000000000e+00
0.000000000000000000e+00
0.000000000000000000e+00
0.000000000000000000e+00
0.000000000000000000e+00
0.000000000000000000e+00
0.000000000000000000e+00
0.000000000000000000e+00
0.000000000000000000e+00
0.000000000000000000e+00
0.000000000000000000e+00
0.000000000000000000e+00
0.000000000000000000e+00
0.000000000000000000e+00
0.000000000000000000e+00
0.000000000000000000e+00
0.000000000000000000e+00
0.000000000000000000e+00
0.000000000000000000e+00
0.000000000000000000e+00
0.000000000000000000e+00
0.000000000000000000e+00
0.000000000000000000e+00
0.000000000000000000e+00
0.000000000000000000e+00
0.000000000000000000e+00
0.000000000000000000e+00
0.000000000000000000e+00
0.000000000000000000e+00
0.000000000000000000e+00
0.000000000000000000e+00
0.000000000000000000e+00
0.000000000000000000e+00
0.000000000000000000e+00
0.000000000000000000e+00
0.000000000000000000e+00
0.000000000000000000e+00
0.000000000000000000e+00
0.000000000000000000e+00
0.000000000000000000e+00
0.000000000000000000e+00
0.000000000000000000e+00
0.000000000000000000e+00
0.000000000000000000e+00
0.000000000000000000e+00
0.000000000000000000e+00
0.000000000000000000e+00
0.000000000000000000e+00
0.000000000000000000e+00
0.000000000000000000e+00
0.000000000000000000e+00
0.000000000000000000e+00
0.000000000000000000e+00
0.000000000000000000e+00
0.000000000000000000e+00
0.000000000000000000e+00
1.890000152587890625e+01
0.000000000000000000e+00
0.000000000000000000e+00
3.000000119209289551e-01
4.500000000000000000e+00
0.000000000000000000e+00
2.190000152587890625e+01
1.399999976158142090e+00
0.000000000000000000e+00
3.000000119209289551e-01
6.300000190734863281e+00
0.000000000000000000e+00
2.310000038146972656e+01
1.400000000000000000e+01
0.000000000000000000e+00
3.000000119209289551e-01
7.000000000000000000e+00
2.099999904632568359e+00
2.340000152587890625e+01
2.239999961853027344e+01
0.000000000000000000e+00
3.000000119209289551e-01
6.300000190734863281e+00
2.799999952316284180e+00
2.340000152587890625e+01
1.960000038146972656e+01
0.000000000000000000e+00
0.000000000000000000e+00
0.000000000000000000e+00
6.600000381469726562e+00
1.319999980926513672e+01
5.900000095367431641e+00
5.500000000000000000e+00
3.500000000000000000e+00
0.000000000000000000e+00
8.700000762939453125e+00
4.199999809265136719e+00
1.500000000000000000e+00
2.099999904632568359e+00
5.400000095367431641e+00
2.799999952316284180e+00
8.100000381469726562e+00
5.599999904632568359e+00
1.200000047683715820e+00
6.999999880790710449e-01
1.200000047683715820e+00
6.999999880790710449e-01
3.300000190734863281e+00
2.099999904632568359e+00
3.000000119209289551e-01
0.000000000000000000e+00
0.000000000000000000e+00
0.000000000000000000e+00
0.000000000000000000e+00
0.000000000000000000e+00
0.000000000000000000e+00
0.000000000000000000e+00
0.000000000000000000e+00
0.000000000000000000e+00
0.000000000000000000e+00
0.000000000000000000e+00
0.000000000000000000e+00
0.000000000000000000e+00
0.000000000000000000e+00
0.000000000000000000e+00
0.000000000000000000e+00
0.000000000000000000e+00
0.000000000000000000e+00
0.000000000000000000e+00
0.000000000000000000e+00
0.000000000000000000e+00
0.000000000000000000e+00
0.000000000000000000e+00
0.000000000000000000e+00
0.000000000000000000e+00
0.000000000000000000e+00
1.260000038146972656e+01
0.000000000000000000e+00
0.000000000000000000e+00
0.000000000000000000e+00
6.000000238418579102e-01
0.000000000000000000e+00
1.650000000000000000e+01
3.500000000000000000e+00
0.000000000000000000e+00
6.000000238418579102e-01
3.000000000000000000e+00
0.000000000000000000e+00
1.980000114440917969e+01
1.050000000000000000e+01
0.000000000000000000e+00
6.000000238418579102e-01
4.000000000000000000e+00
2.200000047683715820e+00
8.700000000000000000e+01
3.639999771118164062e+01
0.000000000000000000e+00
6.000000238418579102e-01
4.000000000000000000e+00
2.799999952316284180e+00
8.700000000000000000e+01
5.600000000000000000e+01
0.000000000000000000e+00
6.000000238418579102e-01
3.300000190734863281e+00
3.500000000000000000e+00
8.640000152587890625e+01
8.750000000000000000e+01
0.000000000000000000e+00
6.000000238418579102e-01
3.300000190734863281e+00
2.799999952316284180e+00
8.610000610351562500e+01
4.550000000000000000e+01
0.000000000000000000e+00
6.000000238418579102e-01
4.000000000000000000e+00
2.099999904632568359e+00
8.550000000000000000e+01
7.209999847412109375e+01
0.000000000000000000e+00
6.000000238418579102e-01
4.000000000000000000e+00
1.399999976158142090e+00
7.800000000000000000e+01
6.300000000000000000e+01
0.000000000000000000e+00
6.000000238418579102e-01
3.300000190734863281e+00
4.199999809265136719e+00
7.770000457763671875e+01
5.179999923706054688e+01
0.000000000000000000e+00
0.000000000000000000e+00
0.000000000000000000e+00
0.000000000000000000e+00
0.000000000000000000e+00
8.100000000000000000e+01
4.620000076293945312e+01
0.000000000000000000e+00
0.000000000000000000e+00
0.000000000000000000e+00
0.000000000000000000e+00
0.000000000000000000e+00
0.000000000000000000e+00
0.000000000000000000e+00
0.000000000000000000e+00
0.000000000000000000e+00
0.000000000000000000e+00
0.000000000000000000e+00
0.000000000000000000e+00
0.000000000000000000e+00
0.000000000000000000e+00
0.000000000000000000e+00
0.000000000000000000e+00
0.000000000000000000e+00
0.000000000000000000e+00
0.000000000000000000e+00
0.000000000000000000e+00
0.000000000000000000e+00
0.000000000000000000e+00
0.000000000000000000e+00
0.000000000000000000e+00
0.000000000000000000e+00
0.000000000000000000e+00
0.000000000000000000e+00
0.000000000000000000e+00
0.000000000000000000e+00
0.000000000000000000e+00
0.000000000000000000e+00
0.000000000000000000e+00
0.000000000000000000e+00
0.000000000000000000e+00
0.000000000000000000e+00
8.100000000000000000e+01
1.469999980926513672e+01
0.000000000000000000e+00
0.000000000000000000e+00
0.000000000000000000e+00
0.000000000000000000e+00
8.100000000000000000e+01
7.419999694824218750e+01
0.000000000000000000e+00
0.000000000000000000e+00
0.000000000000000000e+00
0.000000000000000000e+00
8.100000000000000000e+01
8.259999847412109375e+01
0.000000000000000000e+00
0.000000000000000000e+00
0.000000000000000000e+00
0.000000000000000000e+00
8.100000000000000000e+01
4.059999847412109375e+01
0.000000000000000000e+00
0.000000000000000000e+00
0.000000000000000000e+00
0.000000000000000000e+00
8.100000000000000000e+01
5.179999923706054688e+01
0.000000000000000000e+00
0.000000000000000000e+00
0.000000000000000000e+00
0.000000000000000000e+00
8.100000000000000000e+01
6.790000152587890625e+01
0.000000000000000000e+00
0.000000000000000000e+00
0.000000000000000000e+00
0.000000000000000000e+00
8.100000000000000000e+01
5.459999847412109375e+01
0.000000000000000000e+00
0.000000000000000000e+00
0.000000000000000000e+00
0.000000000000000000e+00
8.100000000000000000e+01
5.250000000000000000e+01
0.000000000000000000e+00
0.000000000000000000e+00
0.000000000000000000e+00
0.000000000000000000e+00
7.380000305175781250e+01
4.200000000000000000e+01
0.000000000000000000e+00
0.000000000000000000e+00
0.000000000000000000e+00
0.000000000000000000e+00
0.000000000000000000e+00
7.380000305175781250e+01
6.509999847412109375e+01
0.000000000000000000e+00
0.000000000000000000e+00
0.000000000000000000e+00
0.000000000000000000e+00
0.000000000000000000e+00
0.000000000000000000e+00
0.000000000000000000e+00
0.000000000000000000e+00
0.000000000000000000e+00
0.000000000000000000e+00
0.000000000000000000e+00
0.000000000000000000e+00
0.000000000000000000e+00
0.000000000000000000e+00
0.000000000000000000e+00
0.000000000000000000e+00
0.000000000000000000e+00
0.000000000000000000e+00
0.000000000000000000e+00
0.000000000000000000e+00
0.000000000000000000e+00
0.000000000000000000e+00
0.000000000000000000e+00
0.000000000000000000e+00
0.000000000000000000e+00
0.000000000000000000e+00
0.000000000000000000e+00
0.000000000000000000e+00
0.000000000000000000e+00
0.000000000000000000e+00
0.000000000000000000e+00
0.000000000000000000e+00
0.000000000000000000e+00
0.000000000000000000e+00
0.000000000000000000e+00
7.380000305175781250e+01
1.539999961853027344e+01
0.000000000000000000e+00
0.000000000000000000e+00
0.000000000000000000e+00
0.000000000000000000e+00
7.380000305175781250e+01
4.339999771118164062e+01
0.000000000000000000e+00
0.000000000000000000e+00
0.000000000000000000e+00
0.000000000000000000e+00
7.380000305175781250e+01
4.900000000000000000e+01
0.000000000000000000e+00
0.000000000000000000e+00
0.000000000000000000e+00
0.000000000000000000e+00
7.380000305175781250e+01
7.140000152587890625e+01
0.000000000000000000e+00
0.000000000000000000e+00
0.000000000000000000e+00
0.000000000000000000e+00
7.380000305175781250e+01
5.320000076293945312e+01
0.000000000000000000e+00
0.000000000000000000e+00
0.000000000000000000e+00
0.000000000000000000e+00
7.380000305175781250e+01
5.109999847412109375e+01
0.000000000000000000e+00
0.000000000000000000e+00
0.000000000000000000e+00
0.000000000000000000e+00
7.380000305175781250e+01
3.359999847412109375e+01
0.000000000000000000e+00
0.000000000000000000e+00
0.000000000000000000e+00
0.000000000000000000e+00
7.380000305175781250e+01
5.950000000000000000e+01
0.000000000000000000e+00
0.000000000000000000e+00
0.000000000000000000e+00
0.000000000000000000e+00
7.380000305175781250e+01
4.129999923706054688e+01
0.000000000000000000e+00
0.000000000000000000e+00
0.000000000000000000e+00
0.000000000000000000e+00
7.380000305175781250e+01
5.389999771118164062e+01
0.000000000000000000e+00
0.000000000000000000e+00
0.000000000000000000e+00
0.000000000000000000e+00
7.380000305175781250e+01
4.900000000000000000e+01
0.000000000000000000e+00
0.000000000000000000e+00
0.000000000000000000e+00
0.000000000000000000e+00
7.380000305175781250e+01
6.159999847412109375e+01
0.000000000000000000e+00
0.000000000000000000e+00
0.000000000000000000e+00
0.000000000000000000e+00
7.380000305175781250e+01
3.709999847412109375e+01
0.000000000000000000e+00
0.000000000000000000e+00
0.000000000000000000e+00
0.000000000000000000e+00
1.107000045776367188e+02
9.240000152587890625e+01
0.000000000000000000e+00
0.000000000000000000e+00
0.000000000000000000e+00
0.000000000000000000e+00
1.107000045776367188e+02
8.190000152587890625e+01
0.000000000000000000e+00
0.000000000000000000e+00
0.000000000000000000e+00
0.000000000000000000e+00
1.002000045776367188e+02
7.419999694824218750e+01
0.000000000000000000e+00
0.000000000000000000e+00
0.000000000000000000e+00
0.000000000000000000e+00
1.002000045776367188e+02
5.950000000000000000e+01
0.000000000000000000e+00
0.000000000000000000e+00
0.000000000000000000e+00
0.000000000000000000e+00
1.002000045776367188e+02
8.119999694824218750e+01
0.000000000000000000e+00
0.000000000000000000e+00
0.000000000000000000e+00
0.000000000000000000e+00
1.002000045776367188e+02
5.809999847412109375e+01
0.000000000000000000e+00
0.000000000000000000e+00
0.000000000000000000e+00
0.000000000000000000e+00
1.002000045776367188e+02
8.750000000000000000e+01
0.000000000000000000e+00
0.000000000000000000e+00
0.000000000000000000e+00
0.000000000000000000e+00
0.000000000000000000e+00
0.000000000000000000e+00
0.000000000000000000e+00
0.000000000000000000e+00
0.000000000000000000e+00
0.000000000000000000e+00
0.000000000000000000e+00
0.000000000000000000e+00
0.000000000000000000e+00
0.000000000000000000e+00
0.000000000000000000e+00
0.000000000000000000e+00
0.000000000000000000e+00
0.000000000000000000e+00
0.000000000000000000e+00
0.000000000000000000e+00
0.000000000000000000e+00
0.000000000000000000e+00
0.000000000000000000e+00
0.000000000000000000e+00
0.000000000000000000e+00
0.000000000000000000e+00
0.000000000000000000e+00
0.000000000000000000e+00
0.000000000000000000e+00
0.000000000000000000e+00
0.000000000000000000e+00
0.000000000000000000e+00
0.000000000000000000e+00
0.000000000000000000e+00
0.000000000000000000e+00
0.000000000000000000e+00
0.000000000000000000e+00
0.000000000000000000e+00
0.000000000000000000e+00
0.000000000000000000e+00
0.000000000000000000e+00
0.000000000000000000e+00
0.000000000000000000e+00
0.000000000000000000e+00
0.000000000000000000e+00
0.000000000000000000e+00
0.000000000000000000e+00
0.000000000000000000e+00
0.000000000000000000e+00
0.000000000000000000e+00
0.000000000000000000e+00
0.000000000000000000e+00
0.000000000000000000e+00
0.000000000000000000e+00
0.000000000000000000e+00
0.000000000000000000e+00
0.000000000000000000e+00
0.000000000000000000e+00
0.000000000000000000e+00
0.000000000000000000e+00
0.000000000000000000e+00
0.000000000000000000e+00
0.000000000000000000e+00
0.000000000000000000e+00
0.000000000000000000e+00
0.000000000000000000e+00
0.000000000000000000e+00
0.000000000000000000e+00
0.000000000000000000e+00
0.000000000000000000e+00
0.000000000000000000e+00
0.000000000000000000e+00
0.000000000000000000e+00
0.000000000000000000e+00
0.000000000000000000e+00
0.000000000000000000e+00
0.000000000000000000e+00
0.000000000000000000e+00
0.000000000000000000e+00
0.000000000000000000e+00
0.000000000000000000e+00
0.000000000000000000e+00
0.000000000000000000e+00
0.000000000000000000e+00
0.000000000000000000e+00
0.000000000000000000e+00
0.000000000000000000e+00
0.000000000000000000e+00
0.000000000000000000e+00
0.000000000000000000e+00
0.000000000000000000e+00
0.000000000000000000e+00
0.000000000000000000e+00
0.000000000000000000e+00
0.000000000000000000e+00
0.000000000000000000e+00
0.000000000000000000e+00
0.000000000000000000e+00
0.000000000000000000e+00
0.000000000000000000e+00
0.000000000000000000e+00
0.000000000000000000e+00
0.000000000000000000e+00
0.000000000000000000e+00
0.000000000000000000e+00
0.000000000000000000e+00
0.000000000000000000e+00
0.000000000000000000e+00
0.000000000000000000e+00
0.000000000000000000e+00
0.000000000000000000e+00
0.000000000000000000e+00
0.000000000000000000e+00
0.000000000000000000e+00
0.000000000000000000e+00
0.000000000000000000e+00
0.000000000000000000e+00
0.000000000000000000e+00
0.000000000000000000e+00
0.000000000000000000e+00
0.000000000000000000e+00
0.000000000000000000e+00
0.000000000000000000e+00
0.000000000000000000e+00
0.000000000000000000e+00
0.000000000000000000e+00
0.000000000000000000e+00
0.000000000000000000e+00
0.000000000000000000e+00
0.000000000000000000e+00
0.000000000000000000e+00
0.000000000000000000e+00
0.000000000000000000e+00
0.000000000000000000e+00
0.000000000000000000e+00
0.000000000000000000e+00
0.000000000000000000e+00
0.000000000000000000e+00
0.000000000000000000e+00
0.000000000000000000e+00
0.000000000000000000e+00
0.000000000000000000e+00
0.000000000000000000e+00
0.000000000000000000e+00
0.000000000000000000e+00
0.000000000000000000e+00
0.000000000000000000e+00
0.000000000000000000e+00
0.000000000000000000e+00
0.000000000000000000e+00
0.000000000000000000e+00
0.000000000000000000e+00
0.000000000000000000e+00
0.000000000000000000e+00
0.000000000000000000e+00
0.000000000000000000e+00
0.000000000000000000e+00
0.000000000000000000e+00
0.000000000000000000e+00
0.000000000000000000e+00
0.000000000000000000e+00
0.000000000000000000e+00
0.000000000000000000e+00
0.000000000000000000e+00
0.000000000000000000e+00
0.000000000000000000e+00
0.000000000000000000e+00
0.000000000000000000e+00
0.000000000000000000e+00
0.000000000000000000e+00
0.000000000000000000e+00
0.000000000000000000e+00
0.000000000000000000e+00
0.000000000000000000e+00
0.000000000000000000e+00
0.000000000000000000e+00
0.000000000000000000e+00
0.000000000000000000e+00
0.000000000000000000e+00
0.000000000000000000e+00
0.000000000000000000e+00
0.000000000000000000e+00
0.000000000000000000e+00
0.000000000000000000e+00
0.000000000000000000e+00
0.000000000000000000e+00
0.000000000000000000e+00
0.000000000000000000e+00
0.000000000000000000e+00
0.000000000000000000e+00
0.000000000000000000e+00
0.000000000000000000e+00
0.000000000000000000e+00
0.000000000000000000e+00
0.000000000000000000e+00
0.000000000000000000e+00
0.000000000000000000e+00
0.000000000000000000e+00
0.000000000000000000e+00
0.000000000000000000e+00
0.000000000000000000e+00
0.000000000000000000e+00
0.000000000000000000e+00
0.000000000000000000e+00
0.000000000000000000e+00
0.000000000000000000e+00
0.000000000000000000e+00
0.000000000000000000e+00
0.000000000000000000e+00
0.000000000000000000e+00
0.000000000000000000e+00
0.000000000000000000e+00
